0,1,2,3,4,5,6,7,8,9,10,11,12,13,14,15,16,17,18,19,20,21,22,23,24,25,26,27,28,29,30,31,32
1084,0,0,0,0,0,0,0,0,0,0,0,0,0,0,0,0,0,0,0,0,0,0,0,0,0,0,0,0,0,0,0,0
1013,62,614,475,0,0,0,0,0,0,0,0,0,0,0,0,0,0,0,0,0,0,0,0,0,0,0,0,0,0,0,0,0
1007,58,999,999,0,0,0,0,0,0,0,0,0,0,0,0,0,0,0,0,0,0,0,0,0,0,0,0,0,0,0,0,0
1038,82,1162,1162,34,67,0,0,0,0,0,0,0,0,0,0,0,0,0,0,0,0,0,0,0,0,0,0,0,0,0,0,0
791,110,958,958,24,99,0,0,0,0,0,0,0,0,0,0,0,0,0,0,0,0,0,0,0,0,0,0,0,0,0,0,0
799,97,829,829,112,112,0,0,0,0,0,0,0,0,0,0,0,0,0,0,0,0,0,0,0,0,0,0,0,0,0,0,0
1022,99,856,856,176,176,23,0,0,0,0,0,0,0,0,0,0,0,0,0,0,0,0,0,0,0,0,0,0,0,0,0,0
867,116,887,887,176,176,20,0,0,0,0,0,0,0,0,0,0,0,0,0,0,0,0,0,0,0,0,0,0,0,0,0,0
1006,96,886,886,144,144,30,0,0,0,0,0,0,0,0,0,0,0,0,0,0,0,0,0,0,0,0,0,0,0,0,0,0
1037,83,916,916,134,134,49,0,0,0,0,0,0,0,0,0,0,0,0,0,0,0,0,0,0,0,0,0,0,0,0,0,0
913,123,877,877,129,129,42,0,0,0,0,0,0,0,0,0,0,0,0,0,0,0,0,0,0,0,0,0,0,0,0,0,0
1090,1080,1080,1080,118,118,34,0,0,0,0,0,0,0,0,0,0,0,0,0,0,0,0,0,0,0,0,0,0,0,0,0,0
881,797,797,797,119,119,119,0,0,0,0,0,0,0,0,0,0,0,0,0,0,0,0,0,0,0,0,0,0,0,0,0,0
826,843,843,843,132,132,132,0,0,0,0,0,0,0,0,0,0,0,0,0,0,0,0,0,0,0,0,0,0,0,0,0,0
974,930,930,930,102,102,102,0,0,0,0,0,0,0,0,0,0,0,0,0,0,0,0,0,0,0,0,0,0,0,0,0,0
934,768,768,768,155,155,155,0,0,0,0,0,0,0,0,0,0,0,0,0,0,0,0,0,0,0,0,0,0,0,0,0,0
841,850,850,850,140,140,140,0,0,0,0,0,0,0,0,0,0,0,0,0,0,0,0,0,0,0,0,0,0,0,0,0,0
787,869,869,869,103,103,103,0,0,0,0,0,0,0,0,0,0,0,0,0,0,0,0,0,0,0,0,0,0,0,0,0,0
967,815,815,815,111,111,111,0,0,0,0,0,0,0,0,0,0,0,0,0,0,0,0,0,0,0,0,0,0,0,0,0,0
1003,824,824,824,106,106,106,0,0,0,0,0,0,0,0,0,0,0,0,0,0,0,0,0,0,0,0,0,0,0,0,0,0
801,815,815,815,126,126,126,0,0,0,0,0,0,0,0,0,0,0,0,0,0,0,0,0,0,0,0,0,0,0,0,0,0
762,967,967,967,23,23,23,0,0,0,0,0,0,0,0,0,0,0,0,0,0,0,0,0,0,0,0,0,0,0,0,0,0
713,771,771,771,27,27,27,0,0,0,0,0,0,0,0,0,0,0,0,0,0,0,0,0,0,0,0,0,0,0,0,0,0
707,944,944,944,38,38,38,0,0,0,0,0,0,0,0,0,0,0,0,0,0,0,0,0,0,0,0,0,0,0,0,0,0
749,910,910,910,47,47,47,0,0,0,0,0,0,0,0,0,0,0,0,0,0,0,0,0,0,0,0,0,0,0,0,0,0
806,415,415,415,59,59,59,0,0,0,0,0,0,0,0,0,0,0,0,0,0,0,0,0,0,0,0,0,0,0,0,0,0
816,343,343,343,49,49,49,464,0,0,0,0,0,0,0,0,0,0,0,0,0,0,0,0,0,0,0,0,0,0,0,0,0
784,358,358,358,64,64,64,519,0,0,0,0,0,0,0,0,0,0,0,0,0,0,0,0,0,0,0,0,0,0,0,0,0
832,291,291,291,104,104,104,603,0,0,0,0,0,0,0,0,0,0,0,0,0,0,0,0,0,0,0,0,0,0,0,0,0
861,289,289,289,119,119,119,710,0,0,0,0,0,0,0,0,0,0,0,0,0,0,0,0,0,0,0,0,0,0,0,0,0
761,315,315,315,119,119,119,634,43,0,0,0,0,0,0,0,0,0,0,0,0,0,0,0,0,0,0,0,0,0,0,0,0
740,268,268,268,107,107,107,539,60,0,0,0,0,0,0,0,0,0,0,0,0,0,0,0,0,0,0,0,0,0,0,0,0
744,269,269,269,121,121,121,628,78,0,0,0,0,0,0,0,0,0,0,0,0,0,0,0,0,0,0,0,0,0,0,0,0
682,264,264,264,169,169,169,553,114,0,0,0,0,0,0,0,0,0,0,0,0,0,0,0,0,0,0,0,0,0,0,0,0
532,293,293,293,159,159,159,495,85,0,0,0,0,0,0,0,0,0,0,0,0,0,0,0,0,0,0,0,0,0,0,0,0
648,274,274,274,217,217,217,434,73,0,0,0,0,0,0,0,0,0,0,0,0,0,0,0,0,0,0,0,0,0,0,0,0
501,256,256,256,254,254,254,403,125,22,0,0,0,0,0,0,0,0,0,0,0,0,0,0,0,0,0,0,0,0,0,0,0
478,195,195,195,245,245,245,362,116,39,0,0,0,0,0,0,0,0,0,0,0,0,0,0,0,0,0,0,0,0,0,0,0
534,77,77,77,199,199,199,335,120,27,0,0,0,0,0,0,0,0,0,0,0,0,0,0,0,0,0,0,0,0,0,0,0
541,78,78,78,177,177,177,287,122,52,0,0,0,0,0,0,0,0,0,0,0,0,0,0,0,0,0,0,0,0,0,0,0
550,52,52,52,189,189,189,263,133,83,0,0,0,0,0,0,0,0,0,0,0,0,0,0,0,0,0,0,0,0,0,0,0
614,174,174,174,125,125,125,237,117,81,0,0,0,0,0,0,0,0,0,0,0,0,0,0,0,0,0,0,0,0,0,0,0
568,59,59,59,152,152,152,218,81,61,0,0,0,0,0,0,0,0,0,0,0,0,0,0,0,0,0,0,0,0,0,0,0
539,85,85,85,145,145,145,243,58,84,0,0,0,0,0,0,0,0,0,0,0,0,0,0,0,0,0,0,0,0,0,0,0
571,117,117,117,146,146,146,236,60,77,0,0,0,0,0,0,0,0,0,0,0,0,0,0,0,0,0,0,0,0,0,0,0
613,98,98,98,169,169,169,216,44,41,0,0,0,0,0,0,0,0,0,0,0,0,0,0,0,0,0,0,0,0,0,0,0
571,160,160,160,343,343,343,188,51,60,0,0,0,0,0,0,0,0,0,0,0,0,0,0,0,0,0,0,0,0,0,0,0
527,208,208,208,211,211,211,181,52,69,0,0,0,0,0,0,0,0,0,0,0,0,0,0,0,0,0,0,0,0,0,0,0
478,137,137,137,363,363,363,131,45,47,0,0,0,0,0,0,0,0,0,0,0,0,0,0,0,0,0,0,0,0,0,0,0
485,83,83,83,292,292,292,101,64,34,0,0,0,0,0,0,0,0,0,0,0,0,0,0,0,0,0,0,0,0,0,0,0
450,281,281,281,289,289,289,87,42,30,0,0,0,0,0,0,0,0,0,0,0,0,0,0,0,0,0,0,0,0,0,0,0
443,179,179,179,368,368,368,91,90,44,0,0,0,0,0,0,0,0,0,0,0,0,0,0,0,0,0,0,0,0,0,0,0
463,319,319,319,201,201,201,67,75,41,0,0,0,0,0,0,0,0,0,0,0,0,0,0,0,0,0,0,0,0,0,0,0
671,252,252,252,317,317,317,92,71,20,0,0,0,0,0,0,0,0,0,0,0,0,0,0,0,0,0,0,0,0,0,0,0
567,228,228,228,223,223,223,91,67,21,0,0,0,0,0,0,0,0,0,0,0,0,0,0,0,0,0,0,0,0,0,0,0
580,208,208,208,298,298,298,73,42,21,0,0,0,0,0,0,0,0,0,0,0,0,0,0,0,0,0,0,0,0,0,0,0
556,219,219,219,173,173,173,65,52,20,34,0,0,0,0,0,0,0,0,0,0,0,0,0,0,0,0,0,0,0,0,0,0
537,273,273,273,233,233,233,73,53,273,28,0,0,0,0,0,0,0,0,0,0,0,0,0,0,0,0,0,0,0,0,0,0
507,156,156,156,109,109,109,48,22,156,22,0,0,0,0,0,0,0,0,0,0,0,0,0,0,0,0,0,0,0,0,0,0
534,116,116,116,62,62,62,47,37,116,69,20,0,0,0,0,0,0,0,0,0,0,0,0,0,0,0,0,0,0,0,0,0
506,92,92,92,275,275,275,51,35,92,63,30,25,0,0,0,0,0,0,0,0,0,0,0,0,0,0,0,0,0,0,0,0
399,46,46,46,252,252,252,27,45,46,43,33,20,0,0,0,0,0,0,0,0,0,0,0,0,0,0,0,0,0,0,0,0
565,36,36,36,268,268,268,29,498,36,45,36,30,67,55,0,0,0,0,0,0,0,0,0,0,0,0,0,0,0,0,0,0
384,44,44,44,529,529,529,30,190,44,67,26,31,40,62,0,0,0,0,0,0,0,0,0,0,0,0,0,0,0,0,0,0
494,21,21,21,223,223,223,23,413,21,86,31,20,43,54,0,0,0,0,0,0,0,0,0,0,0,0,0,0,0,0,0,0
348,20,20,20,207,207,207,22,269,20,104,37,30,57,132,0,0,0,0,0,0,0,0,0,0,0,0,0,0,0,0,0,0
545,77,77,77,204,204,204,0,287,77,75,25,29,70,205,0,0,0,0,0,0,0,0,0,0,0,0,0,0,0,0,0,0
389,115,115,115,151,151,151,0,306,115,77,0,41,60,221,0,0,0,0,0,0,0,0,0,0,0,0,0,0,0,0,0,0
450,444,444,444,173,173,173,0,444,444,117,30,30,59,304,0,0,0,0,0,0,0,0,0,0,0,0,0,0,0,0,0,0
275,425,425,425,142,142,142,23,425,425,144,39,63,79,239,0,0,0,0,0,0,0,0,0,0,0,0,0,0,0,0,0,0
378,582,582,582,582,582,582,0,582,582,106,65,54,92,348,0,0,0,0,0,0,0,0,0,0,0,0,0,0,0,0,0,0
268,706,706,706,706,706,706,28,706,706,81,44,54,77,339,0,0,0,0,0,0,0,0,0,0,0,0,0,0,0,0,0,0
194,712,712,712,712,712,712,25,712,712,69,29,81,75,391,0,0,0,0,0,0,0,0,0,0,0,0,0,0,0,0,0,0
315,643,643,643,643,643,643,41,643,643,75,20,95,72,397,0,0,0,0,0,0,0,0,0,0,0,0,0,0,0,0,0,0
285,701,701,701,701,701,701,43,701,701,81,20,114,37,391,0,0,0,0,0,0,0,0,0,0,0,0,0,0,0,0,0,0
239,806,806,806,806,806,806,30,806,806,78,26,89,49,362,0,0,0,0,0,0,0,0,0,0,0,0,0,0,0,0,0,0
253,830,830,830,830,830,830,63,830,830,76,24,78,39,347,0,0,0,0,0,0,0,0,0,0,0,0,0,0,0,0,0,0
369,779,779,779,779,779,779,73,779,779,94,0,74,33,459,0,0,0,0,0,0,0,0,0,0,0,0,0,0,0,0,0,0
372,594,594,594,594,594,594,56,594,594,43,0,79,42,243,0,0,0,0,0,0,0,0,0,0,0,0,0,0,0,0,0,0
242,648,648,648,648,648,648,54,648,648,67,648,122,32,419,0,0,0,0,0,0,0,0,0,0,0,0,0,0,0,0,0,0
225,700,700,700,700,700,700,66,700,700,31,700,138,25,253,23,0,0,0,0,0,0,0,0,0,0,0,0,0,0,0,0,0
393,529,529,529,529,529,529,61,529,529,49,529,122,33,220,39,0,0,0,0,0,0,0,0,0,0,0,0,0,0,0,0,0
497,397,397,397,397,397,397,58,397,397,52,397,144,38,388,25,0,0,0,0,0,0,0,0,0,0,0,0,0,0,0,0,0
478,382,382,382,382,382,382,72,382,382,50,382,118,25,413,24,0,0,0,0,0,0,0,0,0,0,0,0,0,0,0,0,0
561,351,351,351,351,351,351,79,351,351,23,351,76,28,335,561,0,0,0,0,0,0,0,0,0,0,0,0,0,0,0,0,0
685,685,685,685,685,685,685,70,685,685,39,685,97,35,360,685,0,0,0,0,0,0,0,0,0,0,0,0,0,0,0,0,0
30,30,30,30,30,30,30,65,30,30,58,30,71,28,376,30,117,0,0,0,0,0,0,0,0,0,0,0,0,0,0,0,0
574,574,574,574,574,574,574,78,574,574,36,574,69,66,451,574,86,0,0,0,0,0,0,0,0,0,0,0,0,0,0,0,0
591,591,591,591,591,591,591,90,591,591,42,591,98,44,390,591,125,26,0,0,0,0,0,0,0,0,0,0,0,0,0,0,0
385,385,385,385,385,385,385,76,385,385,32,385,56,61,478,385,162,93,0,0,0,0,0,0,0,0,0,0,0,0,0,0,0
414,414,414,414,414,414,414,89,414,414,24,414,80,62,458,414,121,80,0,0,0,0,0,0,0,0,0,0,0,0,0,0,0
627,627,627,627,627,627,627,72,627,627,14,627,81,46,426,627,78,85,0,0,0,0,0,0,0,0,0,0,0,0,0,0,0
446,446,446,446,446,446,446,55,446,446,91,446,91,50,284,446,96,67,0,0,0,0,0,0,0,0,0,0,0,0,0,0,0
597,597,597,597,597,597,597,57,597,597,72,597,72,41,250,597,118,69,0,0,0,0,0,0,0,0,0,0,0,0,0,0,0
373,373,373,373,373,373,373,57,373,373,87,373,87,50,239,373,90,79,0,0,0,0,0,0,0,0,0,0,0,0,0,0,0
473,473,473,473,473,473,473,64,473,473,40,473,40,46,223,473,70,61,73,0,0,0,0,0,0,0,0,0,0,0,0,0,0
318,318,318,318,318,318,318,68,318,318,96,318,96,47,372,318,71,65,107,0,0,0,0,0,0,0,0,0,0,0,0,0,0
409,409,409,409,409,409,409,63,409,409,135,409,135,42,415,409,60,87,119,0,0,0,0,0,0,0,0,0,0,0,0,0,0
210,210,210,210,210,210,210,77,210,210,121,210,121,44,404,210,81,104,99,0,0,0,0,0,0,0,0,0,0,0,0,0,0
438,438,438,438,438,438,438,60,438,438,159,438,159,42,401,438,62,72,58,0,0,0,0,0,0,0,0,0,0,0,0,0,0
191,191,191,191,191,191,191,83,191,191,158,191,158,37,375,191,42,101,41,0,0,0,0,0,0,0,0,0,0,0,0,0,0
511,511,511,511,511,511,511,60,511,511,213,511,213,39,204,511,40,103,39,0,0,0,0,0,0,0,0,0,0,0,0,0,0
434,434,434,434,434,434,434,61,434,434,263,434,263,29,176,434,59,158,22,0,0,0,0,0,0,0,0,0,0,0,0,0,0
511,511,511,511,511,511,511,70,511,511,250,511,250,29,114,511,65,158,511,0,0,0,0,0,0,0,0,0,0,0,0,0,0
425,425,425,425,425,425,425,82,425,425,246,425,246,27,116,425,53,180,425,0,0,0,0,0,0,0,0,0,0,0,0,0,0
37,37,37,37,37,37,37,43,37,37,228,37,228,27,167,37,64,194,37,21,0,0,0,0,0,0,0,0,0,0,0,0,0
251,251,251,251,251,251,251,73,251,251,243,251,243,25,227,251,43,190,251,95,0,0,0,0,0,0,0,0,0,0,0,0,0
334,334,334,334,334,334,334,84,334,334,216,334,216,28,307,334,41,150,334,49,0,0,0,0,0,0,0,0,0,0,0,0,0
117,117,117,117,117,117,117,61,117,117,242,117,242,22,331,117,23,161,117,75,0,0,0,0,0,0,0,0,0,0,0,0,0
126,126,126,126,126,126,126,62,126,126,299,126,299,24,396,126,29,173,126,33,0,0,0,0,0,0,0,0,0,0,0,0,0
30,30,30,30,30,30,30,27,30,30,265,30,265,41,356,30,0,115,30,30,0,0,0,0,0,0,0,0,0,0,0,0,0
43,43,43,43,43,43,43,21,43,43,269,43,269,58,294,43,0,120,43,43,0,0,0,0,0,0,0,0,0,0,0,0,0
82,82,82,82,82,82,82,20,82,82,304,82,304,43,204,82,0,156,82,82,0,0,0,0,0,0,0,0,0,0,0,0,0
40,40,40,40,40,40,40,41,40,40,340,40,340,46,168,40,0,123,40,40,0,0,0,0,0,0,0,0,0,0,0,0,0
41,41,41,41,41,41,41,51,41,41,337,41,337,321,179,41,0,103,41,41,0,0,0,0,0,0,0,0,0,0,0,0,0
145,145,145,145,145,145,145,0,145,145,348,145,348,221,150,145,0,130,145,145,0,0,0,0,0,0,0,0,0,0,0,0,0
86,86,86,86,86,86,86,0,86,86,222,86,222,403,157,86,0,94,86,86,0,0,0,0,0,0,0,0,0,0,0,0,0
25,25,25,25,25,25,25,0,25,25,248,25,248,343,142,25,0,123,25,25,0,0,0,0,0,0,0,0,0,0,0,0,0
24,24,24,24,24,24,24,0,24,24,184,24,184,355,170,24,0,162,24,24,0,0,0,0,0,0,0,0,0,0,0,0,0
56,56,56,56,56,56,56,0,56,56,117,56,117,227,204,56,0,91,56,56,0,0,0,0,0,0,0,0,0,0,0,0,0
39,39,39,39,39,39,39,0,39,39,92,39,92,226,166,39,0,43,39,39,0,0,0,0,0,0,0,0,0,0,0,0,0
66,66,66,66,66,66,66,0,66,66,59,66,59,162,192,66,0,53,66,66,0,0,0,0,0,0,0,0,0,0,0,0,0
28,28,28,28,28,28,28,0,28,28,38,28,38,227,119,28,0,44,28,28,0,0,0,0,0,0,0,0,0,0,0,0,0
34,34,34,34,34,34,34,0,34,34,52,34,52,104,128,34,0,48,34,34,0,0,0,0,0,0,0,0,0,0,0,0,0
20,20,20,20,20,20,20,0,20,20,35,20,35,122,132,20,0,38,20,20,0,0,0,0,0,0,0,0,0,0,0,0,0
50,50,50,50,50,50,50,0,50,50,39,50,39,71,133,50,0,50,50,50,0,0,0,0,0,0,0,0,0,0,0,0,0
65,65,65,65,65,65,65,0,65,65,65,65,65,130,189,65,0,65,65,65,0,0,0,0,0,0,0,0,0,0,0,0,0
88,88,88,88,88,88,88,0,88,88,88,88,88,150,195,88,0,88,88,88,0,0,0,0,0,0,0,0,0,0,0,0,0
97,97,97,97,97,97,97,0,97,97,97,97,97,104,181,97,0,97,97,97,29,0,0,0,0,0,0,0,0,0,0,0,0
119,119,119,119,119,119,119,0,119,119,119,119,119,64,207,119,0,119,119,119,23,0,0,0,0,0,0,0,0,0,0,0,0
133,133,133,133,133,133,133,0,133,133,133,133,133,108,177,133,0,133,133,133,69,0,0,0,0,0,0,0,0,0,0,0,0
118,118,118,118,118,118,118,0,118,118,118,118,118,63,148,118,0,118,118,118,96,0,0,0,0,0,0,0,0,0,0,0,0
112,112,112,112,112,112,112,0,112,112,112,112,112,80,98,112,0,112,112,112,61,27,0,0,0,0,0,0,0,0,0,0,0
137,137,137,137,137,137,137,0,137,137,137,137,137,85,161,137,0,137,137,137,98,116,0,0,0,0,0,0,0,0,0,0,0
131,131,131,131,131,131,131,0,131,131,131,131,131,73,176,131,0,131,131,131,93,136,0,0,0,0,0,0,0,0,0,0,0
115,115,115,115,115,115,115,0,115,115,115,115,115,70,166,115,0,115,115,115,103,131,0,0,0,0,0,0,0,0,0,0,0
183,183,183,183,183,183,183,0,183,183,183,183,183,254,117,183,0,183,183,183,254,109,0,0,0,0,0,0,0,0,0,0,0
185,185,185,185,185,185,185,0,185,185,185,185,185,72,115,185,0,185,185,185,72,156,0,0,0,0,0,0,0,0,0,0,0
191,191,191,191,191,191,191,0,191,191,191,191,191,68,119,191,0,191,191,191,68,131,0,0,0,0,0,0,0,0,0,0,0
200,200,200,200,200,200,200,0,200,200,200,200,200,55,115,200,0,200,200,200,55,131,0,0,0,0,0,0,0,0,0,0,0
221,221,221,221,221,221,221,0,221,221,221,221,221,48,88,221,0,221,221,221,48,131,0,0,0,0,0,0,0,0,0,0,0
281,281,281,281,281,281,281,0,281,281,281,281,281,56,73,281,0,281,281,281,56,150,0,0,0,0,0,0,0,0,0,0,0
288,288,288,288,288,288,288,0,288,288,288,288,288,81,84,288,0,288,288,288,81,137,0,0,0,0,0,0,0,0,0,0,0
300,300,300,300,300,300,300,0,300,300,300,300,300,45,65,300,0,300,300,300,45,149,0,0,0,0,0,0,0,0,0,0,0
273,273,273,273,273,273,273,0,273,273,273,273,273,42,32,273,0,273,273,273,42,130,0,0,0,0,0,0,0,0,0,0,0
232,232,232,232,232,232,232,0,232,232,232,232,232,84,43,232,0,232,232,232,84,179,0,0,0,0,0,0,0,0,0,0,0
268,268,268,268,268,268,268,0,268,268,268,268,268,67,47,268,0,268,268,268,67,140,0,0,0,0,0,0,0,0,0,0,0
260,260,260,260,260,260,260,0,260,260,260,260,260,44,29,260,0,260,260,260,44,201,0,0,0,0,0,0,0,0,0,0,0
176,176,176,176,176,176,176,0,176,176,176,176,176,105,38,176,0,176,176,176,105,149,0,0,0,0,0,0,0,0,0,0,0
182,182,182,182,182,182,182,0,182,182,182,182,182,89,180,182,0,182,182,182,89,180,0,0,0,0,0,0,0,0,0,0,0
134,134,134,134,134,134,134,0,134,134,134,134,134,64,166,134,0,134,134,134,64,166,41,0,0,0,0,0,0,0,0,0,0
90,90,90,90,90,90,90,0,90,90,90,90,90,30,150,90,0,90,90,90,30,150,51,0,0,0,0,0,0,0,0,0,0
103,103,103,103,103,103,103,0,103,103,103,103,103,121,198,103,0,103,103,103,121,198,46,284,0,0,0,0,0,0,0,0,0
95,95,95,95,95,95,95,0,95,95,95,95,95,62,190,95,0,95,95,95,62,190,60,329,48,0,0,0,0,0,0,0,0
92,92,92,92,92,92,92,0,92,92,92,92,92,43,137,92,0,92,92,92,43,137,53,327,38,0,0,0,0,0,0,0,0
76,76,76,76,76,76,76,0,76,76,76,76,76,55,127,76,0,76,76,76,55,127,51,372,65,0,0,0,0,0,0,0,0
119,119,119,119,119,119,119,0,119,119,119,119,119,46,171,119,0,119,119,119,46,171,56,413,45,0,0,0,0,0,0,0,0
200,200,200,200,200,200,200,0,200,200,200,200,200,45,199,200,0,200,200,200,45,199,112,416,36,0,0,0,0,0,0,0,0
162,162,162,162,162,162,162,0,162,162,162,162,162,87,152,162,0,162,162,162,87,152,56,420,36,0,0,0,0,0,0,0,0
182,182,182,182,182,182,182,0,182,182,182,182,182,80,181,182,0,182,182,182,80,181,90,539,39,0,0,0,0,0,0,0,0
177,177,177,177,177,177,177,0,177,177,177,177,177,101,157,177,0,177,177,177,101,157,74,449,34,0,0,0,0,0,0,0,0
147,147,147,147,147,147,147,0,147,147,147,147,147,212,178,147,0,147,147,147,212,178,72,507,25,0,0,0,0,0,0,0,0
102,102,102,102,102,102,102,0,102,102,102,102,102,137,208,102,0,102,102,102,137,208,97,512,25,0,0,0,0,0,0,0,0
154,154,154,154,154,154,154,0,154,154,154,154,154,258,153,154,0,154,154,154,258,153,91,474,23,0,0,0,0,0,0,0,0
99,99,99,99,99,99,99,0,99,99,99,99,99,278,167,99,0,99,99,99,278,167,108,454,38,0,0,0,0,0,0,0,0
92,92,92,92,92,92,92,0,92,92,92,92,92,288,204,92,0,92,92,92,288,204,211,441,29,0,0,0,0,0,0,0,0
105,105,105,105,105,105,105,0,105,105,105,105,105,141,210,105,115,105,105,105,141,210,115,454,23,0,0,0,0,0,0,0,0
64,64,64,64,64,64,64,21,64,64,64,64,64,200,182,64,144,64,64,64,200,182,144,509,25,0,0,0,0,0,0,0,0
105,105,105,105,105,105,105,0,105,105,105,105,105,184,192,105,117,105,105,105,184,192,117,503,25,0,0,0,0,0,0,0,0
89,89,89,89,89,89,89,0,89,89,89,89,89,227,148,89,136,89,89,89,227,148,136,583,21,0,0,0,0,0,0,0,0
86,86,86,86,86,86,86,0,86,86,86,86,86,353,165,86,143,86,86,86,353,165,143,628,0,0,0,0,0,0,0,0,0
85,85,85,85,85,85,85,0,85,85,85,85,85,219,126,85,195,85,85,85,219,126,195,535,23,0,0,0,0,0,0,0,0
91,91,91,91,91,91,91,21,91,91,91,91,91,360,104,91,232,91,91,91,360,104,232,560,20,0,0,0,0,0,0,0,0
72,72,72,72,72,72,72,20,72,72,72,72,72,146,132,72,235,72,72,72,146,132,235,646,24,0,0,0,0,0,0,0,0
65,65,65,65,65,65,65,0,65,65,65,65,65,321,102,65,321,65,65,65,321,102,321,661,0,0,0,0,0,0,0,0,0
83,83,83,83,83,83,83,0,83,83,83,83,83,323,108,83,214,83,83,83,323,108,214,760,0,0,0,0,0,0,0,0,0
67,67,67,67,67,67,67,0,67,67,67,67,67,301,119,67,203,67,67,67,301,119,203,772,0,0,0,0,0,0,0,0,0
92,92,92,92,92,92,92,0,92,92,92,92,92,322,104,92,181,92,92,92,322,104,181,740,0,0,0,0,0,0,0,0,0
38,38,38,38,38,38,38,32,38,38,38,38,38,279,113,38,335,38,38,38,279,113,335,752,0,0,0,0,0,0,0,0,0
45,45,45,45,45,45,45,0,45,45,45,45,45,294,102,45,213,45,45,45,294,102,213,766,0,0,0,0,0,0,0,0,0
31,31,31,31,31,31,31,0,31,31,31,31,31,242,128,31,438,31,31,31,242,128,438,720,0,0,0,0,0,0,0,0,0
69,69,69,69,69,69,69,0,69,69,69,69,69,223,220,69,308,69,69,69,223,220,308,711,0,0,0,0,0,0,0,0,0
39,39,39,39,39,39,39,0,39,39,39,39,39,211,109,39,339,39,39,39,211,109,339,682,0,0,0,0,0,0,0,0,0
51,51,51,51,51,51,51,0,51,51,51,51,51,295,517,51,517,51,51,51,295,517,517,691,0,18,0,0,0,0,0,0,0
58,58,58,58,58,58,58,0,58,58,58,58,58,262,329,58,329,58,58,58,262,329,329,730,0,99,0,0,0,0,0,0,0
65,65,65,65,65,65,65,0,65,65,65,65,65,293,263,65,263,65,65,65,293,263,263,659,0,77,0,0,0,0,0,0,0
89,89,89,89,89,89,89,0,89,89,89,89,89,331,205,89,205,89,89,89,331,205,205,757,0,80,0,0,0,0,0,0,0
79,79,79,79,79,79,79,0,79,79,79,79,79,248,200,79,200,79,79,79,248,200,200,692,0,188,0,0,0,0,0,0,0
119,119,119,119,119,119,119,0,119,119,119,119,119,266,164,119,164,119,119,119,266,164,164,595,0,204,0,0,0,0,0,0,0
86,86,86,86,86,86,86,0,86,86,86,86,86,305,142,86,142,86,86,86,305,142,142,607,20,222,0,0,0,0,0,0,0
104,104,104,104,104,104,104,0,104,104,104,104,104,271,120,104,120,104,104,104,271,120,120,572,271,158,0,0,0,0,0,0,0
99,99,99,99,99,99,99,0,99,99,99,99,99,305,105,99,105,99,99,99,305,105,105,590,305,203,0,0,0,0,0,0,0
65,65,65,65,65,65,65,0,65,65,65,65,65,332,111,65,111,65,65,65,332,111,111,622,332,203,0,0,0,0,0,0,0
48,48,48,48,48,48,48,0,48,48,48,48,48,333,140,48,140,48,48,48,333,140,140,581,333,187,0,0,0,0,0,0,0
23,23,23,23,23,23,23,0,23,23,23,23,23,319,153,23,153,23,23,23,319,153,153,503,319,182,0,0,0,0,0,0,0
48,48,48,48,48,48,48,0,48,48,48,48,48,331,143,48,143,48,48,48,331,143,143,462,331,204,0,0,0,0,0,0,0
31,31,31,31,31,31,31,0,31,31,31,31,31,340,383,31,383,31,31,31,340,383,383,453,340,383,0,0,0,0,0,0,0
0,0,0,0,0,0,0,0,0,0,0,0,0,330,174,0,174,0,0,0,330,174,174,508,330,174,0,0,0,0,0,0,0
20,20,20,20,20,20,20,0,20,20,20,20,20,320,211,20,211,20,20,20,320,211,211,496,320,211,0,0,0,0,0,0,0
30,30,30,30,30,30,30,0,30,30,30,30,30,409,163,30,163,30,30,30,409,163,163,492,409,163,0,0,0,0,0,0,0
21,21,21,21,21,21,21,0,21,21,21,21,21,388,163,21,163,21,21,21,388,163,163,576,388,163,0,0,0,0,0,0,0
22,22,22,22,22,22,22,0,22,22,22,22,22,400,205,22,205,22,22,22,400,205,205,516,400,205,0,0,0,0,0,0,0
34,34,34,34,34,34,34,0,34,34,34,34,34,302,217,34,217,34,34,34,302,217,217,503,302,217,0,0,0,0,0,0,0
20,20,20,20,20,20,20,0,20,20,20,20,20,328,191,20,191,20,20,20,328,191,191,544,328,191,0,0,0,0,0,0,0
0,0,0,0,0,0,0,0,0,0,0,0,0,345,264,0,264,0,0,0,345,264,264,566,345,264,0,0,0,0,0,0,0
0,0,0,0,0,0,0,0,0,0,0,0,0,328,201,0,201,0,0,0,328,201,201,582,328,201,0,0,0,0,0,0,0
0,0,0,0,0,0,0,0,0,0,0,0,0,297,158,0,158,0,0,0,297,158,158,557,297,158,0,0,0,0,0,0,0
0,0,0,0,0,0,0,0,0,0,0,0,0,302,420,0,420,0,0,0,302,420,420,442,302,420,0,0,0,0,0,0,0
0,0,0,0,0,0,0,0,0,0,0,0,0,289,293,0,293,0,0,0,289,293,293,468,289,293,0,0,0,0,0,0,0
0,0,0,0,0,0,0,0,0,0,0,0,0,310,176,0,176,0,0,0,310,176,176,544,310,176,0,0,0,0,0,0,0
22,22,22,22,22,22,22,0,22,22,22,22,22,305,288,22,288,22,22,22,305,288,288,614,305,288,0,0,0,0,0,0,0
0,0,0,0,0,0,0,0,0,0,0,0,0,250,215,0,215,0,0,0,250,215,215,577,250,215,0,0,0,0,0,0,0
0,0,0,0,0,0,0,0,0,0,0,0,0,273,202,0,202,0,0,0,273,202,202,662,273,202,0,0,0,0,0,0,0
0,0,0,0,0,0,0,0,0,0,0,0,0,272,196,0,196,0,0,0,272,196,196,608,272,196,30,0,0,0,0,0,0
0,0,0,0,0,0,0,0,0,0,0,0,0,276,222,0,222,0,0,0,276,222,222,662,276,222,70,0,0,0,0,0,0
0,0,0,0,0,0,0,0,0,0,0,0,0,232,122,0,122,0,0,0,232,122,122,540,232,122,47,0,0,0,0,0,0
0,0,0,0,0,0,0,0,0,0,0,0,0,236,137,0,137,0,0,0,236,137,137,517,236,137,57,0,0,0,0,0,0
0,0,0,0,0,0,0,0,0,0,0,0,0,223,129,0,129,0,0,0,223,129,129,548,223,129,39,0,0,0,0,0,0
0,0,0,0,0,0,0,0,0,0,0,0,0,242,94,0,94,0,0,0,242,94,94,531,242,94,31,0,0,0,0,0,0
0,0,0,0,0,0,0,0,0,0,0,0,0,239,100,0,100,0,0,0,239,100,100,506,239,100,34,0,0,0,0,0,0
0,0,0,0,0,0,0,0,0,0,0,0,0,108,115,0,115,0,0,0,108,115,115,392,108,115,38,0,0,0,0,0,0
0,0,0,0,0,0,0,0,0,0,0,0,0,213,113,0,113,0,0,0,213,113,113,352,213,113,86,0,0,0,0,0,0
0,0,0,0,0,0,0,0,0,0,0,0,0,100,98,0,98,0,0,0,100,98,98,298,100,98,45,0,0,0,0,0,0
0,0,0,0,0,0,0,0,0,0,0,0,0,112,122,0,122,0,0,0,112,122,122,208,112,122,40,0,0,0,0,0,0
0,0,0,0,0,0,0,0,0,0,0,0,0,185,104,0,104,0,0,0,185,104,104,235,185,104,36,0,0,0,0,0,0
0,0,0,0,0,0,0,0,0,0,0,0,0,115,86,0,86,0,0,0,115,86,86,265,115,86,24,0,0,0,0,0,0
0,0,0,0,0,0,0,0,0,0,0,0,0,122,84,0,84,0,0,0,122,84,84,236,122,84,84,0,0,0,0,0,0
0,0,0,0,0,0,0,0,0,0,0,0,0,168,82,0,82,0,0,0,168,82,82,206,168,82,82,0,0,0,0,0,0
0,0,0,0,0,0,0,0,0,0,0,0,0,201,112,0,112,0,0,0,201,112,112,134,201,112,112,0,0,0,0,0,0
0,0,0,0,0,0,0,0,0,0,0,0,0,243,107,0,107,0,0,0,243,107,107,113,243,107,107,0,0,0,0,0,0
0,0,0,0,0,0,0,0,0,0,0,0,0,215,83,0,83,0,0,0,215,83,83,66,215,83,83,0,0,0,0,0,0
0,0,0,0,0,0,0,0,0,0,0,0,0,196,100,0,100,0,0,0,196,100,100,61,196,100,100,0,0,0,0,0,0
0,0,0,0,0,0,0,0,0,0,0,0,0,199,114,0,114,0,0,0,199,114,114,63,199,114,114,0,0,0,0,0,0
0,0,0,0,0,0,0,0,0,0,0,0,0,231,79,0,79,0,0,0,231,79,79,37,231,79,79,0,0,0,0,0,0
0,0,0,0,0,0,0,0,0,0,0,0,0,257,77,0,77,0,0,0,257,77,77,55,257,77,77,0,0,0,0,0,0
0,0,0,0,0,0,0,0,0,0,0,0,0,242,95,0,95,0,0,0,242,95,95,64,242,95,95,0,0,0,0,0,0
0,0,0,0,0,0,0,0,0,0,0,0,0,230,113,0,113,0,0,0,230,113,113,75,230,113,113,0,0,0,0,0,0
0,0,0,0,0,0,0,0,0,0,0,0,0,253,97,0,97,0,0,0,253,97,97,82,253,97,97,0,0,0,0,0,0
0,0,0,0,0,0,0,0,0,0,0,0,0,163,89,0,89,0,0,0,163,89,89,95,163,89,89,0,0,0,0,0,0
0,0,0,0,0,0,0,0,0,0,0,0,0,199,74,0,74,0,0,0,199,74,74,120,199,74,74,0,0,0,0,0,0
0,0,0,0,0,0,0,0,0,0,0,0,0,130,89,0,89,0,0,0,130,89,89,113,130,89,89,0,0,0,0,0,0
0,0,0,0,0,0,0,0,0,0,0,0,0,252,67,0,67,0,0,0,252,67,67,79,252,67,67,0,0,0,0,0,0
0,0,0,0,0,0,0,0,0,0,0,0,0,177,67,0,67,0,0,0,177,67,67,99,177,67,67,0,0,0,0,0,0
0,0,0,0,0,0,0,0,0,0,0,0,0,215,63,0,63,0,0,0,215,63,63,135,215,63,63,0,0,0,0,0,0
0,0,0,0,0,0,0,0,0,0,0,0,0,258,82,0,82,0,0,0,258,82,82,111,258,82,82,0,0,0,0,0,0
0,0,0,0,0,0,0,0,0,0,0,0,0,167,74,0,74,0,0,0,167,74,74,66,167,74,74,0,0,0,0,0,0
0,0,0,0,0,0,0,0,0,0,0,0,0,162,58,0,58,0,0,0,162,58,58,91,162,58,58,0,0,0,0,0,0
0,0,0,0,0,0,0,0,0,0,0,0,0,136,65,0,65,0,0,0,136,65,65,49,136,65,65,0,0,0,0,0,0
0,0,0,0,0,0,0,0,0,0,0,0,0,115,63,0,63,0,0,0,115,63,63,47,115,63,63,25,0,0,0,0,0
0,0,0,0,0,0,0,0,0,0,0,0,0,134,50,0,50,0,0,0,134,50,50,59,134,50,50,0,0,0,0,0,0
0,0,0,0,0,0,0,0,0,0,0,0,0,126,37,0,37,0,0,0,126,37,37,37,126,37,37,21,0,0,0,0,0
0,0,0,0,0,0,0,0,0,0,0,0,0,114,22,0,22,0,0,0,114,22,22,35,114,22,22,32,0,0,0,0,0
39,39,39,39,39,39,39,0,39,39,39,39,39,86,34,39,34,39,39,39,86,34,34,40,86,34,34,27,0,0,0,0,0
40,40,40,40,40,40,40,0,40,40,40,40,40,107,20,40,20,40,40,40,107,20,20,48,107,20,20,31,0,0,0,0,0
34,34,34,34,34,34,34,0,34,34,34,34,34,133,24,34,24,34,34,34,133,24,24,37,133,24,24,29,0,0,0,0,0
42,42,42,42,42,42,42,0,42,42,42,42,42,104,27,42,27,42,42,42,104,27,27,27,104,27,27,26,0,0,0,0,0
71,71,71,71,71,71,71,0,71,71,71,71,71,114,0,71,0,71,71,71,114,0,0,0,114,0,0,36,0,0,0,0,0
87,87,87,87,87,87,87,0,87,87,87,87,87,81,0,87,0,87,87,87,81,0,0,0,81,0,0,29,0,0,0,0,0
88,88,88,88,88,88,88,0,88,88,88,88,88,94,0,88,0,88,88,88,94,0,0,0,94,0,0,88,0,0,0,0,0
44,44,44,44,44,44,44,0,44,44,44,44,44,65,0,44,0,44,44,44,65,0,0,0,65,0,0,44,0,0,0,0,0
84,84,84,84,84,84,84,0,84,84,84,84,84,63,0,84,0,84,84,84,63,0,0,0,63,0,0,84,0,0,0,0,0
82,82,82,82,82,82,82,0,82,82,82,82,82,70,0,82,0,82,82,82,70,0,0,0,70,0,0,82,0,0,0,0,0
164,164,164,164,164,164,164,0,164,164,164,164,164,67,0,164,0,164,164,164,67,0,0,0,67,0,0,164,0,0,0,0,0
110,110,110,110,110,110,110,0,110,110,110,110,110,37,0,110,0,110,110,110,37,0,0,0,37,0,0,110,0,0,0,0,0
47,47,47,47,47,47,47,0,47,47,47,47,47,70,0,47,0,47,47,47,70,0,0,0,70,0,0,47,0,0,0,0,0
67,67,67,67,67,67,67,0,67,67,67,67,67,48,0,67,0,67,67,67,48,0,0,0,48,0,0,67,0,0,0,0,0
57,57,57,57,57,57,57,0,57,57,57,57,57,45,0,57,0,57,57,57,45,0,0,0,45,0,0,57,0,0,0,0,0
57,57,57,57,57,57,57,0,57,57,57,57,57,42,0,57,0,57,57,57,42,0,0,0,42,0,0,57,0,0,0,0,0
53,53,53,53,53,53,53,0,53,53,53,53,53,49,0,53,0,53,53,53,49,0,0,0,49,0,0,53,0,0,0,0,0
66,66,66,66,66,66,66,0,66,66,66,66,66,70,0,66,0,66,66,66,70,0,0,0,70,0,0,66,0,0,0,0,0
56,56,56,56,56,56,56,0,56,56,56,56,56,37,0,56,0,56,56,56,37,0,0,0,37,0,0,56,0,0,0,0,0
61,61,61,61,61,61,61,0,61,61,61,61,61,43,0,61,0,61,61,61,43,0,0,0,43,0,0,61,0,0,0,0,0
36,36,36,36,36,36,36,0,36,36,36,36,36,45,0,36,0,36,36,36,45,0,0,0,45,0,0,36,0,0,0,0,0
64,64,64,64,64,64,64,0,64,64,64,64,64,61,0,64,0,64,64,64,61,0,0,0,61,0,0,64,0,0,0,0,0
37,37,37,37,37,37,37,0,37,37,37,37,37,31,0,37,0,37,37,37,31,0,0,0,31,0,0,37,0,0,0,0,0
31,31,31,31,31,31,31,0,31,31,31,31,31,69,25,31,25,31,31,31,69,25,25,25,69,25,25,31,0,0,0,0,0
60,60,60,60,60,60,60,0,60,60,60,60,60,67,0,60,0,60,60,60,67,0,0,0,67,0,0,60,0,0,0,0,0
39,39,39,39,39,39,39,0,39,39,39,39,39,91,0,39,0,39,39,39,91,0,0,0,91,0,0,39,0,0,0,0,0
49,49,49,49,49,49,49,0,49,49,49,49,49,50,0,49,0,49,49,49,50,0,0,0,50,0,0,49,0,0,0,0,0
27,27,27,27,27,27,27,0,27,27,27,27,27,67,0,27,0,27,27,27,67,0,0,0,67,0,0,27,0,0,0,0,0
24,24,24,24,24,24,24,0,24,24,24,24,24,63,0,24,0,24,24,24,63,0,0,0,63,0,0,24,0,0,0,0,0
22,22,22,22,22,22,22,0,22,22,22,22,22,45,0,22,0,22,22,22,45,0,0,0,45,0,0,22,0,0,0,0,0
40,40,40,40,40,40,40,0,40,40,40,40,40,76,0,40,0,40,40,40,76,0,0,0,76,0,0,40,0,0,0,0,0
67,67,67,67,67,67,67,0,67,67,67,67,67,80,0,67,0,67,67,67,80,0,0,0,80,0,0,67,0,0,0,0,0
56,56,56,56,56,56,56,0,56,56,56,56,56,30,0,56,0,56,56,56,30,0,0,0,30,0,0,56,0,0,0,0,0
57,57,57,57,57,57,57,0,57,57,57,57,57,63,0,57,0,57,57,57,63,0,0,0,63,0,0,57,0,0,0,0,0
67,67,67,67,67,67,67,0,67,67,67,67,67,31,0,67,0,67,67,67,31,0,0,0,31,0,0,67,0,0,0,0,0
94,94,94,94,94,94,94,0,94,94,94,94,94,35,0,94,0,94,94,94,35,0,0,0,35,0,0,94,0,0,0,0,0
83,83,83,83,83,83,83,0,83,83,83,83,83,28,0,83,0,83,83,83,28,0,0,0,28,0,0,83,0,0,0,0,0
85,85,85,85,85,85,85,0,85,85,85,85,85,31,0,85,0,85,85,85,31,0,0,0,31,0,0,85,0,0,0,0,0
215,215,215,215,215,215,215,0,215,215,215,215,215,23,0,215,0,215,215,215,23,0,0,0,23,0,0,215,0,0,0,0,0
234,234,234,234,234,234,234,0,234,234,234,234,234,21,0,234,0,234,234,234,21,0,0,0,21,0,0,234,0,0,0,0,0
175,175,175,175,175,175,175,0,175,175,175,175,175,45,0,175,0,175,175,175,45,0,0,0,45,0,0,175,0,0,0,0,0
103,103,103,103,103,103,103,0,103,103,103,103,103,38,23,103,23,103,103,103,38,23,23,23,38,23,23,103,0,0,0,0,0
159,159,159,159,159,159,159,0,159,159,159,159,159,23,0,159,0,159,159,159,23,0,0,0,23,0,0,159,0,0,0,0,0
95,95,95,95,95,95,95,0,95,95,95,95,95,0,0,95,0,95,95,95,0,0,0,0,0,0,0,95,0,0,0,0,0
143,143,143,143,143,143,143,0,143,143,143,143,143,0,0,143,0,143,143,143,0,0,0,0,0,0,0,143,0,0,0,0,0
229,229,229,229,229,229,229,0,229,229,229,229,229,0,0,229,0,229,229,229,0,0,0,0,0,0,0,229,0,0,0,0,0
140,140,140,140,140,140,140,0,140,140,140,140,140,0,0,140,0,140,140,140,0,0,0,0,0,0,0,140,0,0,0,0,0
138,138,138,138,138,138,138,0,138,138,138,138,138,0,0,138,0,138,138,138,0,0,0,0,0,0,0,138,0,0,0,0,0
102,102,102,102,102,102,102,0,102,102,102,102,102,0,0,102,0,102,102,102,0,0,0,0,0,0,0,102,0,0,0,0,0
68,68,68,68,68,68,68,0,68,68,68,68,68,0,0,68,0,68,68,68,0,0,0,0,0,0,0,68,0,0,0,0,0
78,78,78,78,78,78,78,0,78,78,78,78,78,0,0,78,0,78,78,78,0,0,0,0,0,0,0,78,0,0,0,0,0
45,45,45,45,45,45,45,0,45,45,45,45,45,0,0,45,0,45,45,45,0,0,0,0,0,0,0,45,0,0,0,0,0
47,47,47,47,47,47,47,0,47,47,47,47,47,0,0,47,0,47,47,47,0,0,0,0,0,0,0,47,0,0,0,0,0
39,39,39,39,39,39,39,0,39,39,39,39,39,25,0,39,0,39,39,39,25,0,0,0,25,0,0,39,0,0,0,0,0
20,20,20,20,20,20,20,0,20,20,20,20,20,20,0,20,0,20,20,20,20,0,0,0,20,0,0,20,0,0,0,0,0
33,33,33,33,33,33,33,0,33,33,33,33,33,0,0,33,0,33,33,33,0,0,0,0,0,0,0,33,0,0,0,0,0
22,22,22,22,22,22,22,0,22,22,22,22,22,0,0,22,0,22,22,22,0,0,0,0,0,0,0,22,0,0,0,0,0
32,32,32,32,32,32,32,0,32,32,32,32,32,0,0,32,0,32,32,32,0,0,0,0,0,0,0,32,0,0,0,0,0
20,20,20,20,20,20,20,0,20,20,20,20,20,0,0,20,0,20,20,20,0,0,0,0,0,0,0,20,0,0,0,0,0
133,133,133,133,133,133,133,0,133,133,133,133,133,0,0,133,0,133,133,133,0,0,0,0,0,0,0,133,0,0,0,0,0
145,145,145,145,145,145,145,0,145,145,145,145,145,0,0,145,0,145,145,145,0,0,0,0,0,0,0,145,0,0,0,0,0
136,136,136,136,136,136,136,0,136,136,136,136,136,0,0,136,0,136,136,136,0,0,0,0,0,0,0,136,0,0,0,0,0
110,110,110,110,110,110,110,0,110,110,110,110,110,0,0,110,0,110,110,110,0,0,0,0,0,0,0,110,0,0,0,0,0
112,112,112,112,112,112,112,0,112,112,112,112,112,0,0,112,0,112,112,112,0,0,0,0,0,0,0,112,0,0,0,0,0
90,90,90,90,90,90,90,0,90,90,90,90,90,0,0,90,0,90,90,90,0,0,0,0,0,0,0,90,0,0,0,0,0
75,75,75,75,75,75,75,0,75,75,75,75,75,0,0,75,0,75,75,75,0,0,0,0,0,0,0,75,0,0,0,0,0
91,91,91,91,91,91,91,0,91,91,91,91,91,0,0,91,0,91,91,91,0,0,0,0,0,0,0,91,0,0,0,0,0
100,100,100,100,100,100,100,0,100,100,100,100,100,0,0,100,0,100,100,100,0,0,0,0,0,0,0,100,0,0,0,0,0
107,107,107,107,107,107,107,0,107,107,107,107,107,0,0,107,0,107,107,107,0,0,0,0,0,0,0,107,0,0,0,0,0
80,80,80,80,80,80,80,0,80,80,80,80,80,0,0,80,0,80,80,80,0,0,0,0,0,0,0,80,0,0,0,0,0
96,96,96,96,96,96,96,0,96,96,96,96,96,0,0,96,0,96,96,96,0,0,0,0,0,0,0,96,0,0,0,0,0
110,110,110,110,110,110,110,0,110,110,110,110,110,0,0,110,0,110,110,110,0,0,0,0,0,0,0,110,0,0,0,0,0
100,100,100,100,100,100,100,0,100,100,100,100,100,0,0,100,0,100,100,100,0,0,0,0,0,0,0,100,37,0,0,0,0
133,133,133,133,133,133,133,0,133,133,133,133,133,0,0,133,0,133,133,133,0,0,0,0,0,0,0,133,80,0,0,0,0
101,101,101,101,101,101,101,0,101,101,101,101,101,0,0,101,0,101,101,101,0,0,0,0,0,0,0,101,127,0,0,0,0
103,103,103,103,103,103,103,31,103,103,103,103,103,0,0,103,0,103,103,103,0,0,0,0,0,0,0,103,138,0,0,0,0
84,84,84,84,84,84,84,35,84,84,84,84,84,0,0,84,0,84,84,84,0,0,0,0,0,0,0,84,163,0,0,0,0
60,60,60,60,60,60,60,36,60,60,60,60,60,0,0,60,0,60,60,60,0,0,0,0,0,0,0,60,184,0,0,0,0
57,57,57,57,57,57,57,0,57,57,57,57,57,0,0,57,0,57,57,57,0,0,0,0,0,0,0,57,242,0,0,0,0
66,66,66,66,66,66,66,40,66,66,66,66,66,0,0,66,0,66,66,66,0,0,0,0,0,0,0,66,269,0,0,0,0
78,78,78,78,78,78,78,28,78,78,78,78,78,0,0,78,0,78,78,78,0,0,0,0,0,0,0,78,230,0,0,0,0
83,83,83,83,83,83,83,35,83,83,83,83,83,0,0,83,0,83,83,83,0,0,0,0,0,0,0,83,214,0,0,0,0
71,71,71,71,71,71,71,41,71,71,71,71,71,0,0,71,0,71,71,71,0,0,0,0,0,0,0,71,210,0,0,0,0
83,83,83,83,83,83,83,51,83,83,83,83,83,0,0,83,0,83,83,83,0,0,0,0,0,0,0,83,178,0,0,0,0
76,76,76,76,76,76,76,49,76,76,76,76,76,0,0,76,0,76,76,76,0,0,0,0,0,0,0,76,120,0,0,0,0
58,58,58,58,58,58,58,33,58,58,58,58,58,25,58,58,58,58,58,58,25,58,58,58,25,58,58,58,147,0,0,0,0
56,56,56,56,56,56,56,44,56,56,56,56,56,28,56,56,56,56,56,56,28,56,56,56,28,56,56,56,134,0,0,0,0
222,222,222,222,222,222,222,32,222,222,222,222,222,0,222,222,222,222,222,222,0,222,222,222,0,222,222,222,146,0,0,0,0
254,254,254,254,254,254,254,65,254,254,254,254,254,0,254,254,254,254,254,254,0,254,254,254,0,254,254,254,131,0,0,0,0
134,134,134,134,134,134,134,63,134,134,134,134,134,0,134,134,134,134,134,134,0,134,134,134,0,134,134,134,111,0,0,0,0
242,242,242,242,242,242,242,77,242,242,242,242,242,24,242,242,242,242,242,242,24,242,242,242,24,242,242,242,249,0,0,0,0
243,243,243,243,243,243,243,66,243,243,243,243,243,0,243,243,243,243,243,243,0,243,243,243,0,243,243,243,119,0,0,0,0
312,312,312,312,312,312,312,76,312,312,312,312,312,0,312,312,312,312,312,312,0,312,312,312,0,312,312,312,139,0,0,0,0
288,288,288,288,288,288,288,80,288,288,288,288,288,21,288,288,288,288,288,288,21,288,288,288,21,288,288,288,191,0,0,0,0
257,257,257,257,257,257,257,109,257,257,257,257,257,0,257,257,257,257,257,257,0,257,257,257,0,257,257,257,155,0,0,0,0
294,294,294,294,294,294,294,146,294,294,294,294,294,28,294,294,294,294,294,294,28,294,294,294,28,294,294,294,175,0,0,0,0
295,295,295,295,295,295,295,152,295,295,295,295,295,21,295,295,295,295,295,295,21,295,295,295,21,295,295,295,120,0,0,0,0
212,212,212,212,212,212,212,151,212,212,212,212,212,27,212,212,212,212,212,212,27,212,212,212,27,212,212,212,258,0,0,0,0
203,203,203,203,203,203,203,174,203,203,203,203,203,0,203,203,203,203,203,203,0,203,203,203,0,203,203,203,158,0,0,0,0
205,205,205,205,205,205,205,146,205,205,205,205,205,0,205,205,205,205,205,205,0,205,205,205,0,205,205,205,158,0,0,0,0
211,211,211,211,211,211,211,121,211,211,211,211,211,30,211,211,211,211,211,211,30,211,211,211,30,211,211,211,186,0,0,0,0
257,257,257,257,257,257,257,144,257,257,257,257,257,59,257,257,257,257,257,257,59,257,257,257,59,257,257,257,128,0,0,0,0
219,219,219,219,219,219,219,97,219,219,219,219,219,42,219,219,219,219,219,219,42,219,219,219,42,219,219,219,129,0,0,0,0
547,547,547,547,547,547,547,95,547,547,547,547,547,46,547,547,547,547,547,547,46,547,547,547,46,547,547,547,547,0,0,0,0
493,493,493,493,493,493,493,78,493,493,493,493,493,58,493,493,493,493,493,493,58,493,493,493,58,493,493,493,493,0,0,0,0
549,549,549,549,549,549,549,100,549,549,549,549,549,46,549,549,549,549,549,549,46,549,549,549,46,549,549,549,549,0,0,0,0
398,398,398,398,398,398,398,65,398,398,398,398,398,40,398,398,398,398,398,398,40,398,398,398,40,398,398,398,398,0,0,0,0
408,408,408,408,408,408,408,67,408,408,408,408,408,45,408,408,408,408,408,408,45,408,408,408,45,408,408,408,408,0,0,0,0
504,504,504,504,504,504,504,61,504,504,504,504,504,62,504,504,504,504,504,504,62,504,504,504,62,504,504,504,504,0,0,0,0
585,585,585,585,585,585,585,58,585,585,585,585,585,62,585,585,585,585,585,585,62,585,585,585,62,585,585,585,585,0,0,0,0
728,728,728,728,728,728,728,42,728,728,728,728,728,43,728,728,728,728,728,728,43,728,728,728,43,728,728,728,728,0,0,0,0
432,432,432,432,432,432,432,64,432,432,432,432,432,62,432,432,432,432,432,432,62,432,432,432,62,432,432,432,432,0,0,0,0
838,838,838,838,838,838,838,72,838,838,838,838,838,54,838,838,838,838,838,838,54,838,838,838,54,838,838,838,838,0,0,0,0
395,395,395,395,395,395,395,52,395,395,395,395,395,51,395,395,395,395,395,395,51,395,395,395,51,395,395,395,395,0,0,0,0
381,381,381,381,381,381,381,74,381,381,381,381,381,46,381,381,381,381,381,381,46,381,381,381,46,381,381,381,381,0,0,0,0
771,771,771,771,771,771,771,45,771,771,771,771,771,44,771,771,771,771,771,771,44,771,771,771,44,771,771,771,771,0,0,0,0
355,355,355,355,355,355,355,55,355,355,355,355,355,35,355,355,355,355,355,355,35,355,355,355,35,355,355,355,355,0,0,0,0
407,407,407,407,407,407,407,70,407,407,407,407,407,25,407,407,407,407,407,407,25,407,407,407,25,407,407,407,407,20,0,0,0
322,322,322,322,322,322,322,45,322,322,322,322,322,35,322,322,322,322,322,322,35,322,322,322,35,322,322,322,322,0,0,0,0
344,344,344,344,344,344,344,34,344,344,344,344,344,43,344,344,344,344,344,344,43,344,344,344,43,344,344,344,344,22,0,0,0
311,311,311,311,311,311,311,43,311,311,311,311,311,51,311,311,311,311,311,311,51,311,311,311,51,311,311,311,311,22,0,0,0
324,324,324,324,324,324,324,36,324,324,324,324,324,45,324,324,324,324,324,324,45,324,324,324,45,324,324,324,324,37,0,0,0
322,322,322,322,322,322,322,31,322,322,322,322,322,55,322,322,322,322,322,322,55,322,322,322,55,322,322,322,322,32,0,0,0
404,404,404,404,404,404,404,31,404,404,404,404,404,49,404,404,404,404,404,404,49,404,404,404,49,404,404,404,404,27,0,0,0
440,440,440,440,440,440,440,38,440,440,440,440,440,70,440,440,440,440,440,440,70,440,440,440,70,440,440,440,440,0,0,0,0
415,415,415,415,415,415,415,0,415,415,415,415,415,52,415,415,415,415,415,415,52,415,415,415,52,415,415,415,415,23,0,0,0
462,462,462,462,462,462,462,20,462,462,462,462,462,33,462,462,462,462,462,462,33,462,462,462,33,462,462,462,462,27,0,0,0
501,501,501,501,501,501,501,0,501,501,501,501,501,37,501,501,501,501,501,501,37,501,501,501,37,501,501,501,501,0,0,0,0
529,529,529,529,529,529,529,0,529,529,529,529,529,39,529,529,529,529,529,529,39,529,529,529,39,529,529,529,529,27,0,0,0
514,514,514,514,514,514,514,0,514,514,514,514,514,41,514,514,514,514,514,514,41,514,514,514,41,514,514,514,514,41,0,0,0
450,450,450,450,450,450,450,0,450,450,450,450,450,36,450,450,450,450,450,450,36,450,450,450,36,450,450,450,450,38,0,0,0
313,313,313,313,313,313,313,0,313,313,313,313,313,63,313,313,313,313,313,313,63,313,313,313,63,313,313,313,313,38,0,0,0
288,288,288,288,288,288,288,0,288,288,288,288,288,52,288,288,288,288,288,288,52,288,288,288,52,288,288,288,288,31,0,0,0
306,306,306,306,306,306,306,0,306,306,306,306,306,57,306,306,306,306,306,306,57,306,306,306,57,306,306,306,306,60,0,0,0
263,263,263,263,263,263,263,0,263,263,263,263,263,44,263,263,263,263,263,263,44,263,263,263,44,263,263,263,263,31,0,0,0
267,267,267,267,267,267,267,0,267,267,267,267,267,70,267,267,267,267,267,267,70,267,267,267,70,267,267,267,267,31,0,0,0
293,293,293,293,293,293,293,0,293,293,293,293,293,61,293,293,293,293,293,293,61,293,293,293,61,293,293,293,293,0,0,0,0
279,279,279,279,279,279,279,0,279,279,279,279,279,62,279,279,279,279,279,279,62,279,279,279,62,279,279,279,279,0,0,0,0
225,225,225,225,225,225,225,0,225,225,225,225,225,65,225,225,225,225,225,225,65,225,225,225,65,225,225,225,225,22,26,0,0
210,210,210,210,210,210,210,0,210,210,210,210,210,58,210,210,210,210,210,210,58,210,210,210,58,210,210,210,210,0,0,0,0
231,231,231,231,231,231,231,0,231,231,231,231,231,53,231,231,231,231,231,231,53,231,231,231,53,231,231,231,231,23,23,0,0
217,217,217,217,217,217,217,0,217,217,217,217,217,65,217,217,217,217,217,217,65,217,217,217,65,217,217,217,217,23,28,0,0
212,212,212,212,212,212,212,0,212,212,212,212,212,56,212,212,212,212,212,212,56,212,212,212,56,212,212,212,212,26,0,0,0
191,191,191,191,191,191,191,0,191,191,191,191,191,44,191,191,191,191,191,191,44,191,191,191,44,191,191,191,191,27,27,0,0
210,210,210,210,210,210,210,0,210,210,210,210,210,35,210,210,210,210,210,210,35,210,210,210,35,210,210,210,210,0,0,0,0
170,170,170,170,170,170,170,0,170,170,170,170,170,23,170,170,170,170,170,170,23,170,170,170,23,170,170,170,170,25,25,0,0
220,220,220,220,220,220,220,0,220,220,220,220,220,21,220,220,220,220,220,220,21,220,220,220,21,220,220,220,220,23,23,0,0
148,148,148,148,148,148,148,0,148,148,148,148,148,0,148,148,148,148,148,148,0,148,148,148,0,148,148,148,148,0,0,0,0
134,134,134,134,134,134,134,0,134,134,134,134,134,0,134,134,134,134,134,134,0,134,134,134,0,134,134,134,134,0,0,0,0
114,114,114,114,114,114,114,0,114,114,114,114,114,0,114,114,114,114,114,114,0,114,114,114,0,114,114,114,114,0,0,0,0
147,147,147,147,147,147,147,0,147,147,147,147,147,0,147,147,147,147,147,147,0,147,147,147,0,147,147,147,147,0,0,0,0
141,141,141,141,141,141,141,0,141,141,141,141,141,0,141,141,141,141,141,141,0,141,141,141,0,141,141,141,141,0,0,0,0
163,163,163,163,163,163,163,0,163,163,163,163,163,0,163,163,163,163,163,163,0,163,163,163,0,163,163,163,163,0,0,0,0
164,164,164,164,164,164,164,0,164,164,164,164,164,23,164,164,164,164,164,164,23,164,164,164,23,164,164,164,164,20,20,32,0
145,145,145,145,145,145,145,0,145,145,145,145,145,22,145,145,145,145,145,145,22,145,145,145,22,145,145,145,145,0,0,35,0
130,130,130,130,130,130,130,0,130,130,130,130,130,0,130,130,130,130,130,130,0,130,130,130,0,130,130,130,130,0,0,56,0
124,124,124,124,124,124,124,0,124,124,124,124,124,0,124,124,124,124,124,124,0,124,124,124,0,124,124,124,124,0,0,77,0
115,115,115,115,115,115,115,0,115,115,115,115,115,0,115,115,115,115,115,115,0,115,115,115,0,115,115,115,115,22,22,87,0
82,82,82,82,82,82,82,0,82,82,82,82,82,0,82,82,82,82,82,82,0,82,82,82,0,82,82,82,82,0,0,132,0
72,72,72,72,72,72,72,0,72,72,72,72,72,0,72,72,72,72,72,72,0,72,72,72,0,72,72,72,72,0,0,116,0
87,87,87,87,87,87,87,0,87,87,87,87,87,0,87,87,87,87,87,87,0,87,87,87,0,87,87,87,87,0,0,115,0
112,112,112,112,112,112,112,0,112,112,112,112,112,0,112,112,112,112,112,112,0,112,112,112,0,112,112,112,112,0,0,106,0
100,100,100,100,100,100,100,0,100,100,100,100,100,0,100,100,100,100,100,100,0,100,100,100,0,100,100,100,100,0,0,90,0
97,97,97,97,97,97,97,0,97,97,97,97,97,21,97,97,97,97,97,97,21,97,97,97,21,97,97,97,97,0,0,70,0
95,95,95,95,95,95,95,0,95,95,95,95,95,0,95,95,95,95,95,95,0,95,95,95,0,95,95,95,95,0,0,102,0
76,76,76,76,76,76,76,0,76,76,76,76,76,0,76,76,76,76,76,76,0,76,76,76,0,76,76,76,76,0,0,71,0
68,68,68,68,68,68,68,0,68,68,68,68,68,30,68,68,68,68,68,68,30,68,68,68,30,68,68,68,68,0,0,77,0
66,66,66,66,66,66,66,0,66,66,66,66,66,21,66,66,66,66,66,66,21,66,66,66,21,66,66,66,66,0,0,130,0
50,50,50,50,50,50,50,0,50,50,50,50,50,0,50,50,50,50,50,50,0,50,50,50,0,50,50,50,50,0,0,160,0
27,27,27,27,27,27,27,0,27,27,27,27,27,0,27,27,27,27,27,27,0,27,27,27,0,27,27,27,27,0,0,182,0
549,549,549,549,549,549,549,0,549,549,549,549,549,0,549,549,549,549,549,549,0,549,549,549,0,549,549,549,549,0,0,549,0
543,543,543,543,543,543,543,0,543,543,543,543,543,0,543,543,543,543,543,543,0,543,543,543,0,543,543,543,543,0,0,543,0
500,500,500,500,500,500,500,0,500,500,500,500,500,0,500,500,500,500,500,500,0,500,500,500,0,500,500,500,500,34,34,500,0
472,472,472,472,472,472,472,0,472,472,472,472,472,0,472,472,472,472,472,472,0,472,472,472,0,472,472,472,472,29,29,472,0
291,291,291,291,291,291,291,0,291,291,291,291,291,0,291,291,291,291,291,291,0,291,291,291,0,291,291,291,291,0,0,291,0
570,570,570,570,570,570,570,0,570,570,570,570,570,0,570,570,570,570,570,570,0,570,570,570,0,570,570,570,570,0,0,570,0
518,518,518,518,518,518,518,0,518,518,518,518,518,0,518,518,518,518,518,518,0,518,518,518,0,518,518,518,518,0,0,518,0
459,459,459,459,459,459,459,0,459,459,459,459,459,0,459,459,459,459,459,459,0,459,459,459,0,459,459,459,459,31,31,459,0
486,486,486,486,486,486,486,0,486,486,486,486,486,0,486,486,486,486,486,486,0,486,486,486,0,486,486,486,486,29,29,486,0
485,485,485,485,485,485,485,0,485,485,485,485,485,0,485,485,485,485,485,485,0,485,485,485,0,485,485,485,485,30,30,485,0
481,481,481,481,481,481,481,0,481,481,481,481,481,34,481,481,481,481,481,481,34,481,481,481,34,481,481,481,481,22,22,481,0
526,526,526,526,526,526,526,0,526,526,526,526,526,0,526,526,526,526,526,526,0,526,526,526,0,526,526,526,526,21,21,526,0
537,537,537,537,537,537,537,0,537,537,537,537,537,0,537,537,537,537,537,537,0,537,537,537,0,537,537,537,537,0,0,537,0
452,452,452,452,452,452,452,0,452,452,452,452,452,0,452,452,452,452,452,452,0,452,452,452,0,452,452,452,452,0,0,452,0
388,388,388,388,388,388,388,0,388,388,388,388,388,0,388,388,388,388,388,388,0,388,388,388,0,388,388,388,388,0,0,388,0
376,376,376,376,376,376,376,0,376,376,376,376,376,0,376,376,376,376,376,376,0,376,376,376,0,376,376,376,376,0,0,376,0
309,309,309,309,309,309,309,0,309,309,309,309,309,0,309,309,309,309,309,309,0,309,309,309,0,309,309,309,309,0,0,309,0
266,266,266,266,266,266,266,0,266,266,266,266,266,0,266,266,266,266,266,266,0,266,266,266,0,266,266,266,266,0,0,266,0
278,278,278,278,278,278,278,0,278,278,278,278,278,0,278,278,278,278,278,278,0,278,278,278,0,278,278,278,278,0,0,278,0
234,234,234,234,234,234,234,0,234,234,234,234,234,0,234,234,234,234,234,234,0,234,234,234,0,234,234,234,234,0,0,234,0
195,195,195,195,195,195,195,0,195,195,195,195,195,0,195,195,195,195,195,195,0,195,195,195,0,195,195,195,195,0,0,195,0
148,148,148,148,148,148,148,0,148,148,148,148,148,30,148,148,148,148,148,148,30,148,148,148,30,148,148,148,148,0,0,148,0
148,148,148,148,148,148,148,0,148,148,148,148,148,21,148,148,148,148,148,148,21,148,148,148,21,148,148,148,148,0,0,148,0
156,156,156,156,156,156,156,0,156,156,156,156,156,29,156,156,156,156,156,156,29,156,156,156,29,156,156,156,156,0,0,156,0
141,141,141,141,141,141,141,0,141,141,141,141,141,22,141,141,141,141,141,141,22,141,141,141,22,141,141,141,141,0,0,141,0
144,144,144,144,144,144,144,0,144,144,144,144,144,24,144,144,144,144,144,144,24,144,144,144,24,144,144,144,144,0,0,144,0
111,111,111,111,111,111,111,0,111,111,111,111,111,45,111,111,111,111,111,111,45,111,111,111,45,111,111,111,111,0,0,111,0
105,105,105,105,105,105,105,0,105,105,105,105,105,40,105,105,105,105,105,105,40,105,105,105,40,105,105,105,105,0,0,105,0
91,91,91,91,91,91,91,0,91,91,91,91,91,41,91,91,91,91,91,91,41,91,91,91,41,91,91,91,91,0,0,91,0
73,73,73,73,73,73,73,0,73,73,73,73,73,0,73,73,73,73,73,73,0,73,73,73,0,73,73,73,73,0,0,73,0
73,73,73,73,73,73,73,0,73,73,73,73,73,0,73,73,73,73,73,73,0,73,73,73,0,73,73,73,73,0,0,73,0
88,88,88,88,88,88,88,0,88,88,88,88,88,0,88,88,88,88,88,88,0,88,88,88,0,88,88,88,88,0,0,88,0
109,109,109,109,109,109,109,0,109,109,109,109,109,0,109,109,109,109,109,109,0,109,109,109,0,109,109,109,109,0,0,109,0
120,120,120,120,120,120,120,0,120,120,120,120,120,0,120,120,120,120,120,120,0,120,120,120,0,120,120,120,120,0,0,120,0
121,121,121,121,121,121,121,0,121,121,121,121,121,0,121,121,121,121,121,121,0,121,121,121,0,121,121,121,121,0,0,121,0
143,143,143,143,143,143,143,0,143,143,143,143,143,22,143,143,143,143,143,143,22,143,143,143,22,143,143,143,143,0,0,143,0
122,122,122,122,122,122,122,0,122,122,122,122,122,0,122,122,122,122,122,122,0,122,122,122,0,122,122,122,122,0,0,122,0
120,120,120,120,120,120,120,0,120,120,120,120,120,24,120,120,120,120,120,120,24,120,120,120,24,120,120,120,120,0,0,120,0
138,138,138,138,138,138,138,0,138,138,138,138,138,0,138,138,138,138,138,138,0,138,138,138,0,138,138,138,138,0,0,138,0
153,153,153,153,153,153,153,0,153,153,153,153,153,0,153,153,153,153,153,153,0,153,153,153,0,153,153,153,153,0,0,153,0
134,134,134,134,134,134,134,0,134,134,134,134,134,0,134,134,134,134,134,134,0,134,134,134,0,134,134,134,134,0,0,134,0
137,137,137,137,137,137,137,0,137,137,137,137,137,27,137,137,137,137,137,137,27,137,137,137,27,137,137,137,137,0,0,137,0
112,112,112,112,112,112,112,0,112,112,112,112,112,0,112,112,112,112,112,112,0,112,112,112,0,112,112,112,112,0,0,112,0
109,109,109,109,109,109,109,0,109,109,109,109,109,0,109,109,109,109,109,109,0,109,109,109,0,109,109,109,109,0,0,109,0
72,72,72,72,72,72,72,0,72,72,72,72,72,0,72,72,72,72,72,72,0,72,72,72,0,72,72,72,72,0,0,72,0
50,50,50,50,50,50,50,0,50,50,50,50,50,25,50,50,50,50,50,50,25,50,50,50,25,50,50,50,50,0,0,50,0
42,42,42,42,42,42,42,0,42,42,42,42,42,0,42,42,42,42,42,42,0,42,42,42,0,42,42,42,42,0,0,42,0
35,35,35,35,35,35,35,0,35,35,35,35,35,0,35,35,35,35,35,35,0,35,35,35,0,35,35,35,35,0,0,35,0
0,0,0,0,0,0,0,0,0,0,0,0,0,0,0,0,0,0,0,0,0,0,0,0,0,0,0,0,0,0,0,0,0
0,0,0,0,0,0,0,0,0,0,0,0,0,0,0,0,0,0,0,0,0,0,0,0,0,0,0,0,0,0,0,0,0
0,0,0,0,0,0,0,0,0,0,0,0,0,0,0,0,0,0,0,0,0,0,0,0,0,0,0,0,0,0,0,0,0
0,0,0,0,0,0,0,0,0,0,0,0,0,26,0,0,0,0,0,0,26,0,0,0,26,0,0,0,0,0,0,0,0
0,0,0,0,0,0,0,0,0,0,0,0,0,0,0,0,0,0,0,0,0,0,0,0,0,0,0,0,0,0,0,0,0
0,0,0,0,0,0,0,0,0,0,0,0,0,0,0,0,0,0,0,0,0,0,0,0,0,0,0,0,0,0,0,0,0
0,0,0,0,0,0,0,0,0,0,0,0,0,0,0,0,0,0,0,0,0,0,0,0,0,0,0,0,0,0,0,0,0
0,0,0,0,0,0,0,0,0,0,0,0,0,0,0,0,0,0,0,0,0,0,0,0,0,0,0,0,0,0,0,0,0
0,0,0,0,0,0,0,0,0,0,0,0,0,0,0,0,0,0,0,0,0,0,0,0,0,0,0,0,0,0,0,0,0
0,0,0,0,0,0,0,0,0,0,0,0,0,0,0,0,0,0,0,0,0,0,0,0,0,0,0,0,0,0,0,0,0
0,0,0,0,0,0,0,0,0,0,0,0,0,0,0,0,0,0,0,0,0,0,0,0,0,0,0,0,0,0,0,0,0
0,0,0,0,0,0,0,0,0,0,0,0,0,0,0,0,0,0,0,0,0,0,0,0,0,0,0,0,0,0,0,0,0
0,0,0,0,0,0,0,0,0,0,0,0,0,0,0,0,0,0,0,0,0,0,0,0,0,0,0,0,0,0,0,0,0
0,0,0,0,0,0,0,0,0,0,0,0,0,0,0,0,0,0,0,0,0,0,0,0,0,0,0,0,0,0,0,0,0
0,0,0,0,0,0,0,0,0,0,0,0,0,0,0,0,0,0,0,0,0,0,0,0,0,0,0,0,0,0,0,0,0
0,0,0,0,0,0,0,0,0,0,0,0,0,0,0,0,0,0,0,0,0,0,0,0,0,0,0,0,0,0,0,0,0
0,0,0,0,0,0,0,0,0,0,0,0,0,0,0,0,0,0,0,0,0,0,0,0,0,0,0,0,0,0,0,0,0
0,0,0,0,0,0,0,0,0,0,0,0,0,0,0,0,0,0,0,0,0,0,0,0,0,0,0,0,0,0,0,0,0
0,0,0,0,0,0,0,0,0,0,0,0,0,0,0,0,0,0,0,0,0,0,0,0,0,0,0,0,0,0,0,0,0
0,0,0,0,0,0,0,0,0,0,0,0,0,0,0,0,0,0,0,0,0,0,0,0,0,0,0,0,0,0,0,0,0
0,0,0,0,0,0,0,0,0,0,0,0,0,0,0,0,0,0,0,0,0,0,0,0,0,0,0,0,0,0,0,0,0
0,0,0,0,0,0,0,0,0,0,0,0,0,0,0,0,0,0,0,0,0,0,0,0,0,0,0,0,0,0,0,0,0
0,0,0,0,0,0,0,0,0,0,0,0,0,0,0,0,0,0,0,0,0,0,0,0,0,0,0,0,0,0,0,0,0
0,0,0,0,0,0,0,0,0,0,0,0,0,0,0,0,0,0,0,0,0,0,0,0,0,0,0,0,0,0,0,0,0
0,0,0,0,0,0,0,0,0,0,0,0,0,0,0,0,0,0,0,0,0,0,0,0,0,0,0,0,0,21,21,0,0
0,0,0,0,0,0,0,0,0,0,0,0,0,0,0,0,0,0,0,0,0,0,0,0,0,0,0,0,0,0,0,0,0
0,0,0,0,0,0,0,0,0,0,0,0,0,0,0,0,0,0,0,0,0,0,0,0,0,0,0,0,0,36,36,0,0
0,0,0,0,0,0,0,0,0,0,0,0,0,0,0,0,0,0,0,0,0,0,0,0,0,0,0,0,0,26,26,0,0
0,0,0,0,0,0,0,0,0,0,0,0,0,0,0,0,0,0,0,0,0,0,0,0,0,0,0,0,0,36,36,0,0
0,0,0,0,0,0,0,0,0,0,0,0,0,0,0,0,0,0,0,0,0,0,0,0,0,0,0,0,0,0,0,0,0
0,0,0,0,0,0,0,0,0,0,0,0,0,0,0,0,0,0,0,0,0,0,0,0,0,0,0,0,0,29,29,0,0
0,0,0,0,0,0,0,0,0,0,0,0,0,0,0,0,0,0,0,0,0,0,0,0,0,0,0,0,0,23,23,0,0
0,0,0,0,0,0,0,0,0,0,0,0,0,0,0,0,0,0,0,0,0,0,0,0,0,0,0,0,0,0,0,0,0
0,0,0,0,0,0,0,0,0,0,0,0,0,0,0,0,0,0,0,0,0,0,0,0,0,0,0,0,0,0,0,0,0
0,0,0,0,0,0,0,0,0,0,0,0,0,0,0,0,0,0,0,0,0,0,0,0,0,0,0,0,0,25,25,0,0
0,0,0,0,0,0,0,0,0,0,0,0,0,0,0,0,0,0,0,0,0,0,0,0,0,0,0,0,0,33,33,0,0
0,0,0,0,0,0,0,0,0,0,0,0,0,0,0,0,0,0,0,0,0,0,0,0,0,0,0,0,0,25,25,0,0
0,0,0,0,0,0,0,0,0,0,0,0,0,0,0,0,0,0,0,0,0,0,0,0,0,0,0,0,0,29,29,0,0
0,0,0,0,0,0,0,0,0,0,0,0,0,0,0,0,0,0,0,0,0,0,0,0,0,0,0,0,0,0,0,0,0
0,0,0,0,0,0,0,0,0,0,0,0,0,0,0,0,0,0,0,0,0,0,0,0,0,0,0,0,0,0,0,0,0
0,0,0,0,0,0,0,0,0,0,0,0,0,0,0,0,0,0,0,0,0,0,0,0,0,0,0,0,0,0,0,0,0
0,0,0,0,0,0,0,0,0,0,0,0,0,0,0,0,0,0,0,0,0,0,0,0,0,0,0,0,0,30,30,0,0
0,0,0,0,0,0,0,0,0,0,0,0,0,0,0,0,0,0,0,0,0,0,0,0,0,0,0,0,0,28,28,0,0
0,0,0,0,0,0,0,0,0,0,0,0,0,0,0,0,0,0,0,0,0,0,0,0,0,0,0,0,0,24,24,0,0
0,0,0,0,0,0,0,0,0,0,0,0,0,0,0,0,0,0,0,0,0,0,0,0,0,0,0,0,0,24,24,0,0
0,0,0,0,0,0,0,0,0,0,0,0,0,0,0,0,0,0,0,0,0,0,0,0,0,0,0,0,0,21,21,0,0
0,0,0,0,0,0,0,0,0,0,0,0,0,0,0,0,0,0,0,0,0,0,0,0,0,0,0,0,0,0,0,0,0
0,0,0,0,0,0,0,0,0,0,0,0,0,0,0,0,0,0,0,0,0,0,0,0,0,0,0,0,0,0,0,0,0
0,0,0,0,0,0,0,0,0,0,0,0,0,0,0,0,0,0,0,0,0,0,0,0,0,0,0,0,0,27,27,0,0
0,0,0,0,0,0,0,0,0,0,0,0,0,0,0,0,0,0,0,0,0,0,0,0,0,0,0,0,0,0,0,0,0
0,0,0,0,0,0,0,0,0,0,0,0,0,0,0,0,0,0,0,0,0,0,0,0,0,0,0,0,0,40,40,0,0
0,0,0,0,0,0,0,0,0,0,0,0,0,0,0,0,0,0,0,0,0,0,0,0,0,0,0,0,0,46,46,0,0
0,0,0,0,0,0,0,0,0,0,0,0,0,0,0,0,0,0,0,0,0,0,0,0,0,0,0,0,0,26,26,0,0
0,0,0,0,0,0,0,0,0,0,0,0,0,0,0,0,0,0,0,0,0,0,0,0,0,0,0,0,0,35,35,0,0
0,0,0,0,0,0,0,0,0,0,0,0,0,0,0,0,0,0,0,0,0,0,0,0,0,0,0,0,0,33,33,0,0
0,0,0,0,0,0,0,0,0,0,0,0,0,0,0,0,0,0,0,0,0,0,0,0,0,0,0,0,0,21,21,0,0
0,0,0,0,0,0,0,0,0,0,0,0,0,0,0,0,0,0,0,0,0,0,0,0,0,0,0,0,0,0,0,0,0
0,0,0,0,0,0,0,0,0,0,0,0,0,0,0,0,0,0,0,0,0,0,0,0,0,0,0,0,0,28,28,0,0
0,0,0,0,0,0,0,0,0,0,0,0,0,0,0,0,0,0,0,0,0,0,0,0,0,0,0,0,0,32,32,0,0
0,0,0,0,0,0,0,0,0,0,0,0,0,0,0,0,0,0,0,0,0,0,0,0,0,0,0,0,0,33,33,0,0
0,0,0,0,0,0,0,0,0,0,0,0,0,0,0,0,0,0,0,0,0,0,0,0,0,0,0,0,0,38,38,0,0
0,0,0,0,0,0,0,0,0,0,0,0,0,0,0,0,0,0,0,0,0,0,0,0,0,0,0,0,0,22,22,0,0
0,0,0,0,0,0,0,0,0,0,0,0,0,0,0,0,0,0,0,0,0,0,0,0,0,0,0,0,0,0,0,0,0
0,0,0,0,0,0,0,0,0,0,0,0,0,0,0,0,0,0,0,0,0,0,0,0,0,0,0,0,0,34,34,0,0
0,0,0,0,0,0,0,0,0,0,0,0,0,0,0,0,0,0,0,0,0,0,0,0,0,0,0,0,0,39,39,0,0
0,0,0,0,0,0,0,0,0,0,0,0,0,0,0,0,0,0,0,0,0,0,0,0,0,0,0,0,0,53,53,0,0
0,0,0,0,0,0,0,0,0,0,0,0,0,0,0,0,0,0,0,0,0,0,0,0,0,0,0,0,0,37,37,0,0
0,0,0,0,0,0,0,0,0,0,0,0,0,0,0,0,0,0,0,0,0,0,0,0,0,0,0,0,0,35,35,0,0
0,0,0,0,0,0,0,0,0,0,0,0,0,0,0,0,0,0,0,0,0,0,0,0,0,0,0,0,0,46,46,0,0
0,0,0,0,0,0,0,0,0,0,0,0,0,0,0,0,0,0,0,0,0,0,0,0,0,0,0,0,0,48,48,0,0
0,0,0,0,0,0,0,0,0,0,0,0,0,0,0,0,0,0,0,0,0,0,0,0,0,0,0,0,0,41,41,0,0
0,0,0,0,0,0,0,0,0,0,0,0,0,0,0,0,0,0,0,0,0,0,0,0,0,0,0,0,0,33,33,0,0
0,0,0,0,0,0,0,0,0,0,0,0,0,0,0,0,0,0,0,0,0,0,0,0,0,0,0,0,0,0,0,0,0
0,0,0,0,0,0,0,0,0,0,0,0,0,0,0,0,0,0,0,0,0,0,0,0,0,0,0,0,0,30,30,0,0
0,0,0,0,0,0,0,0,0,0,0,0,0,0,0,0,0,0,0,0,0,0,0,0,0,0,0,0,0,0,0,0,0
0,0,0,0,0,0,0,0,0,0,0,0,0,0,0,0,0,0,0,0,0,0,0,0,0,0,0,0,0,0,0,0,0
0,0,0,0,0,0,0,0,0,0,0,0,0,0,0,0,0,0,0,0,0,0,0,0,0,0,0,0,0,0,0,0,0
0,0,0,0,0,0,0,0,0,0,0,0,0,0,0,0,0,0,0,0,0,0,0,0,0,0,0,0,0,0,0,0,0
0,0,0,0,0,0,0,0,0,0,0,0,0,0,0,0,0,0,0,0,0,0,0,0,0,0,0,0,0,0,0,0,0
0,0,0,0,0,0,0,0,0,0,0,0,0,0,0,0,0,0,0,0,0,0,0,0,0,0,0,0,0,31,31,0,0
0,0,0,0,0,0,0,0,0,0,0,0,0,0,0,0,0,0,0,0,0,0,0,0,0,0,0,0,0,25,25,0,0
0,0,0,0,0,0,0,0,0,0,0,0,0,0,0,0,0,0,0,0,0,0,0,0,0,0,0,0,0,0,0,0,0
0,0,0,0,0,0,0,0,0,0,0,0,0,0,0,0,0,0,0,0,0,0,0,0,0,0,0,0,0,20,20,0,0
0,0,0,0,0,0,0,0,0,0,0,0,0,0,0,0,0,0,0,0,0,0,0,0,0,0,0,0,0,24,24,0,0
0,0,0,0,0,0,0,0,0,0,0,0,0,0,0,0,0,0,0,0,0,0,0,0,0,0,0,0,0,0,0,0,0
0,0,0,0,0,0,0,0,0,0,0,0,0,0,0,0,0,0,0,0,0,0,0,0,0,0,0,0,0,0,0,0,0
0,0,0,0,0,0,0,0,0,0,0,0,0,0,0,0,0,0,0,0,0,0,0,0,0,0,0,0,0,0,0,0,0
0,0,0,0,0,0,0,0,0,0,0,0,0,0,0,0,0,0,0,0,0,0,0,0,0,0,0,0,0,0,0,0,0
0,0,0,0,0,0,0,0,0,0,0,0,0,0,0,0,0,0,0,0,0,0,0,0,0,0,0,0,0,0,0,0,0
0,0,0,0,0,0,0,0,0,0,0,0,0,0,0,0,0,0,0,0,0,0,0,0,0,0,0,0,0,0,0,0,0
0,0,0,0,0,0,0,0,0,0,0,0,0,0,0,0,0,0,0,0,0,0,0,0,0,0,0,0,0,0,0,0,0
0,0,0,0,0,0,0,0,0,0,0,0,0,0,0,0,0,0,0,0,0,0,0,0,0,0,0,0,0,0,0,0,0
0,0,0,0,0,0,0,0,0,0,0,0,0,0,0,0,0,0,0,0,0,0,0,0,0,0,0,0,0,0,0,0,0
0,0,0,0,0,0,0,0,0,0,0,0,0,0,0,0,0,0,0,0,0,0,0,0,0,0,0,0,0,0,0,0,0
0,0,0,0,0,0,0,0,0,0,0,0,0,0,0,0,0,0,0,0,0,0,0,0,0,0,0,0,0,0,0,0,0
0,0,0,0,0,0,0,0,0,0,0,0,0,0,0,0,0,0,0,0,0,0,0,0,0,0,0,0,0,0,0,0,0
0,0,0,0,0,0,0,0,0,0,0,0,0,0,0,0,0,0,0,0,0,0,0,0,0,0,0,0,0,0,0,0,0
0,0,0,0,0,0,0,0,0,0,0,0,0,0,0,0,0,0,0,0,0,0,0,0,0,0,0,0,0,0,0,0,0
0,0,0,0,0,0,0,0,0,0,0,0,0,0,0,0,0,0,0,0,0,0,0,0,0,0,0,0,0,0,0,0,0
0,0,0,0,0,0,0,0,0,0,0,0,0,0,0,0,0,0,0,0,0,0,0,0,0,0,0,0,0,0,0,0,0
0,0,0,0,0,0,0,0,0,0,0,0,0,0,0,0,0,0,0,0,0,0,0,0,0,0,0,0,0,0,0,0,0
0,0,0,0,0,0,0,0,0,0,0,0,0,0,0,0,0,0,0,0,0,0,0,0,0,0,0,0,0,0,0,0,0
0,0,0,0,0,0,0,0,0,0,0,0,0,0,0,0,0,0,0,0,0,0,0,0,0,0,0,0,0,0,0,0,0
0,0,0,0,0,0,0,0,0,0,0,0,0,0,0,0,0,0,0,0,0,0,0,0,0,0,0,0,0,0,0,0,0
0,0,0,0,0,0,0,0,0,0,0,0,0,0,0,0,0,0,0,0,0,0,0,0,0,0,0,0,0,0,0,0,0
0,0,0,0,0,0,0,0,0,0,0,0,0,0,0,0,0,0,0,0,0,0,0,0,0,0,0,0,0,0,0,0,0
0,0,0,0,0,0,0,0,0,0,0,0,0,0,0,0,0,0,0,0,0,0,0,0,0,0,0,0,0,0,0,0,0
0,0,0,0,0,0,0,0,0,0,0,0,0,0,0,0,0,0,0,0,0,0,0,0,0,0,0,0,0,0,0,0,0
0,0,0,0,0,0,0,0,0,0,0,0,0,0,0,0,0,0,0,0,0,0,0,0,0,0,0,0,0,0,0,0,0
0,0,0,0,0,0,0,0,0,0,0,0,0,0,0,0,0,0,0,0,0,0,0,0,0,0,0,0,0,0,0,0,0
0,0,0,0,0,0,0,0,0,0,0,0,0,20,0,0,0,0,0,0,20,0,0,0,20,0,0,0,0,0,0,0,0
0,0,0,0,0,0,0,0,0,0,0,0,0,0,0,0,0,0,0,0,0,0,0,0,0,0,0,0,0,0,0,0,0
0,0,0,0,0,0,0,0,0,0,0,0,0,0,0,0,0,0,0,0,0,0,0,0,0,0,0,0,0,0,0,0,0
0,0,0,0,0,0,0,0,0,0,0,0,0,0,0,0,0,0,0,0,0,0,0,0,0,0,0,0,0,0,0,0,0
0,0,0,0,0,0,0,0,0,0,0,0,0,0,0,0,0,0,0,0,0,0,0,0,0,0,0,0,0,0,0,0,0
0,0,0,0,0,0,0,0,0,0,0,0,0,0,0,0,0,0,0,0,0,0,0,0,0,0,0,0,0,0,0,0,0
0,0,0,0,0,0,0,0,0,0,0,0,0,0,0,0,0,0,0,0,0,0,0,0,0,0,0,0,0,0,0,0,0
0,0,0,0,0,0,0,0,0,0,0,0,0,0,0,0,0,0,0,0,0,0,0,0,0,0,0,0,0,0,0,0,0
0,0,0,0,0,0,0,0,0,0,0,0,0,0,0,0,0,0,0,0,0,0,0,0,0,0,0,0,0,0,0,0,0
0,0,0,0,0,0,0,0,0,0,0,0,0,0,0,0,0,0,0,0,0,0,0,0,0,0,0,0,0,0,0,0,0
0,0,0,0,0,0,0,0,0,0,0,0,0,0,0,0,0,0,0,0,0,0,0,0,0,0,0,0,0,0,0,0,0
0,0,0,0,0,0,0,0,0,0,0,0,0,0,0,0,0,0,0,0,0,0,0,0,0,0,0,0,0,0,0,0,0
0,0,0,0,0,0,0,0,0,0,0,0,0,0,0,0,0,0,0,0,0,0,0,0,0,0,0,0,0,0,0,0,0
0,0,0,0,0,0,0,0,0,0,0,0,0,0,0,0,0,0,0,0,0,0,0,0,0,0,0,0,0,0,0,0,0
0,0,0,0,0,0,0,0,0,0,0,0,0,0,0,0,0,0,0,0,0,0,0,0,0,0,0,0,0,0,0,0,0
0,0,0,0,0,0,0,0,0,0,0,0,0,0,0,0,0,0,0,0,0,0,0,0,0,0,0,0,0,0,0,0,0
0,0,0,0,0,0,0,0,0,0,0,0,0,0,0,0,0,0,0,0,0,0,0,0,0,0,0,0,0,0,0,0,0
0,0,0,0,0,0,0,0,0,0,0,0,0,0,0,0,0,0,0,0,0,0,0,0,0,0,0,0,0,0,0,0,0
0,0,0,0,0,0,0,0,0,0,0,0,0,0,0,0,0,0,0,0,0,0,0,0,0,0,0,0,0,0,0,0,0
0,0,0,0,0,0,0,0,0,0,0,0,0,0,0,0,0,0,0,0,0,0,0,0,0,0,0,0,0,0,0,0,0
0,0,0,0,0,0,0,0,0,0,0,0,0,0,0,0,0,0,0,0,0,0,0,0,0,0,0,0,0,0,0,0,0
0,0,0,0,0,0,0,0,0,0,0,0,0,0,0,0,0,0,0,0,0,0,0,0,0,0,0,0,0,0,0,0,0
0,0,0,0,0,0,0,0,0,0,0,0,0,0,0,0,0,0,0,0,0,0,0,0,0,0,0,0,0,0,0,0,0
0,0,0,0,0,0,0,0,0,0,0,0,0,0,0,0,0,0,0,0,0,0,0,0,0,0,0,0,0,0,0,0,0
0,0,0,0,0,0,0,0,0,0,0,0,0,0,0,0,0,0,0,0,0,0,0,0,0,0,0,0,0,0,0,0,0
0,0,0,0,0,0,0,0,0,0,0,0,0,0,0,0,0,0,0,0,0,0,0,0,0,0,0,0,0,0,0,0,0
0,0,0,0,0,0,0,0,0,0,0,0,0,0,0,0,0,0,0,0,0,0,0,0,0,0,0,0,0,0,0,0,0
0,0,0,0,0,0,0,0,0,0,0,0,0,0,0,0,0,0,0,0,0,0,0,0,0,0,0,0,0,0,0,0,0
0,0,0,0,0,0,0,0,0,0,0,0,0,0,0,0,0,0,0,0,0,0,0,0,0,0,0,0,0,0,0,0,0
0,0,0,0,0,0,0,0,0,0,0,0,0,0,0,0,0,0,0,0,0,0,0,0,0,0,0,0,0,0,0,0,0
0,0,0,0,0,0,0,0,0,0,0,0,0,0,0,0,0,0,0,0,0,0,0,0,0,0,0,0,0,0,0,0,0
0,0,0,0,0,0,0,0,0,0,0,0,0,0,0,0,0,0,0,0,0,0,0,0,0,0,0,0,0,0,0,0,0
0,0,0,0,0,0,0,0,0,0,0,0,0,0,0,0,0,0,0,0,0,0,0,0,0,0,0,0,0,0,0,0,0
0,0,0,0,0,0,0,0,0,0,0,0,0,0,0,0,0,0,0,0,0,0,0,0,0,0,0,0,0,0,0,0,0
0,0,0,0,0,0,0,0,0,0,0,0,0,0,0,0,0,0,0,0,0,0,0,0,0,0,0,0,0,0,0,0,0
0,0,0,0,0,0,0,0,0,0,0,0,0,0,0,0,0,0,0,0,0,0,0,0,0,0,0,0,0,0,0,0,0
0,0,0,0,0,0,0,0,0,0,0,0,0,0,0,0,0,0,0,0,0,0,0,0,0,0,0,0,0,0,0,0,0
0,0,0,0,0,0,0,0,0,0,0,0,0,0,0,0,0,0,0,0,0,0,0,0,0,0,0,0,0,0,0,0,0
0,0,0,0,0,0,0,0,0,0,0,0,0,0,0,0,0,0,0,0,0,0,0,0,0,0,0,0,0,0,0,0,0
0,0,0,0,0,0,0,0,0,0,0,0,0,0,0,0,0,0,0,0,0,0,0,0,0,0,0,0,0,0,0,0,0
0,0,0,0,0,0,0,0,0,0,0,0,0,0,0,0,0,0,0,0,0,0,0,0,0,0,0,0,0,0,0,0,0
0,0,0,0,0,0,0,0,0,0,0,0,0,0,0,0,0,0,0,0,0,0,0,0,0,0,0,0,0,0,0,0,0
0,0,0,0,0,0,0,0,0,0,0,0,0,0,0,0,0,0,0,0,0,0,0,0,0,0,0,0,0,0,0,0,0
0,0,0,0,0,0,0,0,0,0,0,0,0,0,0,0,0,0,0,0,0,0,0,0,0,0,0,0,0,0,0,0,0
0,0,0,0,0,0,0,0,0,0,0,0,0,0,0,0,0,0,0,0,0,0,0,0,0,0,0,0,0,0,0,0,0
0,0,0,0,0,0,0,0,0,0,0,0,0,0,0,0,0,0,0,0,0,0,0,0,0,0,0,0,0,0,0,0,0
0,0,0,0,0,0,0,0,0,0,0,0,0,0,0,0,0,0,0,0,0,0,0,0,0,0,0,0,0,0,0,0,0
0,0,0,0,0,0,0,0,0,0,0,0,0,0,0,0,0,0,0,0,0,0,0,0,0,0,0,0,0,0,0,0,0
0,0,0,0,0,0,0,0,0,0,0,0,0,0,0,0,0,0,0,0,0,0,0,0,0,0,0,0,0,0,0,0,0
0,0,0,0,0,0,0,0,0,0,0,0,0,0,0,0,0,0,0,0,0,0,0,0,0,0,0,0,0,0,0,0,0
0,0,0,0,0,0,0,0,0,0,0,0,0,0,0,0,0,0,0,0,0,0,0,0,0,0,0,0,0,0,0,0,0
0,0,0,0,0,0,0,0,0,0,0,0,0,0,0,0,0,0,0,0,0,0,0,0,0,0,0,0,0,0,0,0,0
0,0,0,0,0,0,0,0,0,0,0,0,0,0,0,0,0,0,0,0,0,0,0,0,0,0,0,0,0,0,0,0,0
0,0,0,0,0,0,0,0,0,0,0,0,0,0,0,0,0,0,0,0,0,0,0,0,0,0,0,0,0,0,0,0,0
0,0,0,0,0,0,0,0,0,0,0,0,0,0,0,0,0,0,0,0,0,0,0,0,0,0,0,0,0,0,0,0,0
0,0,0,0,0,0,0,0,0,0,0,0,0,0,0,0,0,0,0,0,0,0,0,0,0,0,0,0,0,0,0,0,0
0,0,0,0,0,0,0,0,0,0,0,0,0,0,0,0,0,0,0,0,0,0,0,0,0,0,0,0,0,0,0,0,0
0,0,0,0,0,0,0,0,0,0,0,0,0,0,0,0,0,0,0,0,0,0,0,0,0,0,0,0,0,0,0,0,0
0,0,0,0,0,0,0,0,0,0,0,0,0,0,0,0,0,0,0,0,0,0,0,0,0,0,0,0,0,0,0,0,0
0,0,0,0,0,0,0,0,0,0,0,0,0,0,0,0,0,0,0,0,0,0,0,0,0,0,0,0,0,0,0,0,0
0,0,0,0,0,0,0,0,0,0,0,0,0,0,0,0,0,0,0,0,0,0,0,0,0,0,0,0,0,0,0,0,0
0,0,0,0,0,0,0,0,0,0,0,0,0,0,0,0,0,0,0,0,0,0,0,0,0,0,0,0,0,0,0,0,0
0,0,0,0,0,0,0,0,0,0,0,0,0,0,0,0,0,0,0,0,0,0,0,0,0,0,0,0,0,0,0,0,0
0,0,0,0,0,0,0,0,0,0,0,0,0,0,0,0,0,0,0,0,0,0,0,0,0,0,0,0,0,0,0,0,0
0,0,0,0,0,0,0,0,0,0,0,0,0,0,0,0,0,0,0,0,0,0,0,0,0,0,0,0,0,0,0,0,0
0,0,0,0,0,0,0,0,0,0,0,0,0,0,0,0,0,0,0,0,0,0,0,0,0,0,0,0,0,0,0,0,0
0,0,0,0,0,0,0,0,0,0,0,0,0,0,0,0,0,0,0,0,0,0,0,0,0,0,0,0,0,0,0,0,0
0,0,0,0,0,0,0,0,0,0,0,0,0,0,0,0,0,0,0,0,0,0,0,0,0,0,0,0,0,0,0,0,0
0,0,0,0,0,0,0,0,0,0,0,0,0,0,0,0,0,0,0,0,0,0,0,0,0,0,0,0,0,0,0,0,0
0,0,0,0,0,0,0,0,0,0,0,0,0,0,0,0,0,0,0,0,0,0,0,0,0,0,0,0,0,0,0,0,0
0,0,0,0,0,0,0,0,0,0,0,0,0,0,0,0,0,0,0,0,0,0,0,0,0,0,0,0,0,0,0,0,0
0,0,0,0,0,0,0,0,0,0,0,0,0,0,0,0,0,0,0,0,0,0,0,0,0,0,0,0,0,0,0,0,0
0,0,0,0,0,0,0,0,0,0,0,0,0,0,0,0,0,0,0,0,0,0,0,0,0,0,0,0,0,0,0,0,0
0,0,0,0,0,0,0,0,0,0,0,0,0,0,0,0,0,0,0,0,0,0,0,0,0,0,0,0,0,0,0,0,0
0,0,0,0,0,0,0,0,0,0,0,0,0,0,0,0,0,0,0,0,0,0,0,0,0,0,0,0,0,0,0,0,0
0,0,0,0,0,0,0,0,0,0,0,0,0,0,0,0,0,0,0,0,0,0,0,0,0,0,0,0,0,0,0,0,0
0,0,0,0,0,0,0,0,0,0,0,0,0,0,0,0,0,0,0,0,0,0,0,0,0,0,0,0,0,0,0,0,0
0,0,0,0,0,0,0,0,0,0,0,0,0,0,0,0,0,0,0,0,0,0,0,0,0,0,0,0,0,0,0,0,0
0,0,0,0,0,0,0,0,0,0,0,0,0,0,0,0,0,0,0,0,0,0,0,0,0,0,0,0,0,0,0,0,0
0,0,0,0,0,0,0,0,0,0,0,0,0,0,0,0,0,0,0,0,0,0,0,0,0,0,0,0,0,0,0,0,0
0,0,0,0,0,0,0,0,0,0,0,0,0,0,0,0,0,0,0,0,0,0,0,0,0,0,0,0,0,0,0,0,0
0,0,0,0,0,0,0,0,0,0,0,0,0,0,0,0,0,0,0,0,0,0,0,0,0,0,0,0,0,0,0,0,20
0,0,0,0,0,0,0,0,0,0,0,0,0,0,0,0,0,0,0,0,0,0,0,0,0,0,0,0,0,0,0,0,0
0,0,0,0,0,0,0,0,0,0,0,0,0,0,0,0,0,0,0,0,0,0,0,0,0,0,0,0,0,0,0,0,0
0,0,0,0,0,0,0,0,0,0,0,0,0,0,0,0,0,0,0,0,0,0,0,0,0,0,0,0,0,0,0,0,0
0,0,0,0,0,0,0,0,0,0,0,0,0,0,0,0,0,0,0,0,0,0,0,0,0,0,0,0,0,0,0,0,0
0,0,0,0,0,0,0,0,0,0,0,0,0,0,0,0,0,0,0,0,0,0,0,0,0,0,0,0,0,0,0,0,24
0,0,0,0,0,0,0,0,0,0,0,0,0,0,0,0,0,0,0,0,0,0,0,0,0,0,0,0,0,0,0,0,0
0,0,0,0,0,0,0,0,0,0,0,0,0,0,0,0,0,0,0,0,0,0,0,0,0,0,0,0,0,0,0,0,0
0,0,0,0,0,0,0,0,0,0,0,0,0,0,0,0,0,0,0,0,0,0,0,0,0,0,0,0,0,0,0,0,0
0,0,0,0,0,0,0,0,0,0,0,0,0,0,0,0,0,0,0,0,0,0,0,0,0,0,0,0,0,0,0,0,0
0,0,0,0,0,0,0,0,0,0,0,0,0,0,0,0,0,0,0,0,0,0,0,0,0,0,0,0,0,0,0,0,0
0,0,0,0,0,0,0,0,0,0,0,0,0,0,0,0,0,0,0,0,0,0,0,0,0,0,0,0,0,0,0,0,0
0,0,0,0,0,0,0,0,0,0,0,0,0,0,0,0,0,0,0,0,0,0,0,0,0,0,0,0,0,0,0,0,0
0,0,0,0,0,0,0,0,0,0,0,0,0,0,0,0,0,0,0,0,0,0,0,0,0,0,0,0,0,0,0,0,40
0,0,0,0,0,0,0,0,0,0,0,0,0,0,0,0,0,0,0,0,0,0,0,0,0,0,0,0,0,0,0,0,24
0,0,0,0,0,0,0,0,0,0,0,0,0,0,0,0,0,0,0,0,0,0,0,0,0,0,0,0,0,0,0,0,30
0,0,0,0,0,0,0,0,0,0,0,0,0,0,0,0,0,0,0,0,0,0,0,0,0,0,0,0,0,0,0,0,37
0,0,0,0,0,0,0,0,0,0,0,0,0,0,0,0,0,0,0,0,0,0,0,0,0,0,0,0,0,0,0,0,31
0,0,0,0,0,0,0,0,0,0,0,0,0,0,0,0,0,0,0,0,0,0,0,0,0,0,0,0,0,0,0,0,67
0,0,0,0,0,0,0,0,0,0,0,0,0,0,0,0,0,0,0,0,0,0,0,0,0,0,0,0,0,0,0,0,0
0,0,0,0,0,0,0,0,0,0,0,0,0,0,0,0,0,0,0,0,0,0,0,0,0,0,0,0,0,0,0,0,0
0,0,0,0,0,0,0,0,0,0,0,0,0,0,0,0,0,0,0,0,0,0,0,0,0,0,0,0,0,0,0,0,0
0,0,0,0,0,0,0,0,0,0,0,0,0,0,0,0,0,0,0,0,0,0,0,0,0,0,0,0,0,0,0,0,0
0,0,0,0,0,0,0,0,0,0,0,0,0,0,0,0,0,0,0,0,0,0,0,0,0,0,0,0,0,0,0,0,0
0,0,0,0,0,0,0,0,0,0,0,0,0,0,0,0,0,0,0,0,0,0,0,0,0,0,0,0,0,0,0,0,0
0,0,0,0,0,0,0,0,0,0,0,0,0,0,0,0,0,0,0,0,0,0,0,0,0,0,0,0,0,0,0,0,0
0,0,0,0,0,0,0,0,0,0,0,0,0,0,0,0,0,0,0,0,0,0,0,0,0,0,0,0,0,0,0,0,0
0,0,0,0,0,0,0,0,0,0,0,0,0,0,0,0,0,0,0,0,0,0,0,0,0,0,0,0,0,0,0,0,0
0,0,0,0,0,0,0,0,0,0,0,0,0,0,0,0,0,0,0,0,0,0,0,0,0,0,0,0,0,0,0,0,0
0,0,0,0,0,0,0,0,0,0,0,0,0,0,0,0,0,0,0,0,0,0,0,0,0,0,0,0,0,0,0,0,0
0,0,0,0,0,0,0,0,0,0,0,0,0,0,0,0,0,0,0,0,0,0,0,0,0,0,0,0,0,0,0,0,0
0,0,0,0,0,0,0,0,0,0,0,0,0,0,0,0,0,0,0,0,0,0,0,0,0,0,0,0,0,0,0,0,0
0,0,0,0,0,0,0,0,0,0,0,0,0,0,0,0,0,0,0,0,0,0,0,0,0,0,0,0,0,0,0,0,0
0,0,0,0,0,0,0,0,0,0,0,0,0,0,0,0,0,0,0,0,0,0,0,0,0,0,0,0,0,0,0,0,0
0,0,0,0,0,0,0,0,0,0,0,0,0,0,0,0,0,0,0,0,0,0,0,0,0,0,0,0,0,0,0,0,0
0,0,0,0,0,0,0,0,0,0,0,0,0,0,0,0,0,0,0,0,0,0,0,0,0,0,0,0,0,0,0,0,0
0,0,0,0,0,0,0,0,0,0,0,0,0,0,0,0,0,0,0,0,0,0,0,0,0,0,0,0,0,0,0,0,0
0,0,0,0,0,0,0,0,0,0,0,0,0,0,0,0,0,0,0,0,0,0,0,0,0,0,0,0,0,0,0,0,0
0,0,0,0,0,0,0,0,0,0,0,0,0,0,0,0,0,0,0,0,0,0,0,0,0,0,0,0,0,0,0,0,0
0,0,0,0,0,0,0,0,0,0,0,0,0,0,0,0,0,0,0,0,0,0,0,0,0,0,0,0,0,0,0,0,0
0,0,0,0,0,0,0,0,0,0,0,0,0,0,0,0,0,0,0,0,0,0,0,0,0,0,0,0,0,0,0,0,0
0,0,0,0,0,0,0,0,0,0,0,0,0,0,0,0,0,0,0,0,0,0,0,0,0,0,0,0,0,0,0,0,0
0,0,0,0,0,0,0,0,0,0,0,0,0,0,0,0,0,0,0,0,0,0,0,0,0,0,0,0,0,0,0,0,0
0,0,0,0,0,0,0,0,0,0,0,0,0,0,0,0,0,0,0,0,0,0,0,0,0,0,0,0,0,0,0,0,0
0,0,0,0,0,0,0,0,0,0,0,0,0,0,0,0,0,0,0,0,0,0,0,0,0,0,0,0,0,0,0,0,0
0,0,0,0,0,0,0,0,0,0,0,0,0,0,0,0,0,0,0,0,0,0,0,0,0,0,0,0,0,0,0,0,0
0,0,0,0,0,0,0,0,0,0,0,0,0,0,0,0,0,0,0,0,0,0,0,0,0,0,0,0,0,0,0,0,0
0,0,0,0,0,0,0,0,0,0,0,0,0,0,0,0,0,0,0,0,0,0,0,0,0,0,0,0,0,0,0,0,0
0,0,0,0,0,0,0,0,0,0,0,0,0,0,0,0,0,0,0,0,0,0,0,0,0,0,0,0,0,0,0,0,0
0,0,0,0,0,0,0,0,0,0,0,0,0,0,0,0,0,0,0,0,0,0,0,0,0,0,0,0,0,0,0,0,0
0,0,0,0,0,0,0,0,0,0,0,0,0,0,0,0,0,0,0,0,0,0,0,0,0,0,0,0,0,0,0,0,0
0,0,0,0,0,0,0,0,0,0,0,0,0,0,0,0,0,0,0,0,0,0,0,0,0,0,0,0,0,0,0,0,0
0,0,0,0,0,0,0,0,0,0,0,0,0,0,0,0,0,0,0,0,0,0,0,0,0,0,0,0,0,0,0,0,0
0,0,0,0,0,0,0,0,0,0,0,0,0,0,0,0,0,0,0,0,0,0,0,0,0,0,0,0,0,0,0,0,0
0,0,0,0,0,0,0,0,0,0,0,0,0,0,0,0,0,0,0,0,0,0,0,0,0,0,0,0,0,0,0,0,0
0,0,0,0,0,0,0,0,0,0,0,0,0,0,0,0,0,0,0,0,0,0,0,0,0,0,0,0,0,0,0,0,0
0,0,0,0,0,0,0,0,0,0,0,0,0,0,0,0,0,0,0,0,0,0,0,0,0,0,0,0,0,0,0,0,0
0,0,0,0,0,0,0,0,0,0,0,0,0,0,0,0,0,0,0,0,0,0,0,0,0,0,0,0,0,0,0,0,0
0,0,0,0,0,0,0,0,0,0,0,0,0,0,0,0,0,0,0,0,0,0,0,0,0,0,0,0,0,0,0,0,0
