0,1,2,3,4,5,6,7,8,9,10,11,12,13,14,15,16,17,18,19,20,21,22,23,24,25,26,27,28,29,30,31,32,33,34,35,36,37,38,39,40,41,42,43,44,45,46
76,0,0,0,0,0,0,0,0,0,0,0,0,0,0,0,0,0,0,0,0,0,0,0,0,0,0,0,0,0,0,0,0,0,0,0,0,0,0,0,0,0,0,0,0,0,0
111,33,53,37,41,24,0,0,0,0,0,0,0,0,0,0,0,0,0,0,0,0,0,0,0,0,0,0,0,0,0,0,0,0,0,0,0,0,0,0,0,0,0,0,0,0,0
74,32,53,28,54,0,22,0,0,0,0,0,0,0,0,0,0,0,0,0,0,0,0,0,0,0,0,0,0,0,0,0,0,0,0,0,0,0,0,0,0,0,0,0,0,0,0
109,42,20,21,64,0,0,0,0,0,0,0,0,0,0,0,0,0,0,0,0,0,0,0,0,0,0,0,0,0,0,0,0,0,0,0,0,0,0,0,0,0,0,0,0,0,0
77,60,36,46,54,0,0,0,0,0,0,0,0,0,0,0,0,0,0,0,0,0,0,0,0,0,0,0,0,0,0,0,0,0,0,0,0,0,0,0,0,0,0,0,0,0,0
78,62,42,0,0,0,23,0,0,0,0,0,0,0,0,0,0,0,0,0,0,0,0,0,0,0,0,0,0,0,0,0,0,0,0,0,0,0,0,0,0,0,0,0,0,0,0
63,71,47,28,56,0,0,0,0,0,0,0,0,0,0,0,0,0,0,0,0,0,0,0,0,0,0,0,0,0,0,0,0,0,0,0,0,0,0,0,0,0,0,0,0,0,0
124,35,26,45,40,23,0,0,0,0,0,0,0,0,0,0,0,0,0,0,0,0,0,0,0,0,0,0,0,0,0,0,0,0,0,0,0,0,0,0,0,0,0,0,0,0,0
91,43,29,20,57,20,0,0,0,0,0,0,0,0,0,0,0,0,0,0,0,0,0,0,0,0,0,0,0,0,0,0,0,0,0,0,0,0,0,0,0,0,0,0,0,0,0
85,41,31,37,69,0,0,0,0,0,0,0,0,0,0,0,0,0,0,0,0,0,0,0,0,0,0,0,0,0,0,0,0,0,0,0,0,0,0,0,0,0,0,0,0,0,0
63,41,22,27,51,0,0,23,0,0,0,0,0,0,0,0,0,0,0,0,0,0,0,0,0,0,0,0,0,0,0,0,0,0,0,0,0,0,0,0,0,0,0,0,0,0,0
50,44,36,23,64,0,0,0,0,0,0,0,0,0,0,0,0,0,0,0,0,0,0,0,0,0,0,0,0,0,0,0,0,0,0,0,0,0,0,0,0,0,0,0,0,0,0
61,76,76,53,61,0,0,24,0,0,0,0,0,0,0,0,0,0,0,0,0,0,0,0,0,0,0,0,0,0,0,0,0,0,0,0,0,0,0,0,0,0,0,0,0,0,0
87,57,57,69,69,0,0,0,161,0,0,0,0,0,0,0,0,0,0,0,0,0,0,0,0,0,0,0,0,0,0,0,0,0,0,0,0,0,0,0,0,0,0,0,0,0,0
42,54,54,63,63,0,0,0,136,0,0,0,0,0,0,0,0,0,0,0,0,0,0,0,0,0,0,0,0,0,0,0,0,0,0,0,0,0,0,0,0,0,0,0,0,0,0
44,54,54,58,58,0,0,0,177,21,0,0,0,0,0,0,0,0,0,0,0,0,0,0,0,0,0,0,0,0,0,0,0,0,0,0,0,0,0,0,0,0,0,0,0,0,0
48,71,71,31,31,0,0,23,261,30,0,0,0,0,0,0,0,0,0,0,0,0,0,0,0,0,0,0,0,0,0,0,0,0,0,0,0,0,0,0,0,0,0,0,0,0,0
92,73,73,58,58,0,22,22,274,38,0,0,0,0,0,0,0,0,0,0,0,0,0,0,0,0,0,0,0,0,0,0,0,0,0,0,0,0,0,0,0,0,0,0,0,0,0
57,52,52,32,32,0,29,29,289,53,0,0,0,0,0,0,0,0,0,0,0,0,0,0,0,0,0,0,0,0,0,0,0,0,0,0,0,0,0,0,0,0,0,0,0,0,0
116,73,73,63,63,0,21,21,290,46,0,0,0,0,0,0,0,0,0,0,0,0,0,0,0,0,0,0,0,0,0,0,0,0,0,0,0,0,0,0,0,0,0,0,0,0,0
142,46,46,63,63,0,23,23,285,54,0,0,0,0,0,0,0,0,0,0,0,0,0,0,0,0,0,0,0,0,0,0,0,0,0,0,0,0,0,0,0,0,0,0,0,0,0
115,69,69,68,68,0,26,26,304,53,0,0,0,0,0,0,0,0,0,0,0,0,0,0,0,0,0,0,0,0,0,0,0,0,0,0,0,0,0,0,0,0,0,0,0,0,0
120,121,121,54,54,0,22,22,220,63,0,0,0,0,0,0,0,0,0,0,0,0,0,0,0,0,0,0,0,0,0,0,0,0,0,0,0,0,0,0,0,0,0,0,0,0,0
179,136,136,61,61,0,31,31,278,100,0,0,0,0,0,0,0,0,0,0,0,0,0,0,0,0,0,0,0,0,0,0,0,0,0,0,0,0,0,0,0,0,0,0,0,0,0
114,111,111,73,73,0,32,32,189,38,0,0,0,0,0,0,0,0,0,0,0,0,0,0,0,0,0,0,0,0,0,0,0,0,0,0,0,0,0,0,0,0,0,0,0,0,0
143,111,111,27,27,0,22,22,181,46,0,0,0,0,0,0,0,0,0,0,0,0,0,0,0,0,0,0,0,0,0,0,0,0,0,0,0,0,0,0,0,0,0,0,0,0,0
102,101,101,51,51,0,26,26,175,88,0,0,0,0,0,0,0,0,0,0,0,0,0,0,0,0,0,0,0,0,0,0,0,0,0,0,0,0,0,0,0,0,0,0,0,0,0
117,101,101,24,24,0,27,27,148,79,0,0,0,0,0,0,0,0,0,0,0,0,0,0,0,0,0,0,0,0,0,0,0,0,0,0,0,0,0,0,0,0,0,0,0,0,0
90,115,115,64,64,0,28,28,177,20,0,0,0,0,0,0,0,0,0,0,0,0,0,0,0,0,0,0,0,0,0,0,0,0,0,0,0,0,0,0,0,0,0,0,0,0,0
132,108,108,46,46,0,40,40,146,42,0,0,0,0,0,0,0,0,0,0,0,0,0,0,0,0,0,0,0,0,0,0,0,0,0,0,0,0,0,0,0,0,0,0,0,0,0
97,100,100,43,43,0,65,65,172,122,0,0,0,0,0,0,0,0,0,0,0,0,0,0,0,0,0,0,0,0,0,0,0,0,0,0,0,0,0,0,0,0,0,0,0,0,0
116,101,101,30,30,0,78,78,161,73,0,0,0,0,0,0,0,0,0,0,0,0,0,0,0,0,0,0,0,0,0,0,0,0,0,0,0,0,0,0,0,0,0,0,0,0,0
58,89,89,38,38,0,34,34,156,78,0,0,0,0,0,0,0,0,0,0,0,0,0,0,0,0,0,0,0,0,0,0,0,0,0,0,0,0,0,0,0,0,0,0,0,0,0
51,77,77,34,34,0,79,79,140,78,0,0,0,0,0,0,0,0,0,0,0,0,0,0,0,0,0,0,0,0,0,0,0,0,0,0,0,0,0,0,0,0,0,0,0,0,0
90,89,89,26,26,0,26,26,140,93,0,0,0,0,0,0,0,0,0,0,0,0,0,0,0,0,0,0,0,0,0,0,0,0,0,0,0,0,0,0,0,0,0,0,0,0,0
57,110,110,38,38,0,33,33,189,97,0,0,0,0,0,0,0,0,0,0,0,0,0,0,0,0,0,0,0,0,0,0,0,0,0,0,0,0,0,0,0,0,0,0,0,0,0
49,117,117,33,33,0,33,33,191,105,0,0,0,0,0,0,0,0,0,0,0,0,0,0,0,0,0,0,0,0,0,0,0,0,0,0,0,0,0,0,0,0,0,0,0,0,0
88,121,121,52,52,0,45,45,214,129,0,0,0,0,0,0,0,0,0,0,0,0,0,0,0,0,0,0,0,0,0,0,0,0,0,0,0,0,0,0,0,0,0,0,0,0,0
48,105,105,40,40,0,30,30,218,136,0,0,0,0,0,0,0,0,0,0,0,0,0,0,0,0,0,0,0,0,0,0,0,0,0,0,0,0,0,0,0,0,0,0,0,0,0
23,114,114,36,36,0,39,39,159,149,0,0,0,0,0,0,0,0,0,0,0,0,0,0,0,0,0,0,0,0,0,0,0,0,0,0,0,0,0,0,0,0,0,0,0,0,0
54,133,133,21,21,0,64,64,126,112,0,0,0,0,0,0,0,0,0,0,0,0,0,0,0,0,0,0,0,0,0,0,0,0,0,0,0,0,0,0,0,0,0,0,0,0,0
320,128,128,28,28,0,35,35,95,129,0,0,0,0,0,0,0,0,0,0,0,0,0,0,0,0,0,0,0,0,0,0,0,0,0,0,0,0,0,0,0,0,0,0,0,0,0
298,156,156,48,48,0,62,62,90,93,0,0,0,0,0,0,0,0,0,0,0,0,0,0,0,0,0,0,0,0,0,0,0,0,0,0,0,0,0,0,0,0,0,0,0,0,0
282,155,155,41,41,0,65,65,77,56,0,0,0,0,0,0,0,0,0,0,0,0,0,0,0,0,0,0,0,0,0,0,0,0,0,0,0,0,0,0,0,0,0,0,0,0,0
298,139,139,44,44,0,43,43,95,72,0,0,0,0,0,0,0,0,0,0,0,0,0,0,0,0,0,0,0,0,0,0,0,0,0,0,0,0,0,0,0,0,0,0,0,0,0
271,155,155,51,51,0,50,50,69,46,0,0,0,0,0,0,0,0,0,0,0,0,0,0,0,0,0,0,0,0,0,0,0,0,0,0,0,0,0,0,0,0,0,0,0,0,0
335,179,179,93,93,0,58,58,135,56,0,0,0,0,0,0,0,0,0,0,0,0,0,0,0,0,0,0,0,0,0,0,0,0,0,0,0,0,0,0,0,0,0,0,0,0,0
221,156,156,86,86,0,105,105,112,75,0,0,0,0,0,0,0,0,0,0,0,0,0,0,0,0,0,0,0,0,0,0,0,0,0,0,0,0,0,0,0,0,0,0,0,0,0
242,148,148,75,75,0,33,33,137,69,0,0,0,0,0,0,0,0,0,0,0,0,0,0,0,0,0,0,0,0,0,0,0,0,0,0,0,0,0,0,0,0,0,0,0,0,0
265,154,154,52,52,0,51,51,84,62,0,0,0,0,0,0,0,0,0,0,0,0,0,0,0,0,0,0,0,0,0,0,0,0,0,0,0,0,0,0,0,0,0,0,0,0,0
194,152,152,38,38,0,25,25,87,60,0,0,0,0,0,0,0,0,0,0,0,0,0,0,0,0,0,0,0,0,0,0,0,0,0,0,0,0,0,0,0,0,0,0,0,0,0
202,176,176,37,37,0,70,70,291,50,0,0,0,0,0,0,0,0,0,0,0,0,0,0,0,0,0,0,0,0,0,0,0,0,0,0,0,0,0,0,0,0,0,0,0,0,0
215,185,185,34,34,0,76,76,322,73,0,0,0,0,0,0,0,0,0,0,0,0,0,0,0,0,0,0,0,0,0,0,0,0,0,0,0,0,0,0,0,0,0,0,0,0,0
222,186,186,33,33,0,29,29,339,56,0,0,0,0,0,0,0,0,0,0,0,0,0,0,0,0,0,0,0,0,0,0,0,0,0,0,0,0,0,0,0,0,0,0,0,0,0
200,241,241,27,27,0,24,24,307,54,0,0,0,0,0,0,0,0,0,0,0,0,0,0,0,0,0,0,0,0,0,0,0,0,0,0,0,0,0,0,0,0,0,0,0,0,0
186,255,255,22,22,0,23,23,383,40,0,0,0,0,0,0,0,0,0,0,0,0,0,0,0,0,0,0,0,0,0,0,0,0,0,0,0,0,0,0,0,0,0,0,0,0,0
241,213,213,45,45,0,0,0,405,23,0,0,0,0,0,0,0,0,0,0,0,0,0,0,0,0,0,0,0,0,0,0,0,0,0,0,0,0,0,0,0,0,0,0,0,0,0
137,243,243,79,79,0,0,0,415,34,0,0,0,0,0,0,0,0,0,0,0,0,0,0,0,0,0,0,0,0,0,0,0,0,0,0,0,0,0,0,0,0,0,0,0,0,0
224,267,267,50,50,0,0,0,501,35,0,0,0,0,0,0,0,0,0,0,0,0,0,0,0,0,0,0,0,0,0,0,0,0,0,0,0,0,0,0,0,0,0,0,0,0,0
161,306,306,24,24,0,0,0,491,24,0,0,0,0,0,0,0,0,0,0,0,0,0,0,0,0,0,0,0,0,0,0,0,0,0,0,0,0,0,0,0,0,0,0,0,0,0
116,278,278,0,0,0,0,0,534,0,0,0,0,0,0,0,0,0,0,0,0,0,0,0,0,0,0,0,0,0,0,0,0,0,0,0,0,0,0,0,0,0,0,0,0,0,0
185,271,271,32,32,0,0,0,481,32,0,0,0,0,0,0,0,0,0,0,0,0,0,0,0,0,0,0,0,0,0,0,0,0,0,0,0,0,0,0,0,0,0,0,0,0,0
182,247,247,39,39,0,31,31,587,39,0,0,0,0,0,0,0,0,0,0,0,0,0,0,0,0,0,0,0,0,0,0,0,0,0,0,0,0,0,0,0,0,0,0,0,0,0
186,227,227,30,30,0,0,0,651,30,0,0,0,0,0,0,0,0,0,0,0,0,0,0,0,0,0,0,0,0,0,0,0,0,0,0,0,0,0,0,0,0,0,0,0,0,0
267,282,282,42,42,0,0,0,652,42,0,0,0,0,0,0,0,0,0,0,0,0,0,0,0,0,0,0,0,0,0,0,0,0,0,0,0,0,0,0,0,0,0,0,0,0,0
197,207,207,22,22,0,0,0,619,22,0,0,0,0,0,0,0,0,0,0,0,0,0,0,0,0,0,0,0,0,0,0,0,0,0,0,0,0,0,0,0,0,0,0,0,0,0
233,273,273,72,72,0,0,0,635,72,0,0,0,0,0,0,0,0,0,0,0,0,0,0,0,0,0,0,0,0,0,0,0,0,0,0,0,0,0,0,0,0,0,0,0,0,0
262,302,302,40,40,0,0,0,590,40,0,0,0,0,0,0,0,0,0,0,0,0,0,0,0,0,0,0,0,0,0,0,0,0,0,0,0,0,0,0,0,0,0,0,0,0,0
188,306,306,35,35,0,0,0,664,35,0,0,0,0,0,0,0,0,0,0,0,0,0,0,0,0,0,0,0,0,0,0,0,0,0,0,0,0,0,0,0,0,0,0,0,0,0
761,299,299,55,55,38,0,0,761,55,0,0,0,0,0,0,0,0,0,0,0,0,0,0,0,0,0,0,0,0,0,0,0,0,0,0,0,0,0,0,0,0,0,0,0,0,0
644,354,354,38,38,20,0,0,644,38,0,0,0,0,0,0,0,0,0,0,0,0,0,0,0,0,0,0,0,0,0,0,0,0,0,0,0,0,0,0,0,0,0,0,0,0,0
837,397,397,31,31,0,0,0,837,31,22,24,0,0,0,0,0,0,0,0,0,0,0,0,0,0,0,0,0,0,0,0,0,0,0,0,0,0,0,0,0,0,0,0,0,0,0
793,363,363,43,43,0,0,0,793,43,37,76,0,0,0,0,0,0,0,0,0,0,0,0,0,0,0,0,0,0,0,0,0,0,0,0,0,0,0,0,0,0,0,0,0,0,0
745,426,426,25,25,0,0,0,745,25,43,84,0,0,0,0,0,0,0,0,0,0,0,0,0,0,0,0,0,0,0,0,0,0,0,0,0,0,0,0,0,0,0,0,0,0,0
844,296,296,30,30,0,0,0,844,30,56,99,16,0,0,0,0,0,0,0,0,0,0,0,0,0,0,0,0,0,0,0,0,0,0,0,0,0,0,0,0,0,0,0,0,0,0
771,291,291,38,38,0,0,0,771,38,65,120,0,0,0,0,0,0,0,0,0,0,0,0,0,0,0,0,0,0,0,0,0,0,0,0,0,0,0,0,0,0,0,0,0,0,0
687,287,287,49,49,0,0,0,687,49,75,129,0,0,0,0,0,0,0,0,0,0,0,0,0,0,0,0,0,0,0,0,0,0,0,0,0,0,0,0,0,0,0,0,0,0,0
693,290,290,91,91,0,0,0,693,91,102,152,0,0,0,0,0,0,0,0,0,0,0,0,0,0,0,0,0,0,0,0,0,0,0,0,0,0,0,0,0,0,0,0,0,0,0
786,400,400,49,49,0,0,0,786,49,128,179,0,0,0,0,0,0,0,0,0,0,0,0,0,0,0,0,0,0,0,0,0,0,0,0,0,0,0,0,0,0,0,0,0,0,0
817,392,392,68,68,0,0,0,817,68,143,178,0,32,0,0,0,0,0,0,0,0,0,0,0,0,0,0,0,0,0,0,0,0,0,0,0,0,0,0,0,0,0,0,0,0,0
744,320,320,27,27,0,20,20,744,27,126,211,65,0,0,0,0,0,0,0,0,0,0,0,0,0,0,0,0,0,0,0,0,0,0,0,0,0,0,0,0,0,0,0,0,0,0
740,367,367,21,21,0,0,0,740,21,153,214,40,0,0,0,0,0,0,0,0,0,0,0,0,0,0,0,0,0,0,0,0,0,0,0,0,0,0,0,0,0,0,0,0,0,0
788,429,429,21,21,0,0,0,788,21,159,212,788,21,0,0,0,0,0,0,0,0,0,0,0,0,0,0,0,0,0,0,0,0,0,0,0,0,0,0,0,0,0,0,0,0,0
870,437,437,23,23,0,26,26,870,23,242,253,870,23,22,19,0,0,0,0,0,0,0,0,0,0,0,0,0,0,0,0,0,0,0,0,0,0,0,0,0,0,0,0,0,0,0
836,400,400,71,71,0,25,25,836,71,223,282,836,71,21,0,0,0,0,0,0,0,0,0,0,0,0,0,0,0,0,0,0,0,0,0,0,0,0,0,0,0,0,0,0,0,0
777,383,383,46,46,0,0,0,777,46,300,305,777,46,0,0,28,0,0,0,0,0,0,0,0,0,0,0,0,0,0,0,0,0,0,0,0,0,0,0,0,0,0,0,0,0,0
746,450,450,22,22,0,31,31,746,22,218,337,746,22,0,0,28,0,0,0,0,0,0,0,0,0,0,0,0,0,0,0,0,0,0,0,0,0,0,0,0,0,0,0,0,0,0
729,430,430,35,35,0,27,27,729,35,202,373,729,35,0,729,25,0,0,0,0,0,0,0,0,0,0,0,0,0,0,0,0,0,0,0,0,0,0,0,0,0,0,0,0,0,0
606,402,402,35,35,0,26,26,606,35,215,449,606,35,20,606,29,0,0,0,0,0,0,0,0,0,0,0,0,0,0,0,0,0,0,0,0,0,0,0,0,0,0,0,0,0,0
732,421,421,67,67,0,32,32,732,67,210,404,732,67,67,732,25,0,0,0,0,0,0,0,0,0,0,0,0,0,0,0,0,0,0,0,0,0,0,0,0,0,0,0,0,0,0
716,480,480,43,43,0,20,20,716,43,231,449,716,43,43,716,25,0,0,0,0,0,0,0,0,0,0,0,0,0,0,0,0,0,0,0,0,0,0,0,0,0,0,0,0,0,0
719,405,405,58,58,0,31,31,719,58,256,479,719,58,58,719,29,0,0,0,0,0,0,0,0,0,0,0,0,0,0,0,0,0,0,0,0,0,0,0,0,0,0,0,0,0,0
916,916,916,43,43,0,59,59,916,43,279,494,916,43,43,916,42,0,0,0,0,0,0,0,0,0,0,0,0,0,0,0,0,0,0,0,0,0,0,0,0,0,0,0,0,0,0
513,513,513,23,23,0,23,23,513,23,321,488,513,23,23,513,43,0,0,0,0,0,0,0,0,0,0,0,0,0,0,0,0,0,0,0,0,0,0,0,0,0,0,0,0,0,0
784,784,784,20,20,0,24,24,784,20,409,616,784,20,20,784,38,0,0,0,0,0,0,0,0,0,0,0,0,0,0,0,0,0,0,0,0,0,0,0,0,0,0,0,0,0,0
334,334,334,94,94,0,34,34,334,94,397,611,334,94,94,334,28,0,0,0,0,0,0,0,0,0,0,0,0,0,0,0,0,0,0,0,0,0,0,0,0,0,0,0,0,0,0
400,400,400,66,66,0,383,383,400,66,406,631,400,66,66,400,27,73,0,0,0,0,0,0,0,0,0,0,0,0,0,0,0,0,0,0,0,0,0,0,0,0,0,0,0,0,0
356,356,356,25,25,0,355,355,356,25,227,495,356,25,25,356,36,39,34,0,0,0,0,0,0,0,0,0,0,0,0,0,0,0,0,0,0,0,0,0,0,0,0,0,0,0,0
454,454,454,37,37,0,410,410,454,37,426,505,454,37,37,454,32,43,410,0,0,0,0,0,0,0,0,0,0,0,0,0,0,0,0,0,0,0,0,0,0,0,0,0,0,0,0
952,952,952,49,49,0,952,952,952,49,382,544,952,49,49,952,29,71,952,0,0,0,0,0,0,0,0,0,0,0,0,0,0,0,0,0,0,0,0,0,0,0,0,0,0,0,0
483,483,483,81,81,0,483,483,483,81,429,483,483,81,81,483,28,534,483,23,0,0,0,0,0,0,0,0,0,0,0,0,0,0,0,0,0,0,0,0,0,0,0,0,0,0,0
1077,1077,1077,68,68,0,1077,1077,1077,68,425,548,1077,68,68,1077,38,1077,1077,0,0,0,0,0,0,0,0,0,0,0,0,0,0,0,0,0,0,0,0,0,0,0,0,0,0,0,0
953,953,953,53,53,0,953,953,953,53,468,614,953,53,53,953,30,953,953,31,49,0,0,0,0,0,0,0,0,0,0,0,0,0,0,0,0,0,0,0,0,0,0,0,0,0,0
895,895,895,68,68,0,895,895,895,68,505,568,895,68,68,895,31,895,895,0,0,0,0,0,0,0,0,0,0,0,0,0,0,0,0,0,0,0,0,0,0,0,0,0,0,0,0
901,901,901,85,85,0,901,901,901,85,532,637,901,85,85,901,34,901,901,0,0,0,0,0,0,0,0,0,0,0,0,0,0,0,0,0,0,0,0,0,0,0,0,0,0,0,0
730,730,730,35,35,0,730,730,730,35,521,505,730,35,35,730,27,730,730,25,25,0,0,0,0,0,0,0,0,0,0,0,0,0,0,0,0,0,0,0,0,0,0,0,0,0,0
800,800,800,94,94,0,800,800,800,94,511,712,800,94,94,800,21,800,800,0,0,0,0,0,0,0,0,0,0,0,0,0,0,0,0,0,0,0,0,0,0,0,0,0,0,0,0
779,779,779,138,138,0,779,779,779,138,415,733,779,138,138,779,28,779,779,20,20,0,0,0,0,0,0,0,0,0,0,0,0,0,0,0,0,0,0,0,0,0,0,0,0,0,0
633,633,633,154,154,0,633,633,633,154,363,580,633,154,154,633,31,633,633,0,0,0,0,0,0,0,0,0,0,0,0,0,0,0,0,0,0,0,0,0,0,0,0,0,0,0,0
501,501,501,154,154,0,501,501,501,154,326,708,501,154,154,501,35,501,501,9,9,0,0,0,0,0,0,0,0,0,0,0,0,0,0,0,0,0,0,0,0,0,0,0,0,0,0
546,546,546,126,126,0,546,546,546,126,336,758,546,126,126,546,37,546,546,546,546,0,0,0,0,0,0,0,0,0,0,0,0,0,0,0,0,0,0,0,0,0,0,0,0,0,0
597,597,597,903,903,0,597,597,597,903,432,903,597,903,903,597,35,597,597,597,597,0,0,0,0,0,0,0,0,0,0,0,0,0,0,0,0,0,0,0,0,0,0,0,0,0,0
622,622,622,855,855,0,622,622,622,855,465,855,622,855,855,622,28,622,622,622,622,0,0,0,0,0,0,0,0,0,0,0,0,0,0,0,0,0,0,0,0,0,0,0,0,0,0
579,579,579,574,574,0,579,579,579,574,638,574,579,574,574,579,27,579,579,579,579,0,0,0,0,0,0,0,0,0,0,0,0,0,0,0,0,0,0,0,0,0,0,0,0,0,0
522,522,522,885,885,0,522,522,522,885,450,885,522,885,885,522,31,522,522,522,522,0,0,0,0,0,0,0,0,0,0,0,0,0,0,0,0,0,0,0,0,0,0,0,0,0,0
544,544,544,932,932,0,544,544,544,932,492,932,544,932,932,544,35,544,544,544,544,0,0,0,0,0,0,0,0,0,0,0,0,0,0,0,0,0,0,0,0,0,0,0,0,0,0
545,545,545,787,787,0,545,545,545,787,448,787,545,787,787,545,39,545,545,545,545,81,0,0,0,0,0,0,0,0,0,0,0,0,0,0,0,0,0,0,0,0,0,0,0,0,0
586,586,586,1265,1265,0,586,586,586,1265,436,1265,586,1265,1265,586,26,586,586,586,586,114,0,0,0,0,0,0,0,0,0,0,0,0,0,0,0,0,0,0,0,0,0,0,0,0,0
673,673,673,1267,1267,0,673,673,673,1267,457,1267,673,1267,1267,673,32,673,673,673,673,207,0,0,0,0,0,0,0,0,0,0,0,0,0,0,0,0,0,0,0,0,0,0,0,0,0
744,744,744,830,830,0,744,744,744,830,519,830,744,830,830,744,26,744,744,744,744,226,0,0,0,0,0,0,0,0,0,0,0,0,0,0,0,0,0,0,0,0,0,0,0,0,0
731,731,731,802,802,0,731,731,731,802,709,802,731,802,802,731,32,731,731,731,731,709,0,0,0,0,0,0,0,0,0,0,0,0,0,0,0,0,0,0,0,0,0,0,0,0,0
755,755,755,1155,1155,0,755,755,755,1155,466,1155,755,1155,1155,755,33,755,755,755,755,466,0,0,0,0,0,0,0,0,0,0,0,0,0,0,0,0,0,0,0,0,0,0,0,0,0
732,732,732,991,991,0,732,732,732,991,414,991,732,991,991,732,26,732,732,732,732,414,0,0,0,0,0,0,0,0,0,0,0,0,0,0,0,0,0,0,0,0,0,0,0,0,0
789,789,789,1135,1135,0,789,789,789,1135,446,1135,789,1135,1135,789,80,789,789,789,789,446,0,0,0,0,0,0,0,0,0,0,0,0,0,0,0,0,0,0,0,0,0,0,0,0,0
710,710,710,1131,1131,0,710,710,710,1131,493,1131,710,1131,1131,710,102,710,710,710,710,493,0,0,0,0,0,0,0,0,0,0,0,0,0,0,0,0,0,0,0,0,0,0,0,0,0
737,737,737,807,807,0,737,737,737,807,516,807,737,807,807,737,60,737,737,737,737,516,0,0,0,0,0,0,0,0,0,0,0,0,0,0,0,0,0,0,0,0,0,0,0,0,0
606,606,606,947,947,0,606,606,606,947,460,947,606,947,947,606,67,606,606,606,606,460,21,0,0,0,0,0,0,0,0,0,0,0,0,0,0,0,0,0,0,0,0,0,0,0,0
627,627,627,874,874,0,627,627,627,874,474,874,627,874,874,627,73,627,627,627,627,474,79,0,0,0,0,0,0,0,0,0,0,0,0,0,0,0,0,0,0,0,0,0,0,0,0
583,583,583,891,891,0,583,583,583,891,529,891,583,891,891,583,62,583,583,583,583,529,129,0,0,0,0,0,0,0,0,0,0,0,0,0,0,0,0,0,0,0,0,0,0,0,0
499,499,499,946,946,0,499,499,499,946,500,946,499,946,946,499,58,499,499,499,499,500,135,0,0,0,0,0,0,0,0,0,0,0,0,0,0,0,0,0,0,0,0,0,0,0,0
419,419,419,755,755,0,419,419,419,755,438,755,419,755,755,419,61,419,419,419,419,438,68,0,0,0,0,0,0,0,0,0,0,0,0,0,0,0,0,0,0,0,0,0,0,0,0
435,435,435,743,743,0,435,435,435,743,469,743,435,743,743,435,48,435,435,435,435,469,60,0,0,0,0,0,0,0,0,0,0,0,0,0,0,0,0,0,0,0,0,0,0,0,0
535,535,535,776,776,0,535,535,535,776,561,776,535,776,776,535,53,535,535,535,535,561,69,0,0,0,0,0,0,0,0,0,0,0,0,0,0,0,0,0,0,0,0,0,0,0,0
652,652,652,790,790,0,652,652,652,790,575,790,652,790,790,652,77,652,652,652,652,575,652,0,0,0,0,0,0,0,0,0,0,0,0,0,0,0,0,0,0,0,0,0,0,0,0
620,620,620,934,934,0,620,620,620,934,554,934,620,934,934,620,93,620,620,620,620,554,620,0,0,0,0,0,0,0,0,0,0,0,0,0,0,0,0,0,0,0,0,0,0,0,0
657,657,657,1544,1544,0,657,657,657,1544,501,1544,657,1544,1544,657,78,657,657,657,657,501,657,0,0,0,0,0,0,0,0,0,0,0,0,0,0,0,0,0,0,0,0,0,0,0,0
626,626,626,1322,1322,0,626,626,626,1322,494,1322,626,1322,1322,626,58,626,626,626,626,494,626,0,0,0,0,0,0,0,0,0,0,0,0,0,0,0,0,0,0,0,0,0,0,0,0
477,477,477,1179,1179,0,477,477,477,1179,556,1179,477,1179,1179,477,80,477,477,477,477,556,477,38,0,0,0,0,0,0,0,0,0,0,0,0,0,0,0,0,0,0,0,0,0,0,0
636,636,636,1208,1208,0,636,636,636,1208,532,1208,636,1208,1208,636,105,636,636,636,636,532,636,636,0,0,0,0,0,0,0,0,0,0,0,0,0,0,0,0,0,0,0,0,0,0,0
991,991,991,838,838,0,991,991,991,838,991,838,991,838,838,991,110,991,991,991,991,991,991,991,114,0,0,0,0,0,0,0,0,0,0,0,0,0,0,0,0,0,0,0,0,0,0
557,557,557,621,621,0,557,557,557,621,557,621,557,621,621,557,120,557,557,557,557,557,557,557,145,153,31,46,0,0,0,0,0,0,0,0,0,0,0,0,0,0,0,0,0,0,0
697,697,697,481,481,0,697,697,697,481,697,481,697,481,481,697,95,697,697,697,697,697,697,697,111,119,54,54,0,0,0,0,0,0,0,0,0,0,0,0,0,0,0,0,0,0,0
746,746,746,453,453,0,746,746,746,453,746,453,746,453,453,746,101,746,746,746,746,746,746,746,120,118,70,70,0,0,0,0,0,0,0,0,0,0,0,0,0,0,0,0,0,0,0
776,776,776,768,768,0,776,776,776,768,776,768,776,768,768,776,120,776,776,776,776,776,776,776,125,115,50,50,0,0,0,0,0,0,0,0,0,0,0,0,0,0,0,0,0,0,0
1233,1233,1233,270,270,0,1233,1233,1233,270,1233,270,1233,270,270,1233,129,1233,1233,1233,1233,1233,1233,1233,182,81,46,46,0,0,0,0,0,0,0,0,0,0,0,0,0,0,0,0,0,0,0
746,746,746,195,195,0,746,746,746,195,746,195,746,195,195,746,123,746,746,746,746,746,746,746,243,77,32,32,0,0,0,0,0,0,0,0,0,0,0,0,0,0,0,0,0,0,0
794,794,794,216,216,0,794,794,794,216,794,216,794,216,216,794,133,794,794,794,794,794,794,794,198,61,37,37,735,22,0,0,0,0,0,0,0,0,0,0,0,0,0,0,0,0,0
810,810,810,214,214,0,810,810,810,214,810,214,810,214,214,810,143,810,810,810,810,810,810,810,540,42,0,0,416,416,0,0,0,0,0,0,0,0,0,0,0,0,0,0,0,0,0
887,887,887,229,229,0,887,887,887,229,887,229,887,229,229,887,127,887,887,887,887,887,887,887,475,36,23,23,421,421,0,0,0,0,0,0,0,0,0,0,0,0,0,0,0,0,0
677,677,677,151,151,0,677,677,677,151,677,151,677,151,151,677,144,677,677,677,677,677,677,677,58,40,0,0,42,42,0,0,0,0,0,0,0,0,0,0,0,0,0,0,0,0,0
665,665,665,190,190,0,665,665,665,190,665,190,665,190,190,665,115,665,665,665,665,665,665,665,79,84,0,0,28,28,0,0,0,0,0,0,0,0,0,0,0,0,0,0,0,0,0
586,586,586,199,199,0,586,586,586,199,586,199,586,199,199,586,171,586,586,586,586,586,586,586,74,71,163,163,726,726,0,0,0,0,0,0,0,0,0,0,0,0,0,0,0,0,0
606,606,606,196,196,0,606,606,606,196,606,196,606,196,196,606,148,606,606,606,606,606,606,606,38,85,704,704,439,439,0,0,0,0,0,0,0,0,0,0,0,0,0,0,0,0,0
605,605,605,125,125,0,605,605,605,125,605,125,605,125,125,605,153,605,605,605,605,605,605,605,63,85,723,723,744,744,0,0,0,0,0,0,0,0,0,0,0,0,0,0,0,0,0
629,629,629,124,124,0,629,629,629,124,629,124,629,124,124,629,180,629,629,629,629,629,629,629,51,96,700,700,618,618,52,0,0,0,0,0,0,0,0,0,0,0,0,0,0,0,0
685,685,685,155,155,0,685,685,685,155,685,155,685,155,155,685,190,685,685,685,685,685,685,685,66,116,684,684,757,757,22,0,0,0,0,0,0,0,0,0,0,0,0,0,0,0,0
637,637,637,108,108,0,637,637,637,108,637,108,637,108,108,637,165,637,637,637,637,637,637,637,53,116,437,437,628,628,163,0,0,0,0,0,0,0,0,0,0,0,0,0,0,0,0
756,756,756,125,125,0,756,756,756,125,756,125,756,125,125,756,172,756,756,756,756,756,756,756,58,151,561,561,394,394,561,0,0,0,0,0,0,0,0,0,0,0,0,0,0,0,0
714,714,714,139,139,0,714,714,714,139,714,139,714,139,139,714,203,714,714,714,714,714,714,714,76,148,335,335,329,329,335,21,0,0,0,0,0,0,0,0,0,0,0,0,0,0,0
786,786,786,147,147,0,786,786,786,147,786,147,786,147,147,786,208,786,786,786,786,786,786,786,102,120,470,470,366,366,470,20,0,0,0,0,0,0,0,0,0,0,0,0,0,0,0
793,793,793,118,118,0,793,793,793,118,793,118,793,118,118,793,256,793,793,793,793,793,793,793,45,155,348,348,332,332,348,188,0,0,0,0,0,0,0,0,0,0,0,0,0,0,0
1220,1220,1220,100,100,0,1220,1220,1220,100,1220,100,1220,100,100,1220,221,1220,1220,1220,1220,1220,1220,1220,94,146,1220,1220,306,306,1220,162,0,0,0,0,0,0,0,0,0,0,0,0,0,0,0
1307,1307,1307,47,47,0,1307,1307,1307,47,1307,47,1307,47,47,1307,172,1307,1307,1307,1307,1307,1307,1307,123,141,1307,1307,234,234,1307,1307,0,0,0,0,0,0,0,0,0,0,0,0,0,0,0
1274,1274,1274,84,84,0,1274,1274,1274,84,1274,84,1274,84,84,1274,137,1274,1274,1274,1274,1274,1274,1274,72,147,1274,1274,253,253,1274,1274,0,0,0,0,0,0,0,0,0,0,0,0,0,0,0
1250,1250,1250,75,75,0,1250,1250,1250,75,1250,75,1250,75,75,1250,163,1250,1250,1250,1250,1250,1250,1250,49,152,1250,1250,255,255,1250,1250,32,0,0,0,0,0,0,0,0,0,0,0,0,0,0
1206,1206,1206,108,108,0,1206,1206,1206,108,1206,108,1206,108,108,1206,105,1206,1206,1206,1206,1206,1206,1206,72,164,1206,1206,552,552,1206,1206,31,0,0,0,0,0,0,0,0,0,0,0,0,0,0
1469,1469,1469,109,109,0,1469,1469,1469,109,1469,109,1469,109,109,1469,83,1469,1469,1469,1469,1469,1469,1469,81,185,1469,1469,776,776,1469,1469,28,0,0,0,0,0,0,0,0,0,0,0,0,0,0
1342,1342,1342,83,83,0,1342,1342,1342,83,1342,83,1342,83,83,1342,136,1342,1342,1342,1342,1342,1342,1342,94,161,1342,1342,821,821,1342,1342,27,0,0,0,0,0,0,0,0,0,0,0,0,0,0
1272,1272,1272,42,42,0,1272,1272,1272,42,1272,42,1272,42,42,1272,100,1272,1272,1272,1272,1272,1272,1272,78,227,1272,1272,655,655,1272,1272,27,0,0,0,0,0,0,0,0,0,0,0,0,0,0
575,575,575,98,98,0,575,575,575,98,575,98,575,98,98,575,122,575,575,575,575,575,575,575,78,243,575,575,642,642,575,575,50,0,0,0,0,0,0,0,0,0,0,0,0,0,0
1148,1148,1148,41,41,0,1148,1148,1148,41,1148,41,1148,41,41,1148,124,1148,1148,1148,1148,1148,1148,1148,114,188,1148,1148,681,681,1148,1148,22,0,0,0,0,0,0,0,0,0,0,0,0,0,0
1140,1140,1140,37,37,0,1140,1140,1140,37,1140,37,1140,37,37,1140,171,1140,1140,1140,1140,1140,1140,1140,98,159,1140,1140,701,701,1140,1140,0,0,0,0,0,0,0,0,0,0,0,0,0,0,0
1210,1210,1210,35,35,0,1210,1210,1210,35,1210,35,1210,35,35,1210,170,1210,1210,1210,1210,1210,1210,1210,83,256,1210,1210,670,670,1210,1210,24,0,0,0,0,0,0,0,0,0,0,0,0,0,0
1309,1309,1309,32,32,0,1309,1309,1309,32,1309,32,1309,32,32,1309,201,1309,1309,1309,1309,1309,1309,1309,126,154,1309,1309,705,705,1309,1309,23,0,0,0,0,0,0,0,0,0,0,0,0,0,0
1273,1273,1273,95,95,0,1273,1273,1273,95,1273,95,1273,95,95,1273,145,1273,1273,1273,1273,1273,1273,1273,129,237,1273,1273,388,388,1273,1273,0,0,0,0,0,0,0,0,0,0,0,0,0,0,0
1022,1022,1022,0,0,0,1022,1022,1022,0,1022,0,1022,0,0,1022,136,1022,1022,1022,1022,1022,1022,1022,156,249,1022,1022,485,485,1022,1022,37,0,0,0,0,0,0,0,0,0,0,0,0,0,0
1668,1668,1668,47,47,0,1668,1668,1668,47,1668,47,1668,47,47,1668,163,1668,1668,1668,1668,1668,1668,1668,110,231,1668,1668,473,473,1668,1668,37,0,0,0,0,0,0,0,0,0,0,0,0,0,0
1567,1567,1567,502,502,0,1567,1567,1567,502,1567,502,1567,502,502,1567,176,1567,1567,1567,1567,1567,1567,1567,136,176,1567,1567,502,502,1567,1567,21,0,0,0,0,0,0,0,0,0,0,0,0,0,0
1578,1578,1578,335,335,0,1578,1578,1578,335,1578,335,1578,335,335,1578,201,1578,1578,1578,1578,1578,1578,1578,143,181,1578,1578,335,335,1578,1578,29,0,0,0,0,0,0,0,0,0,0,0,0,0,0
1505,1505,1505,476,476,0,1505,1505,1505,476,1505,476,1505,476,476,1505,217,1505,1505,1505,1505,1505,1505,1505,126,142,1505,1505,476,476,1505,1505,22,21,0,0,0,0,0,0,0,0,0,0,0,0,0
1598,1598,1598,359,359,0,1598,1598,1598,359,1598,359,1598,359,359,1598,207,1598,1598,1598,1598,1598,1598,1598,89,187,1598,1598,359,359,1598,1598,0,359,0,0,0,0,0,0,0,0,0,0,0,0,0
1128,1128,1128,35,35,0,1128,1128,1128,35,1128,35,1128,35,35,1128,163,1128,1128,1128,1128,1128,1128,1128,97,206,1128,1128,35,35,1128,1128,0,35,0,0,0,0,0,0,0,0,0,0,0,0,0
1601,1601,1601,20,20,0,1601,1601,1601,20,1601,20,1601,20,20,1601,172,1601,1601,1601,1601,1601,1601,1601,95,271,1601,1601,20,20,1601,1601,25,20,0,0,0,0,0,0,0,0,0,0,0,0,0
1569,1569,1569,317,317,0,1569,1569,1569,317,1569,317,1569,317,317,1569,185,1569,1569,1569,1569,1569,1569,1569,37,277,1569,1569,317,317,1569,1569,20,317,0,0,0,0,0,0,0,0,0,0,0,0,0
1706,1706,1706,162,162,0,1706,1706,1706,162,1706,162,1706,162,162,1706,200,1706,1706,1706,1706,1706,1706,1706,83,333,1706,1706,162,162,1706,1706,0,162,0,0,0,0,0,0,0,0,0,0,0,0,0
1797,1797,1797,123,123,0,1797,1797,1797,123,1797,123,1797,123,123,1797,196,1797,1797,1797,1797,1797,1797,1797,81,394,1797,1797,123,123,1797,1797,45,123,0,0,0,0,0,0,0,0,0,0,0,0,0
1874,1874,1874,122,122,0,1874,1874,1874,122,1874,122,1874,122,122,1874,201,1874,1874,1874,1874,1874,1874,1874,106,383,1874,1874,122,122,1874,1874,0,122,0,0,0,0,0,0,0,0,0,0,0,0,0
1836,1836,1836,160,160,0,1836,1836,1836,160,1836,160,1836,160,160,1836,221,1836,1836,1836,1836,1836,1836,1836,51,415,1836,1836,160,160,1836,1836,0,160,0,0,0,0,0,0,0,0,0,0,0,0,0
1186,1186,1186,76,76,0,1186,1186,1186,76,1186,76,1186,76,76,1186,201,1186,1186,1186,1186,1186,1186,1186,93,335,1186,1186,76,76,1186,1186,0,76,0,0,0,0,0,0,0,0,0,0,0,0,0
1963,1963,1963,108,108,0,1963,1963,1963,108,1963,108,1963,108,108,1963,197,1963,1963,1963,1963,1963,1963,1963,92,428,1963,1963,108,108,1963,1963,0,108,0,0,0,0,0,0,0,0,0,0,0,0,0
2018,2018,2018,40,40,0,2018,2018,2018,40,2018,40,2018,40,40,2018,168,2018,2018,2018,2018,2018,2018,2018,97,340,2018,2018,40,40,2018,2018,0,40,0,0,0,0,0,0,0,0,0,0,0,0,0
1773,1773,1773,87,87,0,1773,1773,1773,87,1773,87,1773,87,87,1773,132,1773,1773,1773,1773,1773,1773,1773,90,353,1773,1773,87,87,1773,1773,0,87,100,0,0,0,0,0,0,0,0,0,0,0,0
1782,1782,1782,64,64,0,1782,1782,1782,64,1782,64,1782,64,64,1782,135,1782,1782,1782,1782,1782,1782,1782,77,419,1782,1782,64,64,1782,1782,0,64,66,0,0,0,0,0,0,0,0,0,0,0,0
1490,1490,1490,37,37,0,1490,1490,1490,37,1490,37,1490,37,37,1490,177,1490,1490,1490,1490,1490,1490,1490,50,534,1490,1490,37,37,1490,1490,154,37,113,0,0,0,0,0,0,0,0,0,0,0,0
785,785,785,62,62,0,785,785,785,62,785,62,785,62,62,785,170,785,785,785,785,785,785,785,42,542,785,785,62,62,785,785,112,62,61,0,0,0,0,0,0,0,0,0,0,0,0
822,822,822,119,119,0,822,822,822,119,822,119,822,119,119,822,139,822,822,822,822,822,822,822,29,525,822,822,119,119,822,822,138,119,77,0,0,0,0,0,0,0,0,0,0,0,0
832,832,832,66,66,0,832,832,832,66,832,66,832,66,66,832,174,832,832,832,832,832,832,832,49,526,832,832,66,66,832,832,730,66,100,0,0,0,0,0,0,0,0,0,0,0,0
1473,1473,1473,119,119,0,1473,1473,1473,119,1473,119,1473,119,119,1473,175,1473,1473,1473,1473,1473,1473,1473,62,467,1473,1473,119,119,1473,1473,141,119,92,21,0,0,0,0,0,0,0,0,0,0,0
585,585,585,54,54,0,585,585,585,54,585,54,585,54,54,585,153,585,585,585,585,585,585,585,51,532,585,585,54,54,585,585,844,54,99,0,0,0,0,0,0,0,0,0,0,0,0
1317,1317,1317,48,48,0,1317,1317,1317,48,1317,48,1317,48,48,1317,156,1317,1317,1317,1317,1317,1317,1317,59,449,1317,1317,48,48,1317,1317,1317,48,92,134,0,0,0,0,0,0,0,0,0,0,0
1523,1523,1523,27,27,0,1523,1523,1523,27,1523,27,1523,27,27,1523,125,1523,1523,1523,1523,1523,1523,1523,60,416,1523,1523,27,27,1523,1523,1523,27,84,1523,0,0,0,0,0,0,0,0,0,0,0
900,900,900,36,36,0,900,900,900,36,900,36,900,36,36,900,146,900,900,900,900,900,900,900,95,375,900,900,36,36,900,900,900,36,92,900,21,0,0,0,0,0,0,0,0,0,0
1412,1412,1412,61,61,0,1412,1412,1412,61,1412,61,1412,61,61,1412,140,1412,1412,1412,1412,1412,1412,1412,110,443,1412,1412,61,61,1412,1412,1412,61,116,1412,22,0,0,0,0,0,0,0,0,0,0
867,867,867,28,28,0,867,867,867,28,867,28,867,28,28,867,137,867,867,867,867,867,867,867,103,439,867,867,28,28,867,867,867,28,108,867,0,0,0,0,0,0,0,0,0,0,0
1420,1420,1420,30,30,0,1420,1420,1420,30,1420,30,1420,30,30,1420,123,1420,1420,1420,1420,1420,1420,1420,137,399,1420,1420,30,30,1420,1420,1420,30,102,1420,0,0,0,0,0,0,0,0,0,0,0
791,791,791,30,30,0,791,791,791,30,791,30,791,30,30,791,130,791,791,791,791,791,791,791,127,548,791,791,30,30,791,791,791,30,56,791,575,0,0,0,0,0,0,0,0,0,0
1443,1443,1443,97,97,0,1443,1443,1443,97,1443,97,1443,97,97,1443,112,1443,1443,1443,1443,1443,1443,1443,127,597,1443,1443,97,97,1443,1443,1443,97,97,1443,1443,0,0,0,0,0,0,0,0,0,0
1432,1432,1432,90,90,0,1432,1432,1432,90,1432,90,1432,90,90,1432,89,1432,1432,1432,1432,1432,1432,1432,139,583,1432,1432,90,90,1432,1432,1432,90,90,1432,1432,0,0,0,0,0,0,0,0,0,0
1463,1463,1463,98,98,0,1463,1463,1463,98,1463,98,1463,98,98,1463,111,1463,1463,1463,1463,1463,1463,1463,84,657,1463,1463,98,98,1463,1463,1463,98,98,1463,1463,0,0,0,0,0,0,0,0,0,0
946,946,946,52,52,0,946,946,946,52,946,52,946,52,52,946,123,946,946,946,946,946,946,946,115,613,946,946,52,52,946,946,946,52,52,946,946,0,0,0,0,0,0,0,0,0,0
1435,1435,1435,22,22,0,1435,1435,1435,22,1435,22,1435,22,22,1435,85,1435,1435,1435,1435,1435,1435,1435,111,698,1435,1435,22,22,1435,1435,1435,22,22,1435,1435,0,0,0,0,0,0,0,0,0,0
1476,1476,1476,117,117,0,1476,1476,1476,117,1476,117,1476,117,117,1476,58,1476,1476,1476,1476,1476,1476,1476,99,673,1476,1476,117,117,1476,1476,1476,117,117,1476,1476,0,0,0,0,0,0,0,0,0,0
1217,1217,1217,37,37,0,1217,1217,1217,37,1217,37,1217,37,37,1217,56,1217,1217,1217,1217,1217,1217,1217,108,761,1217,1217,37,37,1217,1217,1217,37,37,1217,1217,0,0,0,0,0,0,0,0,0,0
2410,2410,2410,0,0,0,2410,2410,2410,0,2410,0,2410,0,0,2410,79,2410,2410,2410,2410,2410,2410,2410,85,2410,2410,2410,0,0,2410,2410,2410,0,0,2410,2410,0,0,0,0,0,0,0,0,0,0
1861,1861,1861,46,46,0,1861,1861,1861,46,1861,46,1861,46,46,1861,77,1861,1861,1861,1861,1861,1861,1861,85,1861,1861,1861,46,46,1861,1861,1861,46,46,1861,1861,0,0,0,0,0,0,0,0,0,0
1751,1751,1751,113,113,0,1751,1751,1751,113,1751,113,1751,113,113,1751,59,1751,1751,1751,1751,1751,1751,1751,107,1751,1751,1751,113,113,1751,1751,1751,113,113,1751,1751,345,0,0,0,0,0,0,0,0,0
981,981,981,45,45,0,981,981,981,45,981,45,981,45,45,981,39,981,981,981,981,981,981,981,119,981,981,981,45,45,981,981,981,45,45,981,981,1280,0,0,0,0,0,0,0,0,0
1836,1836,1836,31,31,0,1836,1836,1836,31,1836,31,1836,31,31,1836,68,1836,1836,1836,1836,1836,1836,1836,146,1836,1836,1836,31,31,1836,1836,1836,31,31,1836,1836,1836,0,0,0,0,0,0,0,0,0
1624,1624,1624,20,20,0,1624,1624,1624,20,1624,20,1624,20,20,1624,27,1624,1624,1624,1624,1624,1624,1624,125,1624,1624,1624,20,20,1624,1624,1624,20,20,1624,1624,1624,391,0,0,0,0,0,0,0,0
2285,2285,2285,23,23,0,2285,2285,2285,23,2285,23,2285,23,23,2285,42,2285,2285,2285,2285,2285,2285,2285,170,2285,2285,2285,23,23,2285,2285,2285,23,23,2285,2285,2285,2285,27,0,0,0,0,0,0,0
2200,2200,2200,32,32,0,2200,2200,2200,32,2200,32,2200,32,32,2200,33,2200,2200,2200,2200,2200,2200,2200,162,2200,2200,2200,32,32,2200,2200,2200,32,32,2200,2200,2200,2200,22,0,0,0,0,0,0,0
2170,2170,2170,26,26,0,2170,2170,2170,26,2170,26,2170,26,26,2170,34,2170,2170,2170,2170,2170,2170,2170,150,2170,2170,2170,26,26,2170,2170,2170,26,26,2170,2170,2170,2170,0,0,0,0,0,0,0,0
2061,2061,2061,62,62,0,2061,2061,2061,62,2061,62,2061,62,62,2061,28,2061,2061,2061,2061,2061,2061,2061,191,2061,2061,2061,62,62,2061,2061,2061,62,62,2061,2061,2061,2061,62,0,0,0,0,0,0,0
2142,2142,2142,62,62,0,2142,2142,2142,62,2142,62,2142,62,62,2142,0,2142,2142,2142,2142,2142,2142,2142,139,2142,2142,2142,62,62,2142,2142,2142,62,62,2142,2142,2142,2142,62,32,0,0,0,0,0,0
2193,2193,2193,0,0,0,2193,2193,2193,0,2193,0,2193,0,0,2193,0,2193,2193,2193,2193,2193,2193,2193,84,2193,2193,2193,0,0,2193,2193,2193,0,0,2193,2193,2193,2193,0,0,0,0,0,0,0,0
2162,2162,2162,26,26,0,2162,2162,2162,26,2162,26,2162,26,26,2162,0,2162,2162,2162,2162,2162,2162,2162,79,2162,2162,2162,26,26,2162,2162,2162,26,26,2162,2162,2162,2162,26,0,0,0,0,0,0,0
1995,1995,1995,0,0,0,1995,1995,1995,0,1995,0,1995,0,0,1995,21,1995,1995,1995,1995,1995,1995,1995,78,1995,1995,1995,0,0,1995,1995,1995,0,0,1995,1995,1995,1995,0,23,0,0,0,0,0,0
2323,2323,2323,0,0,0,2323,2323,2323,0,2323,0,2323,0,0,2323,0,2323,2323,2323,2323,2323,2323,2323,54,2323,2323,2323,0,0,2323,2323,2323,0,0,2323,2323,2323,2323,0,0,0,0,0,0,0,0
2038,2038,2038,22,22,0,2038,2038,2038,22,2038,22,2038,22,22,2038,0,2038,2038,2038,2038,2038,2038,2038,76,2038,2038,2038,22,22,2038,2038,2038,22,22,2038,2038,2038,2038,22,401,0,0,0,0,0,0
2013,2013,2013,0,0,0,2013,2013,2013,0,2013,0,2013,0,0,2013,0,2013,2013,2013,2013,2013,2013,2013,88,2013,2013,2013,0,0,2013,2013,2013,0,0,2013,2013,2013,2013,0,460,0,0,0,0,0,0
1974,1974,1974,0,0,0,1974,1974,1974,0,1974,0,1974,0,0,1974,0,1974,1974,1974,1974,1974,1974,1974,120,1974,1974,1974,0,0,1974,1974,1974,0,0,1974,1974,1974,1974,0,510,0,0,0,0,0,0
1900,1900,1900,0,0,0,1900,1900,1900,0,1900,0,1900,0,0,1900,0,1900,1900,1900,1900,1900,1900,1900,115,1900,1900,1900,0,0,1900,1900,1900,0,0,1900,1900,1900,1900,0,403,0,0,0,0,0,0
2368,2368,2368,0,0,0,2368,2368,2368,0,2368,0,2368,0,0,2368,0,2368,2368,2368,2368,2368,2368,2368,117,2368,2368,2368,0,0,2368,2368,2368,0,0,2368,2368,2368,2368,0,2368,0,0,0,0,0,0
1929,1929,1929,0,0,0,1929,1929,1929,0,1929,0,1929,0,0,1929,0,1929,1929,1929,1929,1929,1929,1929,121,1929,1929,1929,0,0,1929,1929,1929,0,0,1929,1929,1929,1929,0,1929,329,0,0,0,0,0
2021,2021,2021,0,0,0,2021,2021,2021,0,2021,0,2021,0,0,2021,0,2021,2021,2021,2021,2021,2021,2021,117,2021,2021,2021,0,0,2021,2021,2021,0,0,2021,2021,2021,2021,0,2021,183,0,0,0,0,0
2238,2238,2238,0,0,0,2238,2238,2238,0,2238,0,2238,0,0,2238,0,2238,2238,2238,2238,2238,2238,2238,141,2238,2238,2238,0,0,2238,2238,2238,0,0,2238,2238,2238,2238,0,2238,66,0,0,0,0,0
2066,2066,2066,0,0,0,2066,2066,2066,0,2066,0,2066,0,0,2066,0,2066,2066,2066,2066,2066,2066,2066,148,2066,2066,2066,0,0,2066,2066,2066,0,0,2066,2066,2066,2066,0,2066,301,0,0,0,0,0
1917,1917,1917,0,0,0,1917,1917,1917,0,1917,0,1917,0,0,1917,0,1917,1917,1917,1917,1917,1917,1917,173,1917,1917,1917,0,0,1917,1917,1917,0,0,1917,1917,1917,1917,0,1917,227,0,0,0,0,0
1913,1913,1913,0,0,0,1913,1913,1913,0,1913,0,1913,0,0,1913,0,1913,1913,1913,1913,1913,1913,1913,143,1913,1913,1913,0,0,1913,1913,1913,0,0,1913,1913,1913,1913,0,1913,310,0,0,0,0,0
1770,1770,1770,0,0,0,1770,1770,1770,0,1770,0,1770,0,0,1770,0,1770,1770,1770,1770,1770,1770,1770,212,1770,1770,1770,0,0,1770,1770,1770,0,0,1770,1770,1770,1770,0,1770,244,0,0,0,0,0
1288,1288,1288,0,0,0,1288,1288,1288,0,1288,0,1288,0,0,1288,0,1288,1288,1288,1288,1288,1288,1288,153,1288,1288,1288,0,0,1288,1288,1288,0,0,1288,1288,1288,1288,0,1288,26,0,0,0,0,0
1695,1695,1695,0,0,0,1695,1695,1695,0,1695,0,1695,0,0,1695,0,1695,1695,1695,1695,1695,1695,1695,191,1695,1695,1695,0,0,1695,1695,1695,0,0,1695,1695,1695,1695,0,1695,42,0,0,0,0,0
1807,1807,1807,0,0,0,1807,1807,1807,0,1807,0,1807,0,0,1807,0,1807,1807,1807,1807,1807,1807,1807,205,1807,1807,1807,0,0,1807,1807,1807,0,0,1807,1807,1807,1807,0,1807,63,0,0,0,0,0
1671,1671,1671,0,0,0,1671,1671,1671,0,1671,0,1671,0,0,1671,0,1671,1671,1671,1671,1671,1671,1671,226,1671,1671,1671,0,0,1671,1671,1671,0,0,1671,1671,1671,1671,0,1671,158,0,0,0,0,0
1647,1647,1647,0,0,0,1647,1647,1647,0,1647,0,1647,0,0,1647,0,1647,1647,1647,1647,1647,1647,1647,296,1647,1647,1647,0,0,1647,1647,1647,0,0,1647,1647,1647,1647,0,1647,167,0,0,0,0,0
1594,1594,1594,0,0,0,1594,1594,1594,0,1594,0,1594,0,0,1594,0,1594,1594,1594,1594,1594,1594,1594,309,1594,1594,1594,0,0,1594,1594,1594,0,0,1594,1594,1594,1594,0,1594,175,0,0,0,0,0
1804,1804,1804,0,0,0,1804,1804,1804,0,1804,0,1804,0,0,1804,0,1804,1804,1804,1804,1804,1804,1804,313,1804,1804,1804,0,0,1804,1804,1804,0,0,1804,1804,1804,1804,0,1804,22,0,0,0,0,0
1623,1623,1623,0,0,0,1623,1623,1623,0,1623,0,1623,0,0,1623,0,1623,1623,1623,1623,1623,1623,1623,333,1623,1623,1623,0,0,1623,1623,1623,0,0,1623,1623,1623,1623,0,1623,333,0,0,0,0,0
1633,1633,1633,0,0,0,1633,1633,1633,0,1633,0,1633,0,0,1633,0,1633,1633,1633,1633,1633,1633,1633,297,1633,1633,1633,0,0,1633,1633,1633,0,0,1633,1633,1633,1633,0,1633,297,170,0,0,0,0
1584,1584,1584,0,0,0,1584,1584,1584,0,1584,0,1584,0,0,1584,0,1584,1584,1584,1584,1584,1584,1584,314,1584,1584,1584,0,0,1584,1584,1584,0,0,1584,1584,1584,1584,0,1584,314,121,20,0,0,0
1542,1542,1542,0,0,0,1542,1542,1542,0,1542,0,1542,0,0,1542,0,1542,1542,1542,1542,1542,1542,1542,259,1542,1542,1542,0,0,1542,1542,1542,0,0,1542,1542,1542,1542,0,1542,259,130,0,0,0,0
1560,1560,1560,0,0,0,1560,1560,1560,0,1560,0,1560,0,0,1560,0,1560,1560,1560,1560,1560,1560,1560,349,1560,1560,1560,0,0,1560,1560,1560,0,0,1560,1560,1560,1560,0,1560,349,154,0,0,0,0
1813,1813,1813,0,0,0,1813,1813,1813,0,1813,0,1813,0,0,1813,0,1813,1813,1813,1813,1813,1813,1813,308,1813,1813,1813,0,0,1813,1813,1813,0,0,1813,1813,1813,1813,0,1813,308,168,0,0,0,0
1740,1740,1740,0,0,0,1740,1740,1740,0,1740,0,1740,0,0,1740,0,1740,1740,1740,1740,1740,1740,1740,305,1740,1740,1740,0,0,1740,1740,1740,0,0,1740,1740,1740,1740,0,1740,305,61,0,0,0,0
1661,1661,1661,0,0,0,1661,1661,1661,0,1661,0,1661,0,0,1661,0,1661,1661,1661,1661,1661,1661,1661,343,1661,1661,1661,0,0,1661,1661,1661,0,0,1661,1661,1661,1661,0,1661,343,168,0,0,0,0
1555,1555,1555,0,0,0,1555,1555,1555,0,1555,0,1555,0,0,1555,0,1555,1555,1555,1555,1555,1555,1555,324,1555,1555,1555,0,0,1555,1555,1555,0,0,1555,1555,1555,1555,0,1555,324,40,0,0,0,0
1746,1746,1746,0,0,0,1746,1746,1746,0,1746,0,1746,0,0,1746,0,1746,1746,1746,1746,1746,1746,1746,338,1746,1746,1746,0,0,1746,1746,1746,0,0,1746,1746,1746,1746,0,1746,338,44,0,0,0,0
1553,1553,1553,0,0,0,1553,1553,1553,0,1553,0,1553,0,0,1553,0,1553,1553,1553,1553,1553,1553,1553,270,1553,1553,1553,0,0,1553,1553,1553,0,0,1553,1553,1553,1553,0,1553,270,61,0,0,0,0
1480,1480,1480,0,0,0,1480,1480,1480,0,1480,0,1480,0,0,1480,0,1480,1480,1480,1480,1480,1480,1480,300,1480,1480,1480,0,0,1480,1480,1480,0,0,1480,1480,1480,1480,0,1480,300,47,0,0,0,0
1356,1356,1356,0,0,0,1356,1356,1356,0,1356,0,1356,0,0,1356,0,1356,1356,1356,1356,1356,1356,1356,282,1356,1356,1356,0,0,1356,1356,1356,0,0,1356,1356,1356,1356,0,1356,282,60,0,0,0,0
1483,1483,1483,0,0,0,1483,1483,1483,0,1483,0,1483,0,0,1483,0,1483,1483,1483,1483,1483,1483,1483,308,1483,1483,1483,0,0,1483,1483,1483,0,0,1483,1483,1483,1483,0,1483,308,42,0,0,0,0
1338,1338,1338,0,0,0,1338,1338,1338,0,1338,0,1338,0,0,1338,0,1338,1338,1338,1338,1338,1338,1338,355,1338,1338,1338,0,0,1338,1338,1338,0,0,1338,1338,1338,1338,0,1338,355,54,0,0,0,0
729,729,729,0,0,0,729,729,729,0,729,0,729,0,0,729,0,729,729,729,729,729,729,729,317,729,729,729,0,0,729,729,729,0,0,729,729,729,729,0,729,317,48,0,0,0,0
1147,1147,1147,0,0,0,1147,1147,1147,0,1147,0,1147,0,0,1147,0,1147,1147,1147,1147,1147,1147,1147,387,1147,1147,1147,0,0,1147,1147,1147,0,0,1147,1147,1147,1147,0,1147,387,95,0,0,0,0
64,64,64,0,0,0,64,64,64,0,64,0,64,0,0,64,0,64,64,64,64,64,64,64,286,64,64,64,0,0,64,64,64,0,0,64,64,64,64,0,64,286,59,0,0,0,0
907,907,907,0,0,0,907,907,907,0,907,0,907,0,0,907,0,907,907,907,907,907,907,907,297,907,907,907,0,0,907,907,907,0,0,907,907,907,907,0,907,297,49,0,0,0,0
670,670,670,0,0,0,670,670,670,0,670,0,670,0,0,670,0,670,670,670,670,670,670,670,290,670,670,670,0,0,670,670,670,0,0,670,670,670,670,0,670,290,56,0,0,0,0
691,691,691,0,0,0,691,691,691,0,691,0,691,0,0,691,0,691,691,691,691,691,691,691,213,691,691,691,0,0,691,691,691,0,0,691,691,691,691,0,691,213,53,0,0,0,0
686,686,686,0,0,0,686,686,686,0,686,0,686,0,0,686,0,686,686,686,686,686,686,686,214,686,686,686,0,0,686,686,686,0,0,686,686,686,686,0,686,214,42,0,0,0,0
523,523,523,0,0,0,523,523,523,0,523,0,523,0,0,523,0,523,523,523,523,523,523,523,204,523,523,523,0,0,523,523,523,0,0,523,523,523,523,0,523,204,68,0,0,0,0
582,582,582,0,0,0,582,582,582,0,582,0,582,0,0,582,0,582,582,582,582,582,582,582,267,582,582,582,0,0,582,582,582,0,0,582,582,582,582,0,582,267,32,0,0,0,0
666,666,666,0,0,0,666,666,666,0,666,0,666,0,0,666,0,666,666,666,666,666,666,666,216,666,666,666,0,0,666,666,666,0,0,666,666,666,666,0,666,216,30,0,0,0,0
623,623,623,0,0,0,623,623,623,0,623,0,623,0,0,623,0,623,623,623,623,623,623,623,199,623,623,623,0,0,623,623,623,0,0,623,623,623,623,0,623,199,39,0,0,0,0
614,614,614,0,0,0,614,614,614,0,614,0,614,0,0,614,0,614,614,614,614,614,614,614,238,614,614,614,0,0,614,614,614,0,0,614,614,614,614,0,614,238,26,0,0,0,0
635,635,635,0,0,0,635,635,635,0,635,0,635,0,0,635,0,635,635,635,635,635,635,635,222,635,635,635,0,0,635,635,635,0,0,635,635,635,635,0,635,222,20,0,0,0,0
796,796,796,0,0,0,796,796,796,0,796,0,796,0,0,796,0,796,796,796,796,796,796,796,220,796,796,796,0,0,796,796,796,0,0,796,796,796,796,0,796,220,31,0,0,0,0
726,726,726,0,0,0,726,726,726,0,726,0,726,0,0,726,0,726,726,726,726,726,726,726,226,726,726,726,0,0,726,726,726,0,0,726,726,726,726,0,726,226,103,0,0,0,0
684,684,684,0,0,0,684,684,684,0,684,0,684,0,0,684,0,684,684,684,684,684,684,684,209,684,684,684,0,0,684,684,684,0,0,684,684,684,684,0,684,209,25,0,0,0,0
631,631,631,0,0,0,631,631,631,0,631,0,631,0,0,631,0,631,631,631,631,631,631,631,193,631,631,631,0,0,631,631,631,0,0,631,631,631,631,0,631,193,48,0,0,0,0
629,629,629,0,0,0,629,629,629,0,629,0,629,0,0,629,0,629,629,629,629,629,629,629,169,629,629,629,0,0,629,629,629,0,0,629,629,629,629,0,629,169,43,0,0,0,0
620,620,620,0,0,0,620,620,620,0,620,0,620,0,0,620,0,620,620,620,620,620,620,620,143,620,620,620,0,0,620,620,620,0,0,620,620,620,620,0,620,143,31,0,0,0,0
609,609,609,0,0,0,609,609,609,0,609,0,609,0,0,609,0,609,609,609,609,609,609,609,163,609,609,609,0,0,609,609,609,0,0,609,609,609,609,0,609,163,49,0,0,0,0
704,704,704,0,0,0,704,704,704,0,704,0,704,0,0,704,22,704,704,704,704,704,704,704,138,704,704,704,0,0,704,704,704,0,0,704,704,704,704,0,704,138,32,0,0,0,0
685,685,685,0,0,0,685,685,685,0,685,0,685,0,0,685,0,685,685,685,685,685,685,685,147,685,685,685,0,0,685,685,685,0,0,685,685,685,685,0,685,147,203,0,0,0,0
827,827,827,0,0,0,827,827,827,0,827,0,827,0,0,827,28,827,827,827,827,827,827,827,165,827,827,827,0,0,827,827,827,0,0,827,827,827,827,0,827,165,87,0,0,0,0
742,742,742,0,0,0,742,742,742,0,742,0,742,0,0,742,33,742,742,742,742,742,742,742,203,742,742,742,0,0,742,742,742,0,0,742,742,742,742,0,742,203,147,0,0,0,0
748,748,748,0,0,0,748,748,748,0,748,0,748,0,0,748,25,748,748,748,748,748,748,748,164,748,748,748,0,0,748,748,748,0,0,748,748,748,748,0,748,164,175,0,0,0,0
635,635,635,0,0,0,635,635,635,0,635,0,635,0,0,635,29,635,635,635,635,635,635,635,183,635,635,635,0,0,635,635,635,0,0,635,635,635,635,0,635,183,123,0,0,0,0
739,739,739,0,0,0,739,739,739,0,739,0,739,0,0,739,20,739,739,739,739,739,739,739,182,739,739,739,0,0,739,739,739,0,0,739,739,739,739,0,739,182,93,0,0,0,0
707,707,707,0,0,0,707,707,707,0,707,0,707,0,0,707,0,707,707,707,707,707,707,707,188,707,707,707,0,0,707,707,707,0,0,707,707,707,707,0,707,188,107,0,0,0,0
725,725,725,0,0,0,725,725,725,0,725,0,725,0,0,725,0,725,725,725,725,725,725,725,177,725,725,725,0,0,725,725,725,0,0,725,725,725,725,0,725,177,78,0,0,0,0
811,811,811,0,0,0,811,811,811,0,811,0,811,0,0,811,0,811,811,811,811,811,811,811,182,811,811,811,0,0,811,811,811,0,0,811,811,811,811,0,811,182,71,0,0,0,0
938,938,938,0,0,0,938,938,938,0,938,0,938,0,0,938,21,938,938,938,938,938,938,938,208,938,938,938,0,0,938,938,938,0,0,938,938,938,938,0,938,208,85,0,0,0,0
937,937,937,0,0,0,937,937,937,0,937,0,937,0,0,937,33,937,937,937,937,937,937,937,193,937,937,937,0,0,937,937,937,0,0,937,937,937,937,0,937,193,81,0,0,0,0
903,903,903,0,0,0,903,903,903,0,903,0,903,0,0,903,0,903,903,903,903,903,903,903,239,903,903,903,0,0,903,903,903,0,0,903,903,903,903,0,903,239,50,0,0,0,0
834,834,834,0,0,0,834,834,834,0,834,0,834,0,0,834,0,834,834,834,834,834,834,834,300,834,834,834,0,0,834,834,834,0,0,834,834,834,834,0,834,300,65,0,0,0,0
793,793,793,0,0,0,793,793,793,0,793,0,793,0,0,793,22,793,793,793,793,793,793,793,340,793,793,793,0,0,793,793,793,0,0,793,793,793,793,0,793,340,55,0,0,0,0
773,773,773,0,0,0,773,773,773,0,773,0,773,0,0,773,0,773,773,773,773,773,773,773,350,773,773,773,0,0,773,773,773,0,0,773,773,773,773,0,773,350,54,0,0,0,0
591,591,591,0,0,0,591,591,591,0,591,0,591,0,0,591,0,591,591,591,591,591,591,591,336,591,591,591,0,0,591,591,591,0,0,591,591,591,591,0,591,336,61,0,0,0,0
618,618,618,0,0,0,618,618,618,0,618,0,618,0,0,618,0,618,618,618,618,618,618,618,333,618,618,618,0,0,618,618,618,0,0,618,618,618,618,0,618,333,41,0,0,0,0
641,641,641,0,0,0,641,641,641,0,641,0,641,0,0,641,21,641,641,641,641,641,641,641,331,641,641,641,0,0,641,641,641,0,0,641,641,641,641,0,641,331,26,0,0,0,0
634,634,634,0,0,0,634,634,634,0,634,0,634,0,0,634,39,634,634,634,634,634,634,634,298,634,634,634,0,0,634,634,634,0,0,634,634,634,634,0,634,298,32,0,0,0,0
631,631,631,0,0,0,631,631,631,0,631,0,631,0,0,631,51,631,631,631,631,631,631,631,361,631,631,631,0,0,631,631,631,0,0,631,631,631,631,0,631,361,54,0,0,0,0
514,514,514,0,0,0,514,514,514,0,514,0,514,0,0,514,36,514,514,514,514,514,514,514,357,514,514,514,0,0,514,514,514,0,0,514,514,514,514,0,514,357,66,0,0,0,0
377,377,377,0,0,0,377,377,377,0,377,0,377,0,0,377,61,377,377,377,377,377,377,377,412,377,377,377,0,0,377,377,377,0,0,377,377,377,377,0,377,412,29,0,0,0,0
410,410,410,0,0,0,410,410,410,0,410,0,410,0,0,410,47,410,410,410,410,410,410,410,363,410,410,410,0,0,410,410,410,0,0,410,410,410,410,0,410,363,65,0,0,0,0
447,447,447,0,0,0,447,447,447,0,447,0,447,0,0,447,47,447,447,447,447,447,447,447,388,447,447,447,0,0,447,447,447,0,0,447,447,447,447,0,447,388,84,0,0,0,0
446,446,446,0,0,0,446,446,446,0,446,0,446,0,0,446,72,446,446,446,446,446,446,446,406,446,446,446,0,0,446,446,446,0,0,446,446,446,446,0,446,406,75,0,0,0,0
405,405,405,0,0,0,405,405,405,0,405,0,405,0,0,405,98,405,405,405,405,405,405,405,488,405,405,405,0,0,405,405,405,0,0,405,405,405,405,0,405,488,48,0,0,0,0
339,339,339,0,0,0,339,339,339,0,339,0,339,0,0,339,73,339,339,339,339,339,339,339,382,339,339,339,0,0,339,339,339,0,0,339,339,339,339,0,339,382,38,0,0,0,0
364,364,364,0,0,0,364,364,364,0,364,0,364,0,0,364,53,364,364,364,364,364,364,364,406,364,364,364,0,0,364,364,364,0,0,364,364,364,364,0,364,406,52,0,0,0,0
360,360,360,0,0,0,360,360,360,0,360,0,360,0,0,360,39,360,360,360,360,360,360,360,408,360,360,360,0,0,360,360,360,0,0,360,360,360,360,0,360,408,33,0,0,0,0
334,334,334,0,0,0,334,334,334,0,334,0,334,0,0,334,35,334,334,334,334,334,334,334,437,334,334,334,0,0,334,334,334,0,0,334,334,334,334,0,334,437,46,0,0,0,0
364,364,364,0,0,0,364,364,364,0,364,0,364,0,0,364,45,364,364,364,364,364,364,364,418,364,364,364,0,0,364,364,364,0,0,364,364,364,364,0,364,418,28,0,0,0,0
279,279,279,0,0,0,279,279,279,0,279,0,279,0,0,279,23,279,279,279,279,279,279,279,432,279,279,279,0,0,279,279,279,0,0,279,279,279,279,0,279,432,20,0,0,0,0
318,318,318,0,0,0,318,318,318,0,318,0,318,0,0,318,0,318,318,318,318,318,318,318,496,318,318,318,0,0,318,318,318,0,0,318,318,318,318,0,318,496,27,0,0,0,0
308,308,308,0,0,0,308,308,308,0,308,0,308,0,0,308,0,308,308,308,308,308,308,308,805,308,308,308,0,0,308,308,308,0,0,308,308,308,308,0,308,805,34,0,0,0,0
286,286,286,0,0,0,286,286,286,0,286,0,286,0,0,286,26,286,286,286,286,286,286,286,864,286,286,286,0,0,286,286,286,0,0,286,286,286,286,0,286,864,20,0,0,0,0
280,280,280,0,0,0,280,280,280,0,280,0,280,0,0,280,0,280,280,280,280,280,280,280,553,280,280,280,0,0,280,280,280,0,0,280,280,280,280,0,280,553,0,0,0,0,0
316,316,316,0,0,0,316,316,316,0,316,0,316,0,0,316,0,316,316,316,316,316,316,316,791,316,316,316,0,0,316,316,316,0,0,316,316,316,316,0,316,791,26,0,0,0,0
341,341,341,0,0,0,341,341,341,0,341,0,341,0,0,341,0,341,341,341,341,341,341,341,855,341,341,341,0,0,341,341,341,0,0,341,341,341,341,0,341,855,30,0,0,0,0
327,327,327,0,0,0,327,327,327,0,327,0,327,0,0,327,20,327,327,327,327,327,327,327,860,327,327,327,0,0,327,327,327,0,0,327,327,327,327,0,327,860,327,0,0,0,0
273,273,273,0,0,0,273,273,273,0,273,0,273,0,0,273,0,273,273,273,273,273,273,273,550,273,273,273,0,0,273,273,273,0,0,273,273,273,273,0,273,550,273,0,0,0,0
296,296,296,0,0,0,296,296,296,0,296,0,296,0,0,296,22,296,296,296,296,296,296,296,720,296,296,296,0,0,296,296,296,0,0,296,296,296,296,0,296,720,296,0,0,0,0
252,252,252,0,0,0,252,252,252,0,252,0,252,0,0,252,20,252,252,252,252,252,252,252,713,252,252,252,0,0,252,252,252,0,0,252,252,252,252,0,252,713,252,0,0,0,0
212,212,212,0,0,0,212,212,212,0,212,0,212,0,0,212,0,212,212,212,212,212,212,212,675,212,212,212,0,0,212,212,212,0,0,212,212,212,212,0,212,675,212,0,0,0,0
116,116,116,0,0,0,116,116,116,0,116,0,116,0,0,116,0,116,116,116,116,116,116,116,269,116,116,116,0,0,116,116,116,0,0,116,116,116,116,0,116,269,116,0,0,0,0
0,0,0,0,0,0,0,0,0,0,0,0,0,0,0,0,0,0,0,0,0,0,0,0,0,0,0,0,0,0,0,0,0,0,0,0,0,0,0,0,0,0,0,0,0,0,0
0,0,0,0,0,0,0,0,0,0,0,0,0,0,0,0,0,0,0,0,0,0,0,0,0,0,0,0,0,0,0,0,0,0,0,0,0,0,0,0,0,0,0,0,0,0,0
0,0,0,0,0,0,0,0,0,0,0,0,0,0,0,0,0,0,0,0,0,0,0,0,0,0,0,0,0,0,0,0,0,0,0,0,0,0,0,0,0,0,0,0,0,0,0
0,0,0,0,0,0,0,0,0,0,0,0,0,0,0,0,0,0,0,0,0,0,0,0,0,0,0,0,0,0,0,0,0,0,0,0,0,0,0,0,0,0,0,0,0,0,0
0,0,0,0,0,0,0,0,0,0,0,0,0,0,0,0,0,0,0,0,0,0,0,0,0,0,0,0,0,0,0,0,0,0,0,0,0,0,0,0,0,0,0,0,0,0,0
0,0,0,0,0,0,0,0,0,0,0,0,0,0,0,0,0,0,0,0,0,0,0,0,0,0,0,0,0,0,0,0,0,0,0,0,0,0,0,0,0,0,0,0,0,0,0
0,0,0,0,0,0,0,0,0,0,0,0,0,0,0,0,0,0,0,0,0,0,0,0,0,0,0,0,0,0,0,0,0,0,0,0,0,0,0,0,0,0,0,0,0,0,0
0,0,0,0,0,0,0,0,0,0,0,0,0,0,0,0,0,0,0,0,0,0,0,0,0,0,0,0,0,0,0,0,0,0,0,0,0,0,0,0,0,0,0,0,0,0,0
0,0,0,0,0,0,0,0,0,0,0,0,0,0,0,0,0,0,0,0,0,0,0,0,0,0,0,0,0,0,0,0,0,0,0,0,0,0,0,0,0,0,0,0,0,0,0
0,0,0,0,0,0,0,0,0,0,0,0,0,0,0,0,0,0,0,0,0,0,0,0,0,0,0,0,0,0,0,0,0,0,0,0,0,0,0,0,0,0,0,0,0,0,0
0,0,0,0,0,0,0,0,0,0,0,0,0,0,0,0,0,0,0,0,0,0,0,0,0,0,0,0,0,0,0,0,0,0,0,0,0,0,0,0,0,0,0,0,0,0,0
0,0,0,0,0,0,0,0,0,0,0,0,0,0,0,0,0,0,0,0,0,0,0,0,0,0,0,0,0,0,0,0,0,0,0,0,0,0,0,0,0,0,0,0,0,0,0
0,0,0,0,0,0,0,0,0,0,0,0,0,0,0,0,0,0,0,0,0,0,0,0,0,0,0,0,0,0,0,0,0,0,0,0,0,0,0,0,0,0,0,0,0,0,0
0,0,0,0,0,0,0,0,0,0,0,0,0,0,0,0,0,0,0,0,0,0,0,0,0,0,0,0,0,0,0,0,0,0,0,0,0,0,0,0,0,0,0,0,0,0,0
0,0,0,0,0,0,0,0,0,0,0,0,0,0,0,0,0,0,0,0,0,0,0,0,0,0,0,0,0,0,0,0,0,0,0,0,0,0,0,0,0,0,0,0,0,0,0
0,0,0,0,0,0,0,0,0,0,0,0,0,0,0,0,0,0,0,0,0,0,0,0,0,0,0,0,0,0,0,0,0,0,0,0,0,0,0,0,0,0,0,0,0,0,0
43,43,43,0,0,0,43,43,43,0,43,0,43,0,0,43,0,43,43,43,43,43,43,43,426,43,43,43,0,0,43,43,43,0,0,43,43,43,43,0,43,426,43,0,0,0,0
48,48,48,0,0,0,48,48,48,0,48,0,48,0,0,48,0,48,48,48,48,48,48,48,667,48,48,48,0,0,48,48,48,0,0,48,48,48,48,0,48,667,48,0,0,0,0
61,61,61,0,0,0,61,61,61,0,61,0,61,0,0,61,0,61,61,61,61,61,61,61,702,61,61,61,0,0,61,61,61,0,0,61,61,61,61,0,61,702,61,0,0,0,0
26,26,26,0,0,0,26,26,26,0,26,0,26,0,0,26,0,26,26,26,26,26,26,26,688,26,26,26,0,0,26,26,26,0,0,26,26,26,26,0,26,688,26,0,0,0,0
28,28,28,0,0,0,28,28,28,0,28,0,28,0,0,28,0,28,28,28,28,28,28,28,525,28,28,28,0,0,28,28,28,0,0,28,28,28,28,0,28,525,28,0,0,0,0
25,25,25,0,0,0,25,25,25,0,25,0,25,0,0,25,0,25,25,25,25,25,25,25,546,25,25,25,0,0,25,25,25,0,0,25,25,25,25,0,25,546,25,0,0,0,0
35,35,35,0,0,0,35,35,35,0,35,0,35,0,0,35,0,35,35,35,35,35,35,35,255,35,35,35,0,0,35,35,35,0,0,35,35,35,35,0,35,255,35,0,0,0,0
63,63,63,0,0,0,63,63,63,0,63,0,63,0,0,63,0,63,63,63,63,63,63,63,495,63,63,63,0,0,63,63,63,0,0,63,63,63,63,0,63,495,63,0,0,0,0
94,94,94,0,0,0,94,94,94,0,94,0,94,0,0,94,0,94,94,94,94,94,94,94,323,94,94,94,0,0,94,94,94,0,0,94,94,94,94,0,94,323,94,0,0,0,0
90,90,90,0,0,0,90,90,90,0,90,0,90,0,0,90,0,90,90,90,90,90,90,90,552,90,90,90,0,0,90,90,90,0,0,90,90,90,90,0,90,552,90,0,0,0,0
105,105,105,0,0,0,105,105,105,0,105,0,105,0,0,105,0,105,105,105,105,105,105,105,530,105,105,105,0,0,105,105,105,0,0,105,105,105,105,0,105,530,105,0,0,0,0
95,95,95,0,0,0,95,95,95,0,95,0,95,0,0,95,0,95,95,95,95,95,95,95,271,95,95,95,0,0,95,95,95,0,0,95,95,95,95,0,95,271,95,0,0,0,0
371,371,371,0,0,0,371,371,371,0,371,0,371,0,0,371,0,371,371,371,371,371,371,371,371,371,371,371,0,0,371,371,371,0,0,371,371,371,371,0,371,371,371,0,0,0,0
241,241,241,0,0,0,241,241,241,0,241,0,241,0,0,241,0,241,241,241,241,241,241,241,241,241,241,241,0,0,241,241,241,0,0,241,241,241,241,0,241,241,241,0,0,0,0
364,364,364,0,0,0,364,364,364,0,364,0,364,0,0,364,0,364,364,364,364,364,364,364,364,364,364,364,0,0,364,364,364,0,0,364,364,364,364,0,364,364,364,0,0,0,0
239,239,239,0,0,0,239,239,239,0,239,0,239,0,0,239,0,239,239,239,239,239,239,239,239,239,239,239,0,0,239,239,239,0,0,239,239,239,239,0,239,239,239,0,0,0,0
209,209,209,0,0,0,209,209,209,0,209,0,209,0,0,209,0,209,209,209,209,209,209,209,209,209,209,209,0,0,209,209,209,0,0,209,209,209,209,0,209,209,209,0,0,0,0
186,186,186,0,0,0,186,186,186,0,186,0,186,0,0,186,0,186,186,186,186,186,186,186,186,186,186,186,0,0,186,186,186,0,0,186,186,186,186,0,186,186,186,0,0,0,0
198,198,198,0,0,0,198,198,198,0,198,0,198,0,0,198,0,198,198,198,198,198,198,198,198,198,198,198,0,0,198,198,198,0,0,198,198,198,198,0,198,198,198,0,0,0,0
223,223,223,0,0,0,223,223,223,0,223,0,223,0,0,223,0,223,223,223,223,223,223,223,223,223,223,223,0,0,223,223,223,0,0,223,223,223,223,0,223,223,223,0,0,0,0
234,234,234,0,0,0,234,234,234,0,234,0,234,0,0,234,0,234,234,234,234,234,234,234,234,234,234,234,0,0,234,234,234,0,0,234,234,234,234,0,234,234,234,0,0,0,0
222,222,222,0,0,0,222,222,222,0,222,0,222,0,0,222,0,222,222,222,222,222,222,222,222,222,222,222,0,0,222,222,222,0,0,222,222,222,222,0,222,222,222,0,0,0,0
191,191,191,0,0,0,191,191,191,0,191,0,191,0,0,191,0,191,191,191,191,191,191,191,191,191,191,191,0,0,191,191,191,0,0,191,191,191,191,0,191,191,191,0,0,0,0
160,160,160,0,0,0,160,160,160,0,160,0,160,0,0,160,0,160,160,160,160,160,160,160,160,160,160,160,0,0,160,160,160,0,0,160,160,160,160,0,160,160,160,0,0,0,0
195,195,195,0,0,0,195,195,195,0,195,0,195,0,0,195,0,195,195,195,195,195,195,195,195,195,195,195,0,0,195,195,195,0,0,195,195,195,195,0,195,195,195,0,0,0,0
224,224,224,0,0,0,224,224,224,0,224,0,224,0,0,224,0,224,224,224,224,224,224,224,224,224,224,224,0,0,224,224,224,0,0,224,224,224,224,0,224,224,224,0,0,0,0
351,351,351,0,0,0,351,351,351,0,351,0,351,0,0,351,0,351,351,351,351,351,351,351,351,351,351,351,0,0,351,351,351,0,0,351,351,351,351,0,351,351,351,0,0,0,0
333,333,333,0,0,0,333,333,333,0,333,0,333,0,0,333,0,333,333,333,333,333,333,333,333,333,333,333,0,0,333,333,333,0,0,333,333,333,333,0,333,333,333,0,0,0,0
202,202,202,0,0,0,202,202,202,0,202,0,202,0,0,202,0,202,202,202,202,202,202,202,202,202,202,202,0,0,202,202,202,0,0,202,202,202,202,0,202,202,202,0,0,0,0
211,211,211,0,0,0,211,211,211,0,211,0,211,0,0,211,0,211,211,211,211,211,211,211,211,211,211,211,0,0,211,211,211,0,0,211,211,211,211,0,211,211,211,0,0,0,0
258,258,258,0,0,0,258,258,258,0,258,0,258,0,0,258,0,258,258,258,258,258,258,258,258,258,258,258,0,0,258,258,258,0,0,258,258,258,258,0,258,258,258,0,0,0,0
228,228,228,0,0,0,228,228,228,0,228,0,228,0,0,228,0,228,228,228,228,228,228,228,228,228,228,228,0,0,228,228,228,0,0,228,228,228,228,0,228,228,228,0,0,0,0
259,259,259,0,0,0,259,259,259,0,259,0,259,0,0,259,0,259,259,259,259,259,259,259,259,259,259,259,0,0,259,259,259,0,0,259,259,259,259,0,259,259,259,0,0,0,0
107,107,107,0,0,0,107,107,107,0,107,0,107,0,0,107,0,107,107,107,107,107,107,107,107,107,107,107,0,0,107,107,107,0,0,107,107,107,107,0,107,107,107,0,0,0,0
115,115,115,0,0,0,115,115,115,0,115,0,115,0,0,115,0,115,115,115,115,115,115,115,115,115,115,115,0,0,115,115,115,0,0,115,115,115,115,0,115,115,115,0,56,0,0
465,465,465,0,0,0,465,465,465,0,465,0,465,0,0,465,0,465,465,465,465,465,465,465,465,465,465,465,0,0,465,465,465,0,0,465,465,465,465,0,465,465,465,0,43,0,0
272,272,272,0,0,0,272,272,272,0,272,0,272,0,0,272,0,272,272,272,272,272,272,272,272,272,272,272,0,0,272,272,272,0,0,272,272,272,272,0,272,272,272,0,63,0,0
246,246,246,0,0,0,246,246,246,0,246,0,246,0,0,246,0,246,246,246,246,246,246,246,246,246,246,246,0,0,246,246,246,0,0,246,246,246,246,0,246,246,246,0,70,0,0
210,210,210,0,0,0,210,210,210,0,210,0,210,0,0,210,0,210,210,210,210,210,210,210,210,210,210,210,0,0,210,210,210,0,0,210,210,210,210,0,210,210,210,0,102,93,0
266,266,266,0,0,0,266,266,266,0,266,0,266,0,0,266,0,266,266,266,266,266,266,266,266,266,266,266,0,0,266,266,266,0,0,266,266,266,266,0,266,266,266,0,98,102,0
352,352,352,0,0,0,352,352,352,0,352,0,352,0,0,352,0,352,352,352,352,352,352,352,352,352,352,352,0,0,352,352,352,0,0,352,352,352,352,0,352,352,352,0,80,110,0
372,372,372,0,0,0,372,372,372,0,372,0,372,0,0,372,0,372,372,372,372,372,372,372,372,372,372,372,0,0,372,372,372,0,0,372,372,372,372,0,372,372,372,0,84,128,0
288,288,288,0,0,0,288,288,288,0,288,0,288,0,0,288,0,288,288,288,288,288,288,288,288,288,288,288,0,0,288,288,288,0,0,288,288,288,288,0,288,288,288,0,80,149,0
224,224,224,0,0,0,224,224,224,0,224,0,224,0,0,224,0,224,224,224,224,224,224,224,224,224,224,224,0,0,224,224,224,0,0,224,224,224,224,0,224,224,224,0,111,116,0
228,228,228,0,0,0,228,228,228,0,228,0,228,0,0,228,0,228,228,228,228,228,228,228,228,228,228,228,0,0,228,228,228,0,0,228,228,228,228,0,228,228,228,0,89,74,0
237,237,237,0,0,0,237,237,237,0,237,0,237,0,0,237,0,237,237,237,237,237,237,237,237,237,237,237,0,0,237,237,237,0,0,237,237,237,237,0,237,237,237,0,108,90,0
239,239,239,0,0,0,239,239,239,0,239,0,239,0,0,239,0,239,239,239,239,239,239,239,239,239,239,239,0,0,239,239,239,0,0,239,239,239,239,0,239,239,239,0,74,108,0
166,166,166,0,0,0,166,166,166,0,166,0,166,0,0,166,0,166,166,166,166,166,166,166,166,166,166,166,0,0,166,166,166,0,0,166,166,166,166,0,166,166,166,0,75,73,0
206,206,206,0,0,0,206,206,206,0,206,0,206,0,0,206,0,206,206,206,206,206,206,206,206,206,206,206,0,0,206,206,206,0,0,206,206,206,206,0,206,206,206,0,92,46,0
178,178,178,0,0,0,178,178,178,0,178,0,178,0,0,178,0,178,178,178,178,178,178,178,178,178,178,178,0,0,178,178,178,0,0,178,178,178,178,0,178,178,178,0,58,33,0
161,161,161,0,0,0,161,161,161,0,161,0,161,0,0,161,0,161,161,161,161,161,161,161,161,161,161,161,0,0,161,161,161,0,0,161,161,161,161,0,161,161,161,0,66,37,0
218,218,218,0,0,0,218,218,218,0,218,0,218,0,0,218,0,218,218,218,218,218,218,218,218,218,218,218,0,0,218,218,218,0,0,218,218,218,218,0,218,218,218,0,87,35,28
207,207,207,0,0,0,207,207,207,0,207,0,207,0,0,207,0,207,207,207,207,207,207,207,207,207,207,207,0,0,207,207,207,0,0,207,207,207,207,0,207,207,207,0,88,40,0
276,276,276,0,0,0,276,276,276,0,276,0,276,0,0,276,0,276,276,276,276,276,276,276,276,276,276,276,0,0,276,276,276,0,0,276,276,276,276,0,276,276,276,0,89,276,0
275,275,275,0,0,0,275,275,275,0,275,0,275,0,0,275,0,275,275,275,275,275,275,275,275,275,275,275,0,0,275,275,275,0,0,275,275,275,275,0,275,275,275,0,98,275,0
257,257,257,0,0,0,257,257,257,0,257,0,257,0,0,257,0,257,257,257,257,257,257,257,257,257,257,257,0,0,257,257,257,0,0,257,257,257,257,0,257,257,257,0,102,257,0
200,200,200,0,0,0,200,200,200,0,200,0,200,0,0,200,0,200,200,200,200,200,200,200,200,200,200,200,0,0,200,200,200,0,0,200,200,200,200,0,200,200,200,0,88,200,0
220,220,220,0,0,0,220,220,220,0,220,0,220,0,0,220,0,220,220,220,220,220,220,220,220,220,220,220,0,0,220,220,220,0,0,220,220,220,220,0,220,220,220,0,86,220,0
276,276,276,0,0,0,276,276,276,0,276,0,276,0,0,276,0,276,276,276,276,276,276,276,276,276,276,276,0,0,276,276,276,0,0,276,276,276,276,0,276,276,276,0,73,276,0
239,239,239,0,0,0,239,239,239,0,239,0,239,0,0,239,0,239,239,239,239,239,239,239,239,239,239,239,0,0,239,239,239,0,0,239,239,239,239,0,239,239,239,0,61,239,0
266,266,266,0,0,0,266,266,266,0,266,0,266,0,0,266,0,266,266,266,266,266,266,266,266,266,266,266,0,0,266,266,266,0,0,266,266,266,266,0,266,266,266,0,58,266,0
282,282,282,0,0,0,282,282,282,0,282,0,282,0,0,282,0,282,282,282,282,282,282,282,282,282,282,282,0,0,282,282,282,0,0,282,282,282,282,0,282,282,282,0,49,282,0
306,306,306,0,0,0,306,306,306,0,306,0,306,0,0,306,0,306,306,306,306,306,306,306,306,306,306,306,0,0,306,306,306,0,0,306,306,306,306,0,306,306,306,0,39,306,0
318,318,318,0,0,0,318,318,318,0,318,0,318,0,0,318,0,318,318,318,318,318,318,318,318,318,318,318,0,0,318,318,318,0,0,318,318,318,318,0,318,318,318,0,32,318,0
269,269,269,0,0,0,269,269,269,0,269,0,269,0,0,269,0,269,269,269,269,269,269,269,269,269,269,269,0,0,269,269,269,0,0,269,269,269,269,0,269,269,269,0,44,269,0
249,249,249,0,0,0,249,249,249,0,249,0,249,0,0,249,0,249,249,249,249,249,249,249,249,249,249,249,0,0,249,249,249,0,0,249,249,249,249,0,249,249,249,0,42,249,0
242,242,242,0,0,0,242,242,242,0,242,0,242,0,0,242,0,242,242,242,242,242,242,242,242,242,242,242,0,0,242,242,242,0,0,242,242,242,242,0,242,242,242,0,25,242,0
289,289,289,0,0,0,289,289,289,0,289,0,289,0,0,289,0,289,289,289,289,289,289,289,289,289,289,289,0,0,289,289,289,0,0,289,289,289,289,0,289,289,289,0,51,289,0
197,197,197,0,0,0,197,197,197,0,197,0,197,0,0,197,0,197,197,197,197,197,197,197,197,197,197,197,0,0,197,197,197,0,0,197,197,197,197,0,197,197,197,0,34,197,0
213,213,213,0,0,0,213,213,213,0,213,0,213,0,0,213,0,213,213,213,213,213,213,213,213,213,213,213,0,0,213,213,213,0,0,213,213,213,213,0,213,213,213,0,30,213,0
207,207,207,0,0,0,207,207,207,0,207,0,207,0,0,207,0,207,207,207,207,207,207,207,207,207,207,207,0,0,207,207,207,0,0,207,207,207,207,0,207,207,207,0,28,207,0
155,155,155,0,0,0,155,155,155,0,155,0,155,0,0,155,0,155,155,155,155,155,155,155,155,155,155,155,0,0,155,155,155,0,0,155,155,155,155,0,155,155,155,0,0,155,0
163,163,163,0,0,0,163,163,163,0,163,0,163,0,0,163,0,163,163,163,163,163,163,163,163,163,163,163,0,0,163,163,163,0,0,163,163,163,163,0,163,163,163,0,24,163,0
126,126,126,0,0,0,126,126,126,0,126,0,126,0,0,126,0,126,126,126,126,126,126,126,126,126,126,126,0,0,126,126,126,0,0,126,126,126,126,0,126,126,126,0,25,126,0
199,199,199,0,0,0,199,199,199,0,199,0,199,0,0,199,0,199,199,199,199,199,199,199,199,199,199,199,0,0,199,199,199,0,0,199,199,199,199,0,199,199,199,0,26,199,0
228,228,228,0,0,0,228,228,228,0,228,0,228,0,0,228,0,228,228,228,228,228,228,228,228,228,228,228,0,0,228,228,228,0,0,228,228,228,228,0,228,228,228,0,29,228,0
188,188,188,0,0,0,188,188,188,0,188,0,188,0,0,188,0,188,188,188,188,188,188,188,188,188,188,188,0,0,188,188,188,0,0,188,188,188,188,0,188,188,188,0,34,188,0
131,131,131,0,0,0,131,131,131,0,131,0,131,0,0,131,0,131,131,131,131,131,131,131,131,131,131,131,0,0,131,131,131,0,0,131,131,131,131,0,131,131,131,0,29,131,0
147,147,147,0,0,0,147,147,147,0,147,0,147,0,0,147,0,147,147,147,147,147,147,147,147,147,147,147,0,0,147,147,147,0,0,147,147,147,147,0,147,147,147,0,22,147,0
128,128,128,0,0,0,128,128,128,0,128,0,128,0,0,128,0,128,128,128,128,128,128,128,128,128,128,128,0,0,128,128,128,0,0,128,128,128,128,0,128,128,128,0,29,128,0
181,181,181,0,0,0,181,181,181,0,181,0,181,0,0,181,0,181,181,181,181,181,181,181,181,181,181,181,0,0,181,181,181,0,0,181,181,181,181,0,181,181,181,0,31,181,0
170,170,170,0,0,0,170,170,170,0,170,0,170,0,0,170,0,170,170,170,170,170,170,170,170,170,170,170,0,0,170,170,170,0,0,170,170,170,170,0,170,170,170,0,25,170,0
99,99,99,0,0,0,99,99,99,0,99,0,99,0,0,99,0,99,99,99,99,99,99,99,99,99,99,99,0,0,99,99,99,0,0,99,99,99,99,0,99,99,99,0,0,99,0
117,117,117,0,0,0,117,117,117,0,117,0,117,0,0,117,0,117,117,117,117,117,117,117,117,117,117,117,0,0,117,117,117,0,0,117,117,117,117,0,117,117,117,0,0,117,0
153,153,153,0,0,0,153,153,153,0,153,0,153,0,0,153,0,153,153,153,153,153,153,153,153,153,153,153,0,0,153,153,153,0,0,153,153,153,153,0,153,153,153,0,31,153,0
189,189,189,0,0,0,189,189,189,0,189,0,189,0,0,189,0,189,189,189,189,189,189,189,189,189,189,189,0,0,189,189,189,0,0,189,189,189,189,0,189,189,189,0,0,189,0
186,186,186,0,0,0,186,186,186,0,186,0,186,0,0,186,0,186,186,186,186,186,186,186,186,186,186,186,0,0,186,186,186,0,0,186,186,186,186,0,186,186,186,0,36,186,0
183,183,183,0,0,0,183,183,183,0,183,0,183,0,0,183,0,183,183,183,183,183,183,183,183,183,183,183,0,0,183,183,183,0,0,183,183,183,183,0,183,183,183,0,29,183,0
90,90,90,0,0,0,90,90,90,0,90,0,90,0,0,90,0,90,90,90,90,90,90,90,90,90,90,90,0,0,90,90,90,0,0,90,90,90,90,0,90,90,90,0,24,90,0
140,140,140,0,0,0,140,140,140,0,140,0,140,0,0,140,0,140,140,140,140,140,140,140,140,140,140,140,0,0,140,140,140,0,0,140,140,140,140,0,140,140,140,0,37,140,0
170,170,170,0,0,0,170,170,170,0,170,0,170,0,0,170,0,170,170,170,170,170,170,170,170,170,170,170,0,0,170,170,170,0,0,170,170,170,170,0,170,170,170,0,46,170,0
48,48,48,0,0,0,48,48,48,0,48,0,48,0,0,48,0,48,48,48,48,48,48,48,48,48,48,48,0,0,48,48,48,0,0,48,48,48,48,0,48,48,48,0,39,48,0
163,163,163,0,0,0,163,163,163,0,163,0,163,0,0,163,0,163,163,163,163,163,163,163,163,163,163,163,0,0,163,163,163,0,0,163,163,163,163,0,163,163,163,0,40,163,0
87,87,87,0,0,0,87,87,87,0,87,0,87,0,0,87,0,87,87,87,87,87,87,87,87,87,87,87,0,0,87,87,87,0,0,87,87,87,87,0,87,87,87,0,43,87,0
127,127,127,0,0,0,127,127,127,0,127,0,127,0,0,127,0,127,127,127,127,127,127,127,127,127,127,127,0,0,127,127,127,0,0,127,127,127,127,0,127,127,127,0,50,127,0
134,134,134,0,0,0,134,134,134,0,134,0,134,0,0,134,0,134,134,134,134,134,134,134,134,134,134,134,0,0,134,134,134,0,0,134,134,134,134,0,134,134,134,0,36,134,0
47,47,47,0,0,0,47,47,47,0,47,0,47,0,0,47,0,47,47,47,47,47,47,47,47,47,47,47,0,0,47,47,47,0,0,47,47,47,47,0,47,47,47,0,40,47,0
88,88,88,0,0,0,88,88,88,0,88,0,88,0,0,88,0,88,88,88,88,88,88,88,88,88,88,88,0,0,88,88,88,0,0,88,88,88,88,0,88,88,88,0,27,88,0
89,89,89,0,0,0,89,89,89,0,89,0,89,0,0,89,0,89,89,89,89,89,89,89,89,89,89,89,0,0,89,89,89,0,0,89,89,89,89,0,89,89,89,0,21,89,0
79,79,79,0,0,0,79,79,79,0,79,0,79,0,0,79,0,79,79,79,79,79,79,79,79,79,79,79,0,0,79,79,79,0,0,79,79,79,79,0,79,79,79,0,29,79,0
46,46,46,0,0,0,46,46,46,0,46,0,46,0,0,46,0,46,46,46,46,46,46,46,46,46,46,46,0,0,46,46,46,0,0,46,46,46,46,0,46,46,46,0,0,46,0
0,0,0,0,0,0,0,0,0,0,0,0,0,0,0,0,0,0,0,0,0,0,0,0,0,0,0,0,0,0,0,0,0,0,0,0,0,0,0,0,0,0,0,0,0,0,0
0,0,0,0,0,0,0,0,0,0,0,0,0,0,0,0,0,0,0,0,0,0,0,0,0,0,0,0,0,0,0,0,0,0,0,0,0,0,0,0,0,0,0,0,0,0,0
0,0,0,0,0,0,0,0,0,0,0,0,0,0,0,0,0,0,0,0,0,0,0,0,0,0,0,0,0,0,0,0,0,0,0,0,0,0,0,0,0,0,0,0,0,0,0
0,0,0,0,0,0,0,0,0,0,0,0,0,0,0,0,0,0,0,0,0,0,0,0,0,0,0,0,0,0,0,0,0,0,0,0,0,0,0,0,0,0,0,0,0,0,0
0,0,0,0,0,0,0,0,0,0,0,0,0,0,0,0,0,0,0,0,0,0,0,0,0,0,0,0,0,0,0,0,0,0,0,0,0,0,0,0,0,0,0,0,0,0,0
0,0,0,0,0,0,0,0,0,0,0,0,0,0,0,0,0,0,0,0,0,0,0,0,0,0,0,0,0,0,0,0,0,0,0,0,0,0,0,0,0,0,0,0,0,0,0
0,0,0,0,0,0,0,0,0,0,0,0,0,0,0,0,0,0,0,0,0,0,0,0,0,0,0,0,0,0,0,0,0,0,0,0,0,0,0,0,0,0,0,0,0,0,0
0,0,0,0,0,0,0,0,0,0,0,0,0,0,0,0,0,0,0,0,0,0,0,0,0,0,0,0,0,0,0,0,0,0,0,0,0,0,0,0,0,0,0,0,0,0,0
0,0,0,0,0,0,0,0,0,0,0,0,0,0,0,0,0,0,0,0,0,0,0,0,0,0,0,0,0,0,0,0,0,0,0,0,0,0,0,0,0,0,0,0,0,0,0
0,0,0,0,0,0,0,0,0,0,0,0,0,0,0,0,0,0,0,0,0,0,0,0,0,0,0,0,0,0,0,0,0,0,0,0,0,0,0,0,0,0,0,0,0,0,0
0,0,0,0,0,0,0,0,0,0,0,0,0,0,0,0,0,0,0,0,0,0,0,0,0,0,0,0,0,0,0,0,0,0,0,0,0,0,0,0,0,0,0,0,0,0,0
0,0,0,0,0,0,0,0,0,0,0,0,0,0,0,0,0,0,0,0,0,0,0,0,0,0,0,0,0,0,0,0,0,0,0,0,0,0,0,0,0,0,0,0,0,0,0
0,0,0,0,0,0,0,0,0,0,0,0,0,0,0,0,0,0,0,0,0,0,0,0,0,0,0,0,0,0,0,0,0,0,0,0,0,0,0,0,0,0,0,0,0,0,0
0,0,0,0,0,0,0,0,0,0,0,0,0,0,0,0,0,0,0,0,0,0,0,0,0,0,0,0,0,0,0,0,0,0,0,0,0,0,0,0,0,0,0,0,0,0,0
20,20,20,0,0,0,20,20,20,0,20,0,20,0,0,20,0,20,20,20,20,20,20,20,20,20,20,20,0,0,20,20,20,0,0,20,20,20,20,0,20,20,20,0,0,20,0
0,0,0,0,0,0,0,0,0,0,0,0,0,0,0,0,0,0,0,0,0,0,0,0,0,0,0,0,0,0,0,0,0,0,0,0,0,0,0,0,0,0,0,0,0,0,0
0,0,0,0,0,0,0,0,0,0,0,0,0,0,0,0,0,0,0,0,0,0,0,0,0,0,0,0,0,0,0,0,0,0,0,0,0,0,0,0,0,0,0,0,0,0,0
0,0,0,0,0,0,0,0,0,0,0,0,0,0,0,0,0,0,0,0,0,0,0,0,0,0,0,0,0,0,0,0,0,0,0,0,0,0,0,0,0,0,0,0,0,0,0
0,0,0,0,0,0,0,0,0,0,0,0,0,0,0,0,0,0,0,0,0,0,0,0,0,0,0,0,0,0,0,0,0,0,0,0,0,0,0,0,0,0,0,0,0,0,0
33,33,33,0,0,0,33,33,33,0,33,0,33,0,0,33,0,33,33,33,33,33,33,33,33,33,33,33,0,0,33,33,33,0,0,33,33,33,33,0,33,33,33,0,0,33,0
26,26,26,0,0,0,26,26,26,0,26,0,26,0,0,26,0,26,26,26,26,26,26,26,26,26,26,26,0,0,26,26,26,0,0,26,26,26,26,0,26,26,26,0,0,26,0
32,32,32,0,0,0,32,32,32,0,32,0,32,0,0,32,0,32,32,32,32,32,32,32,32,32,32,32,0,0,32,32,32,0,0,32,32,32,32,0,32,32,32,0,0,32,0
41,41,41,0,0,0,41,41,41,0,41,0,41,0,0,41,0,41,41,41,41,41,41,41,41,41,41,41,0,0,41,41,41,0,0,41,41,41,41,0,41,41,41,0,0,41,0
48,48,48,0,0,0,48,48,48,0,48,0,48,0,0,48,0,48,48,48,48,48,48,48,48,48,48,48,0,0,48,48,48,0,0,48,48,48,48,0,48,48,48,0,0,48,0
26,26,26,0,0,0,26,26,26,0,26,0,26,0,0,26,0,26,26,26,26,26,26,26,26,26,26,26,0,0,26,26,26,0,0,26,26,26,26,0,26,26,26,0,0,26,0
0,0,0,0,0,0,0,0,0,0,0,0,0,0,0,0,0,0,0,0,0,0,0,0,0,0,0,0,0,0,0,0,0,0,0,0,0,0,0,0,0,0,0,0,0,0,0
0,0,0,0,0,0,0,0,0,0,0,0,0,0,0,0,0,0,0,0,0,0,0,0,0,0,0,0,0,0,0,0,0,0,0,0,0,0,0,0,0,0,0,0,0,0,0
0,0,0,0,0,0,0,0,0,0,0,0,0,0,0,0,0,0,0,0,0,0,0,0,0,0,0,0,0,0,0,0,0,0,0,0,0,0,0,0,0,0,0,0,0,0,0
33,33,33,0,0,0,33,33,33,0,33,0,33,0,0,33,0,33,33,33,33,33,33,33,33,33,33,33,0,0,33,33,33,0,0,33,33,33,33,0,33,33,33,0,0,33,0
31,31,31,0,0,0,31,31,31,0,31,0,31,0,0,31,0,31,31,31,31,31,31,31,31,31,31,31,0,0,31,31,31,0,0,31,31,31,31,0,31,31,31,0,0,31,0
0,0,0,0,0,0,0,0,0,0,0,0,0,0,0,0,0,0,0,0,0,0,0,0,0,0,0,0,0,0,0,0,0,0,0,0,0,0,0,0,0,0,0,0,0,0,0
21,21,21,0,0,0,21,21,21,0,21,0,21,0,0,21,0,21,21,21,21,21,21,21,21,21,21,21,0,0,21,21,21,0,0,21,21,21,21,0,21,21,21,0,0,21,0
25,25,25,0,0,0,25,25,25,0,25,0,25,0,0,25,0,25,25,25,25,25,25,25,25,25,25,25,0,0,25,25,25,0,0,25,25,25,25,0,25,25,25,0,0,25,0
29,29,29,0,0,0,29,29,29,0,29,0,29,0,0,29,0,29,29,29,29,29,29,29,29,29,29,29,0,0,29,29,29,0,0,29,29,29,29,0,29,29,29,0,0,29,0
27,27,27,0,0,0,27,27,27,0,27,0,27,0,0,27,0,27,27,27,27,27,27,27,27,27,27,27,0,0,27,27,27,0,0,27,27,27,27,0,27,27,27,0,0,27,0
0,0,0,0,0,0,0,0,0,0,0,0,0,0,0,0,0,0,0,0,0,0,0,0,0,0,0,0,0,0,0,0,0,0,0,0,0,0,0,0,0,0,0,0,0,0,0
21,21,21,0,0,0,21,21,21,0,21,0,21,0,0,21,0,21,21,21,21,21,21,21,21,21,21,21,0,0,21,21,21,0,0,21,21,21,21,0,21,21,21,0,0,21,0
23,23,23,0,0,0,23,23,23,0,23,0,23,0,0,23,0,23,23,23,23,23,23,23,23,23,23,23,0,0,23,23,23,0,0,23,23,23,23,0,23,23,23,0,0,23,0
41,41,41,0,0,0,41,41,41,0,41,0,41,0,0,41,0,41,41,41,41,41,41,41,41,41,41,41,0,0,41,41,41,0,0,41,41,41,41,0,41,41,41,0,0,41,0
44,44,44,0,0,0,44,44,44,0,44,0,44,0,0,44,0,44,44,44,44,44,44,44,44,44,44,44,0,0,44,44,44,0,0,44,44,44,44,0,44,44,44,0,0,44,0
51,51,51,0,0,0,51,51,51,0,51,0,51,0,0,51,0,51,51,51,51,51,51,51,51,51,51,51,0,0,51,51,51,0,0,51,51,51,51,0,51,51,51,0,0,51,0
20,20,20,0,0,0,20,20,20,0,20,0,20,0,0,20,0,20,20,20,20,20,20,20,20,20,20,20,0,0,20,20,20,0,0,20,20,20,20,0,20,20,20,0,0,20,0
0,0,0,0,0,0,0,0,0,0,0,0,0,0,0,0,0,0,0,0,0,0,0,0,0,0,0,0,0,0,0,0,0,0,0,0,0,0,0,0,0,0,0,0,0,0,0
0,0,0,0,0,0,0,0,0,0,0,0,0,0,0,0,0,0,0,0,0,0,0,0,0,0,0,0,0,0,0,0,0,0,0,0,0,0,0,0,0,0,0,0,0,0,0
0,0,0,0,0,0,0,0,0,0,0,0,0,0,0,0,0,0,0,0,0,0,0,0,0,0,0,0,0,0,0,0,0,0,0,0,0,0,0,0,0,0,0,0,0,0,0
0,0,0,0,0,0,0,0,0,0,0,0,0,0,0,0,0,0,0,0,0,0,0,0,0,0,0,0,0,0,0,0,0,0,0,0,0,0,0,0,0,0,0,0,0,0,0
0,0,0,0,0,0,0,0,0,0,0,0,0,0,0,0,0,0,0,0,0,0,0,0,0,0,0,0,0,0,0,0,0,0,0,0,0,0,0,0,0,0,0,0,0,0,0
0,0,0,0,0,0,0,0,0,0,0,0,0,0,0,0,0,0,0,0,0,0,0,0,0,0,0,0,0,0,0,0,0,0,0,0,0,0,0,0,0,0,0,0,0,0,0
0,0,0,0,0,0,0,0,0,0,0,0,0,0,0,0,0,0,0,0,0,0,0,0,0,0,0,0,0,0,0,0,0,0,0,0,0,0,0,0,0,0,0,0,0,0,0
0,0,0,0,0,0,0,0,0,0,0,0,0,0,0,0,0,0,0,0,0,0,0,0,0,0,0,0,0,0,0,0,0,0,0,0,0,0,0,0,0,0,0,0,0,0,0
0,0,0,0,0,0,0,0,0,0,0,0,0,0,0,0,0,0,0,0,0,0,0,0,0,0,0,0,0,0,0,0,0,0,0,0,0,0,0,0,0,0,0,0,0,0,0
0,0,0,0,0,0,0,0,0,0,0,0,0,0,0,0,0,0,0,0,0,0,0,0,0,0,0,0,0,0,0,0,0,0,0,0,0,0,0,0,0,0,0,0,0,0,0
0,0,0,0,0,0,0,0,0,0,0,0,0,0,0,0,0,0,0,0,0,0,0,0,0,0,0,0,0,0,0,0,0,0,0,0,0,0,0,0,0,0,0,0,0,0,0
0,0,0,0,0,0,0,0,0,0,0,0,0,0,0,0,0,0,0,0,0,0,0,0,0,0,0,0,0,0,0,0,0,0,0,0,0,0,0,0,0,0,0,0,0,0,0
0,0,0,0,0,0,0,0,0,0,0,0,0,0,0,0,0,0,0,0,0,0,0,0,0,0,0,0,0,0,0,0,0,0,0,0,0,0,0,0,0,0,0,0,0,0,0
0,0,0,0,0,0,0,0,0,0,0,0,0,0,0,0,0,0,0,0,0,0,0,0,0,0,0,0,0,0,0,0,0,0,0,0,0,0,0,0,0,0,0,0,0,0,0
0,0,0,0,0,0,0,0,0,0,0,0,0,0,0,0,0,0,0,0,0,0,0,0,0,0,0,0,0,0,0,0,0,0,0,0,0,0,0,0,0,0,0,0,0,0,0
0,0,0,0,0,0,0,0,0,0,0,0,0,0,0,0,0,0,0,0,0,0,0,0,0,0,0,0,0,0,0,0,0,0,0,0,0,0,0,0,0,0,0,0,0,0,0
0,0,0,0,0,0,0,0,0,0,0,0,0,0,0,0,0,0,0,0,0,0,0,0,0,0,0,0,0,0,0,0,0,0,0,0,0,0,0,0,0,0,0,0,0,0,0
20,20,20,0,0,0,20,20,20,0,20,0,20,0,0,20,0,20,20,20,20,20,20,20,20,20,20,20,0,0,20,20,20,0,0,20,20,20,20,0,20,20,20,0,0,20,20
0,0,0,0,0,0,0,0,0,0,0,0,0,0,0,0,0,0,0,0,0,0,0,0,0,0,0,0,0,0,0,0,0,0,0,0,0,0,0,0,0,0,0,0,0,0,0
20,20,20,0,0,0,20,20,20,0,20,0,20,0,0,20,0,20,20,20,20,20,20,20,20,20,20,20,0,0,20,20,20,0,0,20,20,20,20,0,20,20,20,0,0,20,20
30,30,30,0,0,0,30,30,30,0,30,0,30,0,0,30,0,30,30,30,30,30,30,30,30,30,30,30,0,0,30,30,30,0,0,30,30,30,30,0,30,30,30,0,0,30,30
0,0,0,0,0,0,0,0,0,0,0,0,0,0,0,0,0,0,0,0,0,0,0,0,0,0,0,0,0,0,0,0,0,0,0,0,0,0,0,0,0,0,0,0,0,0,0
0,0,0,0,0,0,0,0,0,0,0,0,0,0,0,0,0,0,0,0,0,0,0,0,0,0,0,0,0,0,0,0,0,0,0,0,0,0,0,0,0,0,0,0,0,0,0
0,0,0,0,0,0,0,0,0,0,0,0,0,0,0,0,0,0,0,0,0,0,0,0,0,0,0,0,0,0,0,0,0,0,0,0,0,0,0,0,0,0,0,0,0,0,0
21,21,21,0,0,0,21,21,21,0,21,0,21,0,0,21,0,21,21,21,21,21,21,21,21,21,21,21,0,0,21,21,21,0,0,21,21,21,21,0,21,21,21,0,0,21,21
21,21,21,0,0,0,21,21,21,0,21,0,21,0,0,21,0,21,21,21,21,21,21,21,21,21,21,21,0,0,21,21,21,0,0,21,21,21,21,0,21,21,21,0,0,21,21
0,0,0,0,0,0,0,0,0,0,0,0,0,0,0,0,0,0,0,0,0,0,0,0,0,0,0,0,0,0,0,0,0,0,0,0,0,0,0,0,0,0,0,0,0,0,0
23,23,23,0,0,0,23,23,23,0,23,0,23,0,0,23,0,23,23,23,23,23,23,23,23,23,23,23,0,0,23,23,23,0,0,23,23,23,23,0,23,23,23,0,0,23,23
0,0,0,0,0,0,0,0,0,0,0,0,0,0,0,0,0,0,0,0,0,0,0,0,0,0,0,0,0,0,0,0,0,0,0,0,0,0,0,0,0,0,0,0,0,0,0
38,38,38,0,0,0,38,38,38,0,38,0,38,0,0,38,0,38,38,38,38,38,38,38,38,38,38,38,0,0,38,38,38,0,0,38,38,38,38,0,38,38,38,0,0,38,38
0,0,0,0,0,0,0,0,0,0,0,0,0,0,0,0,0,0,0,0,0,0,0,0,0,0,0,0,0,0,0,0,0,0,0,0,0,0,0,0,0,0,0,0,0,0,0
0,0,0,0,0,0,0,0,0,0,0,0,0,0,0,0,0,0,0,0,0,0,0,0,0,0,0,0,0,0,0,0,0,0,0,0,0,0,0,0,0,0,0,0,0,0,0
0,0,0,0,0,0,0,0,0,0,0,0,0,0,0,0,0,0,0,0,0,0,0,0,0,0,0,0,0,0,0,0,0,0,0,0,0,0,0,0,0,0,0,0,0,0,0
0,0,0,0,0,0,0,0,0,0,0,0,0,0,0,0,0,0,0,0,0,0,0,0,0,0,0,0,0,0,0,0,0,0,0,0,0,0,0,0,0,0,0,0,0,0,0
0,0,0,0,0,0,0,0,0,0,0,0,0,0,0,0,0,0,0,0,0,0,0,0,0,0,0,0,0,0,0,0,0,0,0,0,0,0,0,0,0,0,0,0,0,0,0
0,0,0,0,0,0,0,0,0,0,0,0,0,0,0,0,0,0,0,0,0,0,0,0,0,0,0,0,0,0,0,0,0,0,0,0,0,0,0,0,0,0,0,0,0,0,0
0,0,0,0,0,0,0,0,0,0,0,0,0,0,0,0,0,0,0,0,0,0,0,0,0,0,0,0,0,0,0,0,0,0,0,0,0,0,0,0,0,0,0,0,0,0,0
0,0,0,0,0,0,0,0,0,0,0,0,0,0,0,0,0,0,0,0,0,0,0,0,0,0,0,0,0,0,0,0,0,0,0,0,0,0,0,0,0,0,0,0,0,0,0
0,0,0,0,0,0,0,0,0,0,0,0,0,0,0,0,0,0,0,0,0,0,0,0,0,0,0,0,0,0,0,0,0,0,0,0,0,0,0,0,0,0,0,0,0,0,0
0,0,0,0,0,0,0,0,0,0,0,0,0,0,0,0,0,0,0,0,0,0,0,0,0,0,0,0,0,0,0,0,0,0,0,0,0,0,0,0,0,0,0,0,0,0,0
0,0,0,0,0,0,0,0,0,0,0,0,0,0,0,0,0,0,0,0,0,0,0,0,0,0,0,0,0,0,0,0,0,0,0,0,0,0,0,0,0,0,0,0,0,0,0
0,0,0,0,0,0,0,0,0,0,0,0,0,0,0,0,0,0,0,0,0,0,0,0,0,0,0,0,0,0,0,0,0,0,0,0,0,0,0,0,0,0,0,0,0,0,0
0,0,0,0,0,0,0,0,0,0,0,0,0,0,0,0,0,0,0,0,0,0,0,0,0,0,0,0,0,0,0,0,0,0,0,0,0,0,0,0,0,0,0,0,0,0,0
0,0,0,0,0,0,0,0,0,0,0,0,0,0,0,0,0,0,0,0,0,0,0,0,0,0,0,0,0,0,0,0,0,0,0,0,0,0,0,0,0,0,0,0,0,0,0
0,0,0,0,0,0,0,0,0,0,0,0,0,0,0,0,0,0,0,0,0,0,0,0,0,0,0,0,0,0,0,0,0,0,0,0,0,0,0,0,0,0,0,0,0,0,0
0,0,0,0,0,0,0,0,0,0,0,0,0,0,0,0,0,0,0,0,0,0,0,0,0,0,0,0,0,0,0,0,0,0,0,0,0,0,0,0,0,0,0,0,0,0,0
0,0,0,0,0,0,0,0,0,0,0,0,0,0,0,0,0,0,0,0,0,0,0,0,0,0,0,0,0,0,0,0,0,0,0,0,0,0,0,0,0,0,0,0,0,0,0
0,0,0,21,21,21,0,0,0,21,0,21,0,21,21,0,0,0,0,0,0,0,0,0,0,0,0,0,21,21,0,0,0,21,21,0,0,0,0,21,0,0,0,0,0,0,0
0,0,0,0,0,0,0,0,0,0,0,0,0,0,0,0,0,0,0,0,0,0,0,0,0,0,0,0,0,0,0,0,0,0,0,0,0,0,0,0,0,0,0,0,0,0,0
0,0,0,0,0,0,0,0,0,0,0,0,0,0,0,0,0,0,0,0,0,0,0,0,0,0,0,0,0,0,0,0,0,0,0,0,0,0,0,0,0,0,0,0,0,0,0
0,0,0,0,0,0,0,0,0,0,0,0,0,0,0,0,0,0,0,0,0,0,0,0,0,0,0,0,0,0,0,0,0,0,0,0,0,0,0,0,0,0,0,0,0,0,0
0,0,0,0,0,0,0,0,0,0,0,0,0,0,0,0,0,0,0,0,0,0,0,0,0,0,0,0,0,0,0,0,0,0,0,0,0,0,0,0,0,0,0,0,0,0,0
0,0,0,0,0,0,0,0,0,0,0,0,0,0,0,0,0,0,0,0,0,0,0,0,0,0,0,0,0,0,0,0,0,0,0,0,0,0,0,0,0,0,0,0,0,0,0
0,0,0,0,0,0,0,0,0,0,0,0,0,0,0,0,0,0,0,0,0,0,0,0,0,0,0,0,0,0,0,0,0,0,0,0,0,0,0,0,0,0,0,0,0,0,0
0,0,0,0,0,0,0,0,0,0,0,0,0,0,0,0,0,0,0,0,0,0,0,0,0,0,0,0,0,0,0,0,0,0,0,0,0,0,0,0,0,0,0,0,0,0,0
0,0,0,0,0,0,0,0,0,0,0,0,0,0,0,0,0,0,0,0,0,0,0,0,0,0,0,0,0,0,0,0,0,0,0,0,0,0,0,0,0,0,0,0,0,0,0
0,0,0,0,0,0,0,0,0,0,0,0,0,0,0,0,0,0,0,0,0,0,0,0,0,0,0,0,0,0,0,0,0,0,0,0,0,0,0,0,0,0,0,0,0,0,0
0,0,0,0,0,0,0,0,0,0,0,0,0,0,0,0,0,0,0,0,0,0,0,0,0,0,0,0,0,0,0,0,0,0,0,0,0,0,0,0,0,0,0,0,0,0,0
0,0,0,0,0,0,0,0,0,0,0,0,0,0,0,0,0,0,0,0,0,0,0,0,0,0,0,0,0,0,0,0,0,0,0,0,0,0,0,0,0,0,0,0,0,0,0
0,0,0,0,0,0,0,0,0,0,0,0,0,0,0,0,0,0,0,0,0,0,0,0,0,0,0,0,0,0,0,0,0,0,0,0,0,0,0,0,0,0,0,0,0,0,0
0,0,0,0,0,0,0,0,0,0,0,0,0,0,0,0,0,0,0,0,0,0,0,0,0,0,0,0,0,0,0,0,0,0,0,0,0,0,0,0,0,0,0,0,0,0,0
0,0,0,0,0,0,0,0,0,0,0,0,0,0,0,0,0,0,0,0,0,0,0,0,0,0,0,0,0,0,0,0,0,0,0,0,0,0,0,0,0,0,0,0,0,0,0
0,0,0,0,0,0,0,0,0,0,0,0,0,0,0,0,0,0,0,0,0,0,0,0,0,0,0,0,0,0,0,0,0,0,0,0,0,0,0,0,0,0,0,0,0,0,0
0,0,0,0,0,0,0,0,0,0,0,0,0,0,0,0,0,0,0,0,0,0,0,0,0,0,0,0,0,0,0,0,0,0,0,0,0,0,0,0,0,0,0,0,0,0,0
0,0,0,0,0,0,0,0,0,0,0,0,0,0,0,0,0,0,0,0,0,0,0,0,0,0,0,0,0,0,0,0,0,0,0,0,0,0,0,0,0,0,0,0,0,0,0
0,0,0,0,0,0,0,0,0,0,0,0,0,0,0,0,0,0,0,0,0,0,0,0,0,0,0,0,0,0,0,0,0,0,0,0,0,0,0,0,0,0,0,0,0,0,0
0,0,0,0,0,0,0,0,0,0,0,0,0,0,0,0,0,0,0,0,0,0,0,0,0,0,0,0,0,0,0,0,0,0,0,0,0,0,0,0,0,0,0,0,0,0,0
0,0,0,0,0,0,0,0,0,0,0,0,0,0,0,0,0,0,0,0,0,0,0,0,0,0,0,0,0,0,0,0,0,0,0,0,0,0,0,0,0,0,0,0,0,0,0
0,0,0,0,0,0,0,0,0,0,0,0,0,0,0,0,0,0,0,0,0,0,0,0,0,0,0,0,0,0,0,0,0,0,0,0,0,0,0,0,0,0,0,0,0,0,0
0,0,0,0,0,0,0,0,0,0,0,0,0,0,0,0,0,0,0,0,0,0,0,0,0,0,0,0,0,0,0,0,0,0,0,0,0,0,0,0,0,0,0,0,0,0,0
0,0,0,0,0,0,0,0,0,0,0,0,0,0,0,0,0,0,0,0,0,0,0,0,0,0,0,0,0,0,0,0,0,0,0,0,0,0,0,0,0,0,0,0,0,0,0
0,0,0,0,0,0,0,0,0,0,0,0,0,0,0,0,0,0,0,0,0,0,0,0,0,0,0,0,0,0,0,0,0,0,0,0,0,0,0,0,0,0,0,0,0,0,0
0,0,0,0,0,0,0,0,0,0,0,0,0,0,0,0,0,0,0,0,0,0,0,0,0,0,0,0,0,0,0,0,0,0,0,0,0,0,0,0,0,0,0,0,0,0,0
0,0,0,0,0,0,0,0,0,0,0,0,0,0,0,0,0,0,0,0,0,0,0,0,0,0,0,0,0,0,0,0,0,0,0,0,0,0,0,0,0,0,0,0,0,0,0
0,0,0,0,0,0,0,0,0,0,0,0,0,0,0,0,0,0,0,0,0,0,0,0,0,0,0,0,0,0,0,0,0,0,0,0,0,0,0,0,0,0,0,0,0,0,0
0,0,0,0,0,0,0,0,0,0,0,0,0,0,0,0,0,0,0,0,0,0,0,0,0,0,0,0,0,0,0,0,0,0,0,0,0,0,0,0,0,0,0,0,0,0,0
0,0,0,0,0,0,0,0,0,0,0,0,0,0,0,0,0,0,0,0,0,0,0,0,0,0,0,0,0,0,0,0,0,0,0,0,0,0,0,0,0,0,0,0,0,0,0
0,0,0,0,0,0,0,0,0,0,0,0,0,0,0,0,0,0,0,0,0,0,0,0,0,0,0,0,0,0,0,0,0,0,0,0,0,0,0,0,0,0,0,0,0,0,0
0,0,0,0,0,0,0,0,0,0,0,0,0,0,0,0,0,0,0,0,0,0,0,0,0,0,0,0,0,0,0,0,0,0,0,0,0,0,0,0,0,0,0,0,0,0,0
0,0,0,0,0,0,0,0,0,0,0,0,0,0,0,0,0,0,0,0,0,0,0,0,0,0,0,0,0,0,0,0,0,0,0,0,0,0,0,0,0,0,0,0,0,0,0
0,0,0,0,0,0,0,0,0,0,0,0,0,0,0,0,0,0,0,0,0,0,0,0,0,0,0,0,0,0,0,0,0,0,0,0,0,0,0,0,0,0,0,0,0,0,0
0,0,0,0,0,0,0,0,0,0,0,0,0,0,0,0,0,0,0,0,0,0,0,0,0,0,0,0,0,0,0,0,0,0,0,0,0,0,0,0,0,0,0,0,0,0,0
0,0,0,0,0,0,0,0,0,0,0,0,0,0,0,0,0,0,0,0,0,0,0,0,0,0,0,0,0,0,0,0,0,0,0,0,0,0,0,0,0,0,0,0,0,0,0
0,0,0,0,0,0,0,0,0,0,0,0,0,0,0,0,0,0,0,0,0,0,0,0,0,0,0,0,0,0,0,0,0,0,0,0,0,0,0,0,0,0,0,0,0,0,0
0,0,0,0,0,0,0,0,0,0,0,0,0,0,0,0,0,0,0,0,0,0,0,0,0,0,0,0,0,0,0,0,0,0,0,0,0,0,0,0,0,0,0,0,0,0,0
0,0,0,0,0,0,0,0,0,0,0,0,0,0,0,0,0,0,0,0,0,0,0,0,0,0,0,0,0,0,0,0,0,0,0,0,0,0,0,0,0,0,0,0,0,0,0
0,0,0,0,0,0,0,0,0,0,0,0,0,0,0,0,0,0,0,0,0,0,0,0,0,0,0,0,0,0,0,0,0,0,0,0,0,0,0,0,0,0,0,0,0,0,0
0,0,0,0,0,0,0,0,0,0,0,0,0,0,0,0,0,0,0,0,0,0,0,0,0,0,0,0,0,0,0,0,0,0,0,0,0,0,0,0,0,0,0,0,0,0,0
0,0,0,0,0,0,0,0,0,0,0,0,0,0,0,0,0,0,0,0,0,0,0,0,0,0,0,0,0,0,0,0,0,0,0,0,0,0,0,0,0,0,0,0,0,0,0
0,0,0,0,0,0,0,0,0,0,0,0,0,0,0,0,0,0,0,0,0,0,0,0,0,0,0,0,0,0,0,0,0,0,0,0,0,0,0,0,0,0,0,0,0,0,0
0,0,0,0,0,0,0,0,0,0,0,0,0,0,0,0,0,0,0,0,0,0,0,0,0,0,0,0,0,0,0,0,0,0,0,0,0,0,0,0,0,0,0,0,0,0,0
0,0,0,0,0,0,0,0,0,0,0,0,0,0,0,0,0,0,0,0,0,0,0,0,0,0,0,0,0,0,0,0,0,0,0,0,0,0,0,0,0,0,0,0,0,0,0
0,0,0,21,21,21,0,0,0,21,0,21,0,21,21,0,0,0,0,0,0,0,0,0,0,0,0,0,21,21,0,0,0,21,21,0,0,0,0,21,0,0,0,0,0,0,0
0,0,0,0,0,0,0,0,0,0,0,0,0,0,0,0,0,0,0,0,0,0,0,0,0,0,0,0,0,0,0,0,0,0,0,0,0,0,0,0,0,0,0,0,0,0,0
0,0,0,0,0,0,0,0,0,0,0,0,0,0,0,0,0,0,0,0,0,0,0,0,0,0,0,0,0,0,0,0,0,0,0,0,0,0,0,0,0,0,0,0,0,0,0
0,0,0,0,0,0,0,0,0,0,0,0,0,0,0,0,0,0,0,0,0,0,0,0,0,0,0,0,0,0,0,0,0,0,0,0,0,0,0,0,0,0,0,0,0,0,0
0,0,0,0,0,0,0,0,0,0,0,0,0,0,0,0,0,0,0,0,0,0,0,0,0,0,0,0,0,0,0,0,0,0,0,0,0,0,0,0,0,0,0,0,0,0,0
0,0,0,0,0,0,0,0,0,0,0,0,0,0,0,0,0,0,0,0,0,0,0,0,0,0,0,0,0,0,0,0,0,0,0,0,0,0,0,0,0,0,0,0,0,0,0
0,0,0,0,0,0,0,0,0,0,0,0,0,0,0,0,0,0,0,0,0,0,0,0,0,0,0,0,0,0,0,0,0,0,0,0,0,0,0,0,0,0,0,0,0,0,0
0,0,0,0,0,0,0,0,0,0,0,0,0,0,0,0,0,0,0,0,0,0,0,0,0,0,0,0,0,0,0,0,0,0,0,0,0,0,0,0,0,0,0,0,0,0,0
0,0,0,23,23,23,0,0,0,23,0,23,0,23,23,0,0,0,0,0,0,0,0,0,0,0,0,0,23,23,0,0,0,23,23,0,0,0,0,23,0,0,0,0,0,0,0
0,0,0,36,36,36,0,0,0,36,0,36,0,36,36,0,0,0,0,0,0,0,0,0,0,0,0,0,36,36,0,0,0,36,36,0,0,0,0,36,0,0,0,0,0,0,0
0,0,0,23,23,23,0,0,0,23,0,23,0,23,23,0,0,0,0,0,0,0,0,0,0,0,0,0,23,23,0,0,0,23,23,0,0,0,0,23,0,0,0,0,0,0,0
0,0,0,52,52,52,0,0,0,52,0,52,0,52,52,0,0,0,0,0,0,0,0,0,0,0,0,0,52,52,0,0,0,52,52,0,0,0,0,52,0,0,0,0,0,0,0
0,0,0,55,55,55,0,0,0,55,0,55,0,55,55,0,0,0,0,0,0,0,0,0,0,0,0,0,55,55,0,0,0,55,55,0,0,0,0,55,0,0,0,0,0,0,0
0,0,0,42,42,42,0,0,0,42,0,42,0,42,42,0,0,0,0,0,0,0,0,0,0,0,0,0,42,42,0,0,0,42,42,0,0,0,0,42,0,0,0,0,0,0,0
0,0,0,61,61,61,0,0,0,61,0,61,0,61,61,0,0,0,0,0,0,0,0,0,0,0,0,0,61,61,0,0,0,61,61,0,0,0,0,61,0,0,0,0,0,0,0
0,0,0,36,36,36,0,0,0,36,0,36,0,36,36,0,0,0,0,0,0,0,0,0,0,0,0,0,36,36,0,0,0,36,36,0,0,0,0,36,0,0,0,0,0,0,0
0,0,0,77,77,77,0,0,0,77,0,77,0,77,77,0,0,0,0,0,0,0,0,0,0,0,0,0,77,77,0,0,0,77,77,0,0,0,0,77,0,0,0,0,0,0,0
0,0,0,64,64,64,0,0,0,64,0,64,0,64,64,0,0,0,0,0,0,0,0,0,0,0,0,0,64,64,0,0,0,64,64,0,0,0,0,64,0,0,0,0,0,0,0
0,0,0,43,43,43,0,0,0,43,0,43,0,43,43,0,0,0,0,0,0,0,0,0,0,0,0,0,43,43,0,0,0,43,43,0,0,0,0,43,0,0,0,0,0,0,0
0,0,0,30,30,30,0,0,0,30,0,30,0,30,30,0,0,0,0,0,0,0,0,0,0,0,0,0,30,30,0,0,0,30,30,0,0,0,0,30,0,0,0,0,0,0,0
0,0,0,62,62,62,0,0,0,62,0,62,0,62,62,0,0,0,0,0,0,0,0,0,0,0,0,0,62,62,0,0,0,62,62,0,0,0,0,62,0,0,0,0,0,0,0
0,0,0,123,123,123,0,0,0,123,0,123,0,123,123,0,0,0,0,0,0,0,0,0,0,0,0,0,123,123,0,0,0,123,123,0,0,0,0,123,0,0,0,0,0,0,0
0,0,0,94,94,94,0,0,0,94,0,94,0,94,94,0,0,0,0,0,0,0,0,0,0,0,0,0,94,94,0,0,0,94,94,0,0,0,0,94,0,0,0,0,0,0,0
0,0,0,79,79,79,0,0,0,79,0,79,0,79,79,0,0,0,0,0,0,0,0,0,0,0,0,0,79,79,0,0,0,79,79,0,0,0,0,79,0,0,0,0,0,0,0
0,0,0,129,129,129,0,0,0,129,0,129,0,129,129,0,0,0,0,0,0,0,0,0,0,0,0,0,129,129,0,0,0,129,129,0,0,0,0,129,0,0,0,0,0,0,0
0,0,0,114,114,114,0,0,0,114,0,114,0,114,114,0,0,0,0,0,0,0,0,0,0,0,0,0,114,114,0,0,0,114,114,0,0,0,0,114,0,0,0,0,0,0,0
0,0,0,109,109,109,0,0,0,109,0,109,0,109,109,0,0,0,0,0,0,0,0,0,0,0,0,0,109,109,0,0,0,109,109,0,0,0,0,109,0,0,0,0,0,0,0
0,0,0,112,112,112,0,0,0,112,0,112,0,112,112,0,0,0,0,0,0,0,0,0,0,0,0,0,112,112,0,0,0,112,112,0,0,0,0,112,0,0,0,0,0,0,0
0,0,0,91,91,91,0,0,0,91,0,91,0,91,91,0,0,0,0,0,0,0,0,0,0,0,0,0,91,91,0,0,0,91,91,0,0,0,0,91,0,0,0,0,0,0,0
0,0,0,123,123,123,0,0,0,123,0,123,0,123,123,0,0,0,0,0,0,0,0,0,0,0,0,0,123,123,0,0,0,123,123,0,0,0,0,123,0,0,0,0,0,0,0
0,0,0,102,102,102,0,0,0,102,0,102,0,102,102,0,0,0,0,0,0,0,0,0,0,0,0,0,102,102,0,0,0,102,102,0,0,0,0,102,0,0,0,0,0,0,0
0,0,0,80,80,80,0,0,0,80,0,80,0,80,80,0,0,0,0,0,0,0,0,0,0,0,0,0,80,80,0,0,0,80,80,0,0,0,0,80,0,0,0,0,0,0,0
0,0,0,58,58,58,0,0,0,58,0,58,0,58,58,0,0,0,0,0,0,0,0,0,0,0,0,0,58,58,0,0,0,58,58,0,0,0,0,58,0,0,0,0,0,0,0
0,0,0,133,133,133,0,0,0,133,0,133,0,133,133,0,0,0,0,0,0,0,0,0,0,0,0,0,133,133,0,0,0,133,133,0,0,0,0,133,0,0,0,0,0,0,0
0,0,0,113,113,113,0,0,0,113,0,113,0,113,113,0,0,0,0,0,0,0,0,0,0,0,0,0,113,113,0,0,0,113,113,0,0,0,0,113,0,0,0,0,0,0,0
0,0,0,121,121,121,0,0,0,121,0,121,0,121,121,0,0,0,0,0,0,0,0,0,0,0,0,0,121,121,0,0,0,121,121,0,0,0,0,121,0,0,0,0,0,0,0
0,0,0,100,100,100,0,0,0,100,0,100,0,100,100,0,0,0,0,0,0,0,0,0,0,0,0,0,100,100,0,0,0,100,100,0,0,0,0,100,0,0,0,0,0,0,0
0,0,0,52,52,52,0,0,0,52,0,52,0,52,52,0,0,0,0,0,0,0,0,0,0,0,0,0,52,52,0,0,0,52,52,0,0,0,0,52,0,0,0,0,0,0,0
0,0,0,55,55,55,0,0,0,55,0,55,0,55,55,0,0,0,0,0,0,0,0,0,0,0,0,0,55,55,0,0,0,55,55,0,0,0,0,55,0,0,0,0,0,0,0
0,0,0,39,39,39,0,0,0,39,0,39,0,39,39,0,0,0,0,0,0,0,0,0,0,0,0,0,39,39,0,0,0,39,39,0,0,0,0,39,0,0,0,0,0,0,0
0,0,0,21,21,21,0,0,0,21,0,21,0,21,21,0,0,0,0,0,0,0,0,0,0,0,0,0,21,21,0,0,0,21,21,0,0,0,0,21,0,0,0,0,0,0,0
0,0,0,45,45,45,0,0,0,45,0,45,0,45,45,0,0,0,0,0,0,0,0,0,0,0,0,0,45,45,0,0,0,45,45,0,0,0,0,45,0,0,0,0,0,0,0
0,0,0,83,83,83,0,0,0,83,0,83,0,83,83,0,0,0,0,0,0,0,0,0,0,0,0,0,83,83,0,0,0,83,83,0,0,0,0,83,0,0,0,0,0,0,0
0,0,0,67,67,67,0,0,0,67,0,67,0,67,67,0,0,0,0,0,0,0,0,0,0,0,0,0,67,67,0,0,0,67,67,0,0,0,0,67,0,0,0,0,0,0,0
0,0,0,20,20,20,0,0,0,20,0,20,0,20,20,0,0,0,0,0,0,0,0,0,0,0,0,0,20,20,0,0,0,20,20,0,0,0,0,20,0,0,0,0,0,0,0
0,0,0,40,40,40,0,0,0,40,0,40,0,40,40,0,0,0,0,0,0,0,0,0,0,0,0,0,40,40,0,0,0,40,40,0,0,0,0,40,0,0,0,0,0,0,0
0,0,0,0,0,0,0,0,0,0,0,0,0,0,0,0,0,0,0,0,0,0,0,0,0,0,0,0,0,0,0,0,0,0,0,0,0,0,0,0,0,0,0,0,0,0,0
0,0,0,32,32,32,0,0,0,32,0,32,0,32,32,0,0,0,0,0,0,0,0,0,0,0,0,0,32,32,0,0,0,32,32,0,0,0,0,32,0,0,0,0,0,0,0
0,0,0,23,23,23,0,0,0,23,0,23,0,23,23,0,0,0,0,0,0,0,0,0,0,0,0,0,23,23,0,0,0,23,23,0,0,0,0,23,0,0,0,0,0,0,0
0,0,0,0,0,0,0,0,0,0,0,0,0,0,0,0,0,0,0,0,0,0,0,0,0,0,0,0,0,0,0,0,0,0,0,0,0,0,0,0,0,0,0,0,0,0,0
0,0,0,0,0,0,0,0,0,0,0,0,0,0,0,0,0,0,0,0,0,0,0,0,0,0,0,0,0,0,0,0,0,0,0,0,0,0,0,0,0,0,0,0,0,0,0
0,0,0,0,0,0,0,0,0,0,0,0,0,0,0,0,0,0,0,0,0,0,0,0,0,0,0,0,0,0,0,0,0,0,0,0,0,0,0,0,0,0,0,0,0,0,0
0,0,0,0,0,0,0,0,0,0,0,0,0,0,0,0,0,0,0,0,0,0,0,0,0,0,0,0,0,0,0,0,0,0,0,0,0,0,0,0,0,0,0,0,0,0,0
0,0,0,0,0,0,0,0,0,0,0,0,0,0,0,0,0,0,0,0,0,0,0,0,0,0,0,0,0,0,0,0,0,0,0,0,0,0,0,0,0,0,0,0,0,0,0
0,0,0,20,20,20,0,0,0,20,0,20,0,20,20,0,0,0,0,0,0,0,0,0,0,0,0,0,20,20,0,0,0,20,20,0,0,0,0,20,0,0,0,0,0,0,0
0,0,0,0,0,0,0,0,0,0,0,0,0,0,0,0,0,0,0,0,0,0,0,0,0,0,0,0,0,0,0,0,0,0,0,0,0,0,0,0,0,0,0,0,0,0,0
0,0,0,0,0,0,0,0,0,0,0,0,0,0,0,0,0,0,0,0,0,0,0,0,0,0,0,0,0,0,0,0,0,0,0,0,0,0,0,0,0,0,0,0,0,0,0
0,0,0,0,0,0,0,0,0,0,0,0,0,0,0,0,0,0,0,0,0,0,0,0,0,0,0,0,0,0,0,0,0,0,0,0,0,0,0,0,0,0,0,0,0,0,0
0,0,0,0,0,0,0,0,0,0,0,0,0,0,0,0,0,0,0,0,0,0,0,0,0,0,0,0,0,0,0,0,0,0,0,0,0,0,0,0,0,0,0,0,0,0,0
0,0,0,0,0,0,0,0,0,0,0,0,0,0,0,0,0,0,0,0,0,0,0,0,0,0,0,0,0,0,0,0,0,0,0,0,0,0,0,0,0,0,0,0,0,0,0
0,0,0,25,25,25,0,0,0,25,0,25,0,25,25,0,0,0,0,0,0,0,0,0,0,0,0,0,25,25,0,0,0,25,25,0,0,0,0,25,0,0,0,0,0,0,0
0,0,0,0,0,0,0,0,0,0,0,0,0,0,0,0,0,0,0,0,0,0,0,0,0,0,0,0,0,0,0,0,0,0,0,0,0,0,0,0,0,0,0,0,0,0,0
0,0,0,0,0,0,0,0,0,0,0,0,0,0,0,0,0,0,0,0,0,0,0,0,0,0,0,0,0,0,0,0,0,0,0,0,0,0,0,0,0,0,0,0,0,0,0
0,0,0,0,0,0,0,0,0,0,0,0,0,0,0,0,0,0,0,0,0,0,0,0,0,0,0,0,0,0,0,0,0,0,0,0,0,0,0,0,0,0,0,0,0,0,0
0,0,0,0,0,0,0,0,0,0,0,0,0,0,0,0,0,0,0,0,0,0,0,0,0,0,0,0,0,0,0,0,0,0,0,0,0,0,0,0,0,0,0,0,0,0,0
0,0,0,0,0,0,0,0,0,0,0,0,0,0,0,0,0,0,0,0,0,0,0,0,0,0,0,0,0,0,0,0,0,0,0,0,0,0,0,0,0,0,0,0,0,0,0
0,0,0,0,0,0,0,0,0,0,0,0,0,0,0,0,0,0,0,0,0,0,0,0,0,0,0,0,0,0,0,0,0,0,0,0,0,0,0,0,0,0,0,0,0,0,0
0,0,0,0,0,0,0,0,0,0,0,0,0,0,0,0,0,0,0,0,0,0,0,0,0,0,0,0,0,0,0,0,0,0,0,0,0,0,0,0,0,0,0,0,0,0,0
0,0,0,0,0,0,0,0,0,0,0,0,0,0,0,0,0,0,0,0,0,0,0,0,0,0,0,0,0,0,0,0,0,0,0,0,0,0,0,0,0,0,0,0,0,0,0
0,0,0,0,0,0,0,0,0,0,0,0,0,0,0,0,0,0,0,0,0,0,0,0,0,0,0,0,0,0,0,0,0,0,0,0,0,0,0,0,0,0,0,0,0,0,0
0,0,0,0,0,0,0,0,0,0,0,0,0,0,0,0,0,0,0,0,0,0,0,0,0,0,0,0,0,0,0,0,0,0,0,0,0,0,0,0,0,0,0,0,0,0,0
0,0,0,0,0,0,0,0,0,0,0,0,0,0,0,0,0,0,0,0,0,0,0,0,0,0,0,0,0,0,0,0,0,0,0,0,0,0,0,0,0,0,0,0,0,0,0
0,0,0,0,0,0,0,0,0,0,0,0,0,0,0,0,0,0,0,0,0,0,0,0,0,0,0,0,0,0,0,0,0,0,0,0,0,0,0,0,0,0,0,0,0,0,0
0,0,0,0,0,0,0,0,0,0,0,0,0,0,0,0,0,0,0,0,0,0,0,0,0,0,0,0,0,0,0,0,0,0,0,0,0,0,0,0,0,0,0,0,0,0,0
0,0,0,0,0,0,0,0,0,0,0,0,0,0,0,0,0,0,0,0,0,0,0,0,0,0,0,0,0,0,0,0,0,0,0,0,0,0,0,0,0,0,0,0,0,0,0
0,0,0,0,0,0,0,0,0,0,0,0,0,0,0,0,0,0,0,0,0,0,0,0,0,0,0,0,0,0,0,0,0,0,0,0,0,0,0,0,0,0,0,0,0,0,0
0,0,0,0,0,0,0,0,0,0,0,0,0,0,0,0,0,0,0,0,0,0,0,0,0,0,0,0,0,0,0,0,0,0,0,0,0,0,0,0,0,0,0,0,0,0,0
0,0,0,0,0,0,0,0,0,0,0,0,0,0,0,0,0,0,0,0,0,0,0,0,0,0,0,0,0,0,0,0,0,0,0,0,0,0,0,0,0,0,0,0,0,0,0
0,0,0,0,0,0,0,0,0,0,0,0,0,0,0,0,0,0,0,0,0,0,0,0,0,0,0,0,0,0,0,0,0,0,0,0,0,0,0,0,0,0,0,0,0,0,0
0,0,0,0,0,0,0,0,0,0,0,0,0,0,0,0,0,0,0,0,0,0,0,0,0,0,0,0,0,0,0,0,0,0,0,0,0,0,0,0,0,0,0,0,0,0,0
0,0,0,0,0,0,0,0,0,0,0,0,0,0,0,0,0,0,0,0,0,0,0,0,0,0,0,0,0,0,0,0,0,0,0,0,0,0,0,0,0,0,0,0,0,0,0
0,0,0,0,0,0,0,0,0,0,0,0,0,0,0,0,0,0,0,0,0,0,0,0,0,0,0,0,0,0,0,0,0,0,0,0,0,0,0,0,0,0,0,0,0,0,0
0,0,0,0,0,0,0,0,0,0,0,0,0,0,0,0,0,0,0,0,0,0,0,0,0,0,0,0,0,0,0,0,0,0,0,0,0,0,0,0,0,0,0,0,0,0,0
0,0,0,0,0,0,0,0,0,0,0,0,0,0,0,0,0,0,0,0,0,0,0,0,0,0,0,0,0,0,0,0,0,0,0,0,0,0,0,0,0,0,0,0,0,0,0
0,0,0,0,0,0,0,0,0,0,0,0,0,0,0,0,0,0,0,0,0,0,0,0,0,0,0,0,0,0,0,0,0,0,0,0,0,0,0,0,0,0,0,0,0,0,0
0,0,0,0,0,0,0,0,0,0,0,0,0,0,0,0,0,0,0,0,0,0,0,0,0,0,0,0,0,0,0,0,0,0,0,0,0,0,0,0,0,0,0,0,0,0,0
0,0,0,0,0,0,0,0,0,0,0,0,0,0,0,0,0,0,0,0,0,0,0,0,0,0,0,0,0,0,0,0,0,0,0,0,0,0,0,0,0,0,0,0,0,0,0
0,0,0,0,0,0,0,0,0,0,0,0,0,0,0,0,0,0,0,0,0,0,0,0,0,0,0,0,0,0,0,0,0,0,0,0,0,0,0,0,0,0,0,0,0,0,0
0,0,0,0,0,0,0,0,0,0,0,0,0,0,0,0,0,0,0,0,0,0,0,0,0,0,0,0,0,0,0,0,0,0,0,0,0,0,0,0,0,0,0,0,0,0,0
0,0,0,0,0,0,0,0,0,0,0,0,0,0,0,0,0,0,0,0,0,0,0,0,0,0,0,0,0,0,0,0,0,0,0,0,0,0,0,0,0,0,0,0,0,0,0
0,0,0,0,0,0,0,0,0,0,0,0,0,0,0,0,0,0,0,0,0,0,0,0,0,0,0,0,0,0,0,0,0,0,0,0,0,0,0,0,0,0,0,0,0,0,0
0,0,0,0,0,0,0,0,0,0,0,0,0,0,0,0,0,0,0,0,0,0,0,0,0,0,0,0,0,0,0,0,0,0,0,0,0,0,0,0,0,0,0,0,0,0,0
0,0,0,0,0,0,0,0,0,0,0,0,0,0,0,0,0,0,0,0,0,0,0,0,0,0,0,0,0,0,0,0,0,0,0,0,0,0,0,0,0,0,0,0,0,0,0
0,0,0,0,0,0,0,0,0,0,0,0,0,0,0,0,0,0,0,0,0,0,0,0,0,0,0,0,0,0,0,0,0,0,0,0,0,0,0,0,0,0,0,0,0,0,0
0,0,0,0,0,0,0,0,0,0,0,0,0,0,0,0,0,0,0,0,0,0,0,0,0,0,0,0,0,0,0,0,0,0,0,0,0,0,0,0,0,0,0,0,0,0,0
0,0,0,0,0,0,0,0,0,0,0,0,0,0,0,0,0,0,0,0,0,0,0,0,0,0,0,0,0,0,0,0,0,0,0,0,0,0,0,0,0,0,0,0,0,0,0
0,0,0,0,0,0,0,0,0,0,0,0,0,0,0,0,0,0,0,0,0,0,0,0,0,0,0,0,0,0,0,0,0,0,0,0,0,0,0,0,0,0,0,0,0,0,0
0,0,0,0,0,0,0,0,0,0,0,0,0,0,0,0,0,0,0,0,0,0,0,0,0,0,0,0,0,0,0,0,0,0,0,0,0,0,0,0,0,0,0,0,0,0,0
0,0,0,0,0,0,0,0,0,0,0,0,0,0,0,0,0,0,0,0,0,0,0,0,0,0,0,0,0,0,0,0,0,0,0,0,0,0,0,0,0,0,0,0,0,0,0
0,0,0,0,0,0,0,0,0,0,0,0,0,0,0,0,0,0,0,0,0,0,0,0,0,0,0,0,0,0,0,0,0,0,0,0,0,0,0,0,0,0,0,0,0,0,0
0,0,0,0,0,0,0,0,0,0,0,0,0,0,0,0,0,0,0,0,0,0,0,0,0,0,0,0,0,0,0,0,0,0,0,0,0,0,0,0,0,0,0,0,0,0,0
0,0,0,0,0,0,0,0,0,0,0,0,0,0,0,0,0,0,0,0,0,0,0,0,0,0,0,0,0,0,0,0,0,0,0,0,0,0,0,0,0,0,0,0,0,0,0
0,0,0,0,0,0,0,0,0,0,0,0,0,0,0,0,0,0,0,0,0,0,0,0,0,0,0,0,0,0,0,0,0,0,0,0,0,0,0,0,0,0,0,0,0,0,0
0,0,0,0,0,0,0,0,0,0,0,0,0,0,0,0,0,0,0,0,0,0,0,0,0,0,0,0,0,0,0,0,0,0,0,0,0,0,0,0,0,0,0,0,0,0,0
0,0,0,0,0,0,0,0,0,0,0,0,0,0,0,0,0,0,0,0,0,0,0,0,0,0,0,0,0,0,0,0,0,0,0,0,0,0,0,0,0,0,0,0,0,0,0
0,0,0,0,0,0,0,0,0,0,0,0,0,0,0,0,0,0,0,0,0,0,0,0,0,0,0,0,0,0,0,0,0,0,0,0,0,0,0,0,0,0,0,0,0,0,0
0,0,0,0,0,0,0,0,0,0,0,0,0,0,0,0,0,0,0,0,0,0,0,0,0,0,0,0,0,0,0,0,0,0,0,0,0,0,0,0,0,0,0,0,0,0,0
0,0,0,0,0,0,0,0,0,0,0,0,0,0,0,0,0,0,0,0,0,0,0,0,0,0,0,0,0,0,0,0,0,0,0,0,0,0,0,0,0,0,0,0,0,0,0
0,0,0,0,0,0,0,0,0,0,0,0,0,0,0,0,0,0,0,0,0,0,0,0,0,0,0,0,0,0,0,0,0,0,0,0,0,0,0,0,0,0,0,0,0,0,0
0,0,0,0,0,0,0,0,0,0,0,0,0,0,0,0,0,0,0,0,0,0,0,0,0,0,0,0,0,0,0,0,0,0,0,0,0,0,0,0,0,0,0,0,0,0,0
0,0,0,0,0,0,0,0,0,0,0,0,0,0,0,0,0,0,0,0,0,0,0,0,0,0,0,0,0,0,0,0,0,0,0,0,0,0,0,0,0,0,0,0,0,0,0
0,0,0,0,0,0,0,0,0,0,0,0,0,0,0,0,0,0,0,0,0,0,0,0,0,0,0,0,0,0,0,0,0,0,0,0,0,0,0,0,0,0,0,0,0,0,0
0,0,0,0,0,0,0,0,0,0,0,0,0,0,0,0,0,0,0,0,0,0,0,0,0,0,0,0,0,0,0,0,0,0,0,0,0,0,0,0,0,0,0,0,0,0,0
0,0,0,0,0,0,0,0,0,0,0,0,0,0,0,0,0,0,0,0,0,0,0,0,0,0,0,0,0,0,0,0,0,0,0,0,0,0,0,0,0,0,0,0,0,0,0
0,0,0,0,0,0,0,0,0,0,0,0,0,0,0,0,0,0,0,0,0,0,0,0,0,0,0,0,0,0,0,0,0,0,0,0,0,0,0,0,0,0,0,0,0,0,0
0,0,0,0,0,0,0,0,0,0,0,0,0,0,0,0,0,0,0,0,0,0,0,0,0,0,0,0,0,0,0,0,0,0,0,0,0,0,0,0,0,0,0,0,0,0,0
0,0,0,0,0,0,0,0,0,0,0,0,0,0,0,0,0,0,0,0,0,0,0,0,0,0,0,0,0,0,0,0,0,0,0,0,0,0,0,0,0,0,0,0,0,0,0
0,0,0,0,0,0,0,0,0,0,0,0,0,0,0,0,0,0,0,0,0,0,0,0,0,0,0,0,0,0,0,0,0,0,0,0,0,0,0,0,0,0,0,0,0,0,0
0,0,0,0,0,0,0,0,0,0,0,0,0,0,0,0,0,0,0,0,0,0,0,0,0,0,0,0,0,0,0,0,0,0,0,0,0,0,0,0,0,0,0,0,0,0,0
0,0,0,0,0,0,0,0,0,0,0,0,0,0,0,0,0,0,0,0,0,0,0,0,0,0,0,0,0,0,0,0,0,0,0,0,0,0,0,0,0,0,0,0,0,0,0
0,0,0,0,0,0,0,0,0,0,0,0,0,0,0,0,0,0,0,0,0,0,0,0,0,0,0,0,0,0,0,0,0,0,0,0,0,0,0,0,0,0,0,0,0,0,0
0,0,0,0,0,0,0,0,0,0,0,0,0,0,0,0,0,0,0,0,0,0,0,0,0,0,0,0,0,0,0,0,0,0,0,0,0,0,0,0,0,0,0,0,0,0,0
0,0,0,0,0,0,0,0,0,0,0,0,0,0,0,0,0,0,0,0,0,0,0,0,0,0,0,0,0,0,0,0,0,0,0,0,0,0,0,0,0,0,0,0,0,0,0
0,0,0,0,0,0,0,0,0,0,0,0,0,0,0,0,0,0,0,0,0,0,0,0,0,0,0,0,0,0,0,0,0,0,0,0,0,0,0,0,0,0,0,0,0,0,0
0,0,0,0,0,0,0,0,0,0,0,0,0,0,0,0,0,0,0,0,0,0,0,0,0,0,0,0,0,0,0,0,0,0,0,0,0,0,0,0,0,0,0,0,0,0,0
0,0,0,0,0,0,0,0,0,0,0,0,0,0,0,0,0,0,0,0,0,0,0,0,0,0,0,0,0,0,0,0,0,0,0,0,0,0,0,0,0,0,0,0,0,0,0
0,0,0,0,0,0,0,0,0,0,0,0,0,0,0,0,0,0,0,0,0,0,0,0,0,0,0,0,0,0,0,0,0,0,0,0,0,0,0,0,0,0,0,0,0,0,0
0,0,0,0,0,0,0,0,0,0,0,0,0,0,0,0,0,0,0,0,0,0,0,0,0,0,0,0,0,0,0,0,0,0,0,0,0,0,0,0,0,0,0,0,0,0,0
0,0,0,0,0,0,0,0,0,0,0,0,0,0,0,0,0,0,0,0,0,0,0,0,0,0,0,0,0,0,0,0,0,0,0,0,0,0,0,0,0,0,0,0,0,0,0
0,0,0,0,0,0,0,0,0,0,0,0,0,0,0,0,0,0,0,0,0,0,0,0,0,0,0,0,0,0,0,0,0,0,0,0,0,0,0,0,0,0,0,0,0,0,0
0,0,0,0,0,0,0,0,0,0,0,0,0,0,0,0,0,0,0,0,0,0,0,0,0,0,0,0,0,0,0,0,0,0,0,0,0,0,0,0,0,0,0,0,0,0,0
0,0,0,0,0,0,0,0,0,0,0,0,0,0,0,0,0,0,0,0,0,0,0,0,0,0,0,0,0,0,0,0,0,0,0,0,0,0,0,0,0,0,0,0,0,0,0
0,0,0,0,0,0,0,0,0,0,0,0,0,0,0,0,0,0,0,0,0,0,0,0,0,0,0,0,0,0,0,0,0,0,0,0,0,0,0,0,0,0,0,0,0,0,0
0,0,0,0,0,0,0,0,0,0,0,0,0,0,0,0,0,0,0,0,0,0,0,0,0,0,0,0,0,0,0,0,0,0,0,0,0,0,0,0,0,0,0,0,0,0,0
0,0,0,0,0,0,0,0,0,0,0,0,0,0,0,0,0,0,0,0,0,0,0,0,0,0,0,0,0,0,0,0,0,0,0,0,0,0,0,0,0,0,0,0,0,0,0
0,0,0,0,0,0,0,0,0,0,0,0,0,0,0,0,0,0,0,0,0,0,0,0,0,0,0,0,0,0,0,0,0,0,0,0,0,0,0,0,0,0,0,0,0,0,0
0,0,0,0,0,0,0,0,0,0,0,0,0,0,0,0,0,0,0,0,0,0,0,0,0,0,0,0,0,0,0,0,0,0,0,0,0,0,0,0,0,0,0,0,0,0,0
0,0,0,0,0,0,0,0,0,0,0,0,0,0,0,0,0,0,0,0,0,0,0,0,0,0,0,0,0,0,0,0,0,0,0,0,0,0,0,0,0,0,0,0,0,0,0
0,0,0,0,0,0,0,0,0,0,0,0,0,0,0,0,0,0,0,0,0,0,0,0,0,0,0,0,0,0,0,0,0,0,0,0,0,0,0,0,0,0,0,0,0,0,0
0,0,0,0,0,0,0,0,0,0,0,0,0,0,0,0,0,0,0,0,0,0,0,0,0,0,0,0,0,0,0,0,0,0,0,0,0,0,0,0,0,0,0,0,0,0,0
0,0,0,0,0,0,0,0,0,0,0,0,0,0,0,0,0,0,0,0,0,0,0,0,0,0,0,0,0,0,0,0,0,0,0,0,0,0,0,0,0,0,0,0,0,0,0
0,0,0,0,0,0,0,0,0,0,0,0,0,0,0,0,0,0,0,0,0,0,0,0,0,0,0,0,0,0,0,0,0,0,0,0,0,0,0,0,0,0,0,0,0,0,0
