0,1,2,3,4,5,6,7,8,9,10,11,12,13,14,15,16,17,18,19,20,21,22,23,24,25,26,27,28,29,30,31,32,33,34,35,36,37
1084,0,0,0,0,0,0,0,0,0,0,0,0,0,0,0,0,0,0,0,0,0,0,0,0,0,0,0,0,0,0,0,0,0,0,0,0,0
1015,74,449,1098,0,0,0,0,0,0,0,0,0,0,0,0,0,0,0,0,0,0,0,0,0,0,0,0,0,0,0,0,0,0,0,0,0,0
1022,62,457,1080,26,0,0,0,0,0,0,0,0,0,0,0,0,0,0,0,0,0,0,0,0,0,0,0,0,0,0,0,0,0,0,0,0,0
1045,85,397,1236,34,0,0,0,0,0,0,0,0,0,0,0,0,0,0,0,0,0,0,0,0,0,0,0,0,0,0,0,0,0,0,0,0,0
1120,112,382,967,24,0,0,0,0,0,0,0,0,0,0,0,0,0,0,0,0,0,0,0,0,0,0,0,0,0,0,0,0,0,0,0,0,0
1089,1045,470,1045,0,20,0,0,0,0,0,0,0,0,0,0,0,0,0,0,0,0,0,0,0,0,0,0,0,0,0,0,0,0,0,0,0,0
1022,1037,552,1037,0,47,0,0,0,0,0,0,0,0,0,0,0,0,0,0,0,0,0,0,0,0,0,0,0,0,0,0,0,0,0,0,0,0
867,1194,485,1194,0,48,0,0,0,0,0,0,0,0,0,0,0,0,0,0,0,0,0,0,0,0,0,0,0,0,0,0,0,0,0,0,0,0
1009,1142,521,1142,0,56,0,0,0,0,0,0,0,0,0,0,0,0,0,0,0,0,0,0,0,0,0,0,0,0,0,0,0,0,0,0,0,0
1037,1061,501,1061,0,49,0,0,0,0,0,0,0,0,0,0,0,0,0,0,0,0,0,0,0,0,0,0,0,0,0,0,0,0,0,0,0,0
914,1002,500,1002,130,42,0,0,0,0,0,0,0,0,0,0,0,0,0,0,0,0,0,0,0,0,0,0,0,0,0,0,0,0,0,0,0,0
1093,1086,519,1086,118,34,0,0,0,0,0,0,0,0,0,0,0,0,0,0,0,0,0,0,0,0,0,0,0,0,0,0,0,0,0,0,0,0
1055,977,617,977,119,119,0,0,0,0,0,0,0,0,0,0,0,0,0,0,0,0,0,0,0,0,0,0,0,0,0,0,0,0,0,0,0,0
1013,1050,574,1050,132,132,0,0,0,0,0,0,0,0,0,0,0,0,0,0,0,0,0,0,0,0,0,0,0,0,0,0,0,0,0,0,0,0
975,938,582,938,102,102,0,0,0,0,0,0,0,0,0,0,0,0,0,0,0,0,0,0,0,0,0,0,0,0,0,0,0,0,0,0,0,0
934,938,563,938,156,156,0,0,0,0,0,0,0,0,0,0,0,0,0,0,0,0,0,0,0,0,0,0,0,0,0,0,0,0,0,0,0,0
967,871,606,871,140,140,0,0,0,0,0,0,0,0,0,0,0,0,0,0,0,0,0,0,0,0,0,0,0,0,0,0,0,0,0,0,0,0
788,871,559,871,104,104,0,0,0,0,0,0,0,0,0,0,0,0,0,0,0,0,0,0,0,0,0,0,0,0,0,0,0,0,0,0,0,0
974,836,627,836,111,111,0,0,0,0,0,0,0,0,0,0,0,0,0,0,0,0,0,0,0,0,0,0,0,0,0,0,0,0,0,0,0,0
1016,933,593,933,25,25,0,0,0,0,0,0,0,0,0,0,0,0,0,0,0,0,0,0,0,0,0,0,0,0,0,0,0,0,0,0,0,0
801,943,506,943,22,22,25,0,0,0,0,0,0,0,0,0,0,0,0,0,0,0,0,0,0,0,0,0,0,0,0,0,0,0,0,0,0,0
877,970,509,970,25,25,0,0,0,0,0,0,0,0,0,0,0,0,0,0,0,0,0,0,0,0,0,0,0,0,0,0,0,0,0,0,0,0
711,772,554,772,33,33,99,0,0,0,0,0,0,0,0,0,0,0,0,0,0,0,0,0,0,0,0,0,0,0,0,0,0,0,0,0,0,0
746,951,585,951,44,44,44,0,0,0,0,0,0,0,0,0,0,0,0,0,0,0,0,0,0,0,0,0,0,0,0,0,0,0,0,0,0,0
854,913,533,913,51,51,51,0,0,0,0,0,0,0,0,0,0,0,0,0,0,0,0,0,0,0,0,0,0,0,0,0,0,0,0,0,0,0
830,885,534,885,113,113,113,0,0,0,0,0,0,0,0,0,0,0,0,0,0,0,0,0,0,0,0,0,0,0,0,0,0,0,0,0,0,0
905,402,548,402,82,82,82,0,0,0,0,0,0,0,0,0,0,0,0,0,0,0,0,0,0,0,0,0,0,0,0,0,0,0,0,0,0,0
786,366,474,366,96,96,96,535,0,0,0,0,0,0,0,0,0,0,0,0,0,0,0,0,0,0,0,0,0,0,0,0,0,0,0,0,0,0
935,347,517,347,112,112,112,609,0,0,0,0,0,0,0,0,0,0,0,0,0,0,0,0,0,0,0,0,0,0,0,0,0,0,0,0,0,0
977,291,624,291,135,135,135,711,0,0,0,0,0,0,0,0,0,0,0,0,0,0,0,0,0,0,0,0,0,0,0,0,0,0,0,0,0,0
797,320,525,320,120,120,120,639,43,0,0,0,0,0,0,0,0,0,0,0,0,0,0,0,0,0,0,0,0,0,0,0,0,0,0,0,0,0
846,275,625,275,114,114,114,541,60,0,0,0,0,0,0,0,0,0,0,0,0,0,0,0,0,0,0,0,0,0,0,0,0,0,0,0,0,0
873,278,616,278,127,127,127,648,78,0,0,0,0,0,0,0,0,0,0,0,0,0,0,0,0,0,0,0,0,0,0,0,0,0,0,0,0,0
772,265,571,265,278,278,278,558,114,0,0,0,0,0,0,0,0,0,0,0,0,0,0,0,0,0,0,0,0,0,0,0,0,0,0,0,0,0
568,296,510,296,308,308,308,499,85,0,0,0,0,0,0,0,0,0,0,0,0,0,0,0,0,0,0,0,0,0,0,0,0,0,0,0,0,0
648,279,582,279,375,375,375,445,73,0,0,0,0,0,0,0,0,0,0,0,0,0,0,0,0,0,0,0,0,0,0,0,0,0,0,0,0,0
603,260,560,260,255,255,255,424,125,22,0,0,0,0,0,0,0,0,0,0,0,0,0,0,0,0,0,0,0,0,0,0,0,0,0,0,0,0
581,202,569,202,247,247,247,383,116,39,0,0,0,0,0,0,0,0,0,0,0,0,0,0,0,0,0,0,0,0,0,0,0,0,0,0,0,0
634,138,575,138,203,203,203,338,120,27,0,0,0,0,0,0,0,0,0,0,0,0,0,0,0,0,0,0,0,0,0,0,0,0,0,0,0,0
583,210,552,210,297,297,297,289,123,52,0,0,0,0,0,0,0,0,0,0,0,0,0,0,0,0,0,0,0,0,0,0,0,0,0,0,0,0
554,134,581,134,191,191,191,265,133,83,0,0,0,0,0,0,0,0,0,0,0,0,0,0,0,0,0,0,0,0,0,0,0,0,0,0,0,0
620,198,609,198,126,126,126,237,117,84,0,0,0,0,0,0,0,0,0,0,0,0,0,0,0,0,0,0,0,0,0,0,0,0,0,0,0,0
594,183,583,183,298,298,298,221,81,61,0,0,0,0,0,0,0,0,0,0,0,0,0,0,0,0,0,0,0,0,0,0,0,0,0,0,0,0
619,123,510,123,322,322,322,243,58,84,0,0,0,0,0,0,0,0,0,0,0,0,0,0,0,0,0,0,0,0,0,0,0,0,0,0,0,0
605,115,495,115,301,301,301,240,60,77,0,0,0,0,0,0,0,0,0,0,0,0,0,0,0,0,0,0,0,0,0,0,0,0,0,0,0,0
657,159,563,159,332,332,332,218,44,41,0,0,0,0,0,0,0,0,0,0,0,0,0,0,0,0,0,0,0,0,0,0,0,0,0,0,0,0
617,153,506,153,344,344,344,190,51,60,0,0,0,0,0,0,0,0,0,0,0,0,0,0,0,0,0,0,0,0,0,0,0,0,0,0,0,0
533,143,461,143,416,416,416,185,52,69,0,0,0,0,0,0,0,0,0,0,0,0,0,0,0,0,0,0,0,0,0,0,0,0,0,0,0,0
526,145,483,145,415,415,415,138,45,47,0,0,0,0,0,0,0,0,0,0,0,0,0,0,0,0,0,0,0,0,0,0,0,0,0,0,0,0
569,113,489,113,346,346,346,108,64,35,0,0,0,0,0,0,0,0,0,0,0,0,0,0,0,0,0,0,0,0,0,0,0,0,0,0,0,0
535,124,418,124,433,433,433,94,45,30,0,0,0,0,0,0,0,0,0,0,0,0,0,0,0,0,0,0,0,0,0,0,0,0,0,0,0,0
568,73,378,73,409,409,409,96,90,44,0,0,0,0,0,0,0,0,0,0,0,0,0,0,0,0,0,0,0,0,0,0,0,0,0,0,0,0
645,54,382,54,362,362,362,71,75,41,0,0,0,0,0,0,0,0,0,0,0,0,0,0,0,0,0,0,0,0,0,0,0,0,0,0,0,0
685,37,345,37,320,320,320,95,71,20,0,0,0,0,0,0,0,0,0,0,0,0,0,0,0,0,0,0,0,0,0,0,0,0,0,0,0,0
580,33,328,33,462,462,462,99,67,21,21,0,0,0,0,0,0,0,0,0,0,0,0,0,0,0,0,0,0,0,0,0,0,0,0,0,0,0
584,30,369,30,472,472,472,85,42,21,28,0,0,0,0,0,0,0,0,0,0,0,0,0,0,0,0,0,0,0,0,0,0,0,0,0,0,0
615,219,348,219,590,590,590,84,53,20,34,0,0,0,0,0,0,0,0,0,0,0,0,0,0,0,0,0,0,0,0,0,0,0,0,0,0,0
637,278,329,278,586,586,586,83,53,278,28,0,0,0,0,0,0,0,0,0,0,0,0,0,0,0,0,0,0,0,0,0,0,0,0,0,0,0
578,156,321,156,736,736,736,51,32,156,22,0,0,0,0,0,0,0,0,0,0,0,0,0,0,0,0,0,0,0,0,0,0,0,0,0,0,0
534,199,353,199,264,264,264,55,38,199,69,24,0,0,0,0,0,0,0,0,0,0,0,0,0,0,0,0,0,0,0,0,0,0,0,0,0,0
544,92,326,92,455,455,455,60,38,92,63,42,49,0,0,0,0,0,0,0,0,0,0,0,0,0,0,0,0,0,0,0,0,0,0,0,0,0
566,46,329,46,434,434,434,49,29,46,45,39,24,0,0,0,0,0,0,0,0,0,0,0,0,0,0,0,0,0,0,0,0,0,0,0,0,0
618,70,294,70,529,529,529,41,51,70,45,37,145,71,0,0,0,0,0,0,0,0,0,0,0,0,0,0,0,0,0,0,0,0,0,0,0,0
518,65,279,65,753,753,753,23,54,65,67,26,114,518,0,0,0,0,0,0,0,0,0,0,0,0,0,0,0,0,0,0,0,0,0,0,0,0
608,53,239,53,701,701,701,23,608,53,86,31,222,608,0,0,0,0,0,0,0,0,0,0,0,0,0,0,0,0,0,0,0,0,0,0,0,0
534,22,271,22,627,627,627,22,534,22,104,38,313,534,0,0,0,0,0,0,0,0,0,0,0,0,0,0,0,0,0,0,0,0,0,0,0,0
596,25,233,25,585,585,585,0,596,25,75,25,356,596,0,0,0,0,0,0,0,0,0,0,0,0,0,0,0,0,0,0,0,0,0,0,0,0
542,0,224,0,450,450,450,0,542,0,82,0,362,542,0,0,0,0,0,0,0,0,0,0,0,0,0,0,0,0,0,0,0,0,0,0,0,0
529,43,181,43,492,492,492,0,529,43,121,43,310,529,58,0,0,0,0,0,0,0,0,0,0,0,0,0,0,0,0,0,0,0,0,0,0,0
368,44,187,44,485,485,485,23,368,44,144,44,328,368,80,0,0,0,0,0,0,0,0,0,0,0,0,0,0,0,0,0,0,0,0,0,0,0
458,65,197,65,587,587,587,23,458,65,108,65,356,458,92,0,0,0,0,0,0,0,0,0,0,0,0,0,0,0,0,0,0,0,0,0,0,0
293,43,180,43,713,713,713,28,293,43,86,43,344,293,84,0,0,0,0,0,0,0,0,0,0,0,0,0,0,0,0,0,0,0,0,0,0,0
382,29,149,29,712,712,712,28,382,29,70,29,406,382,77,0,0,0,0,0,0,0,0,0,0,0,0,0,0,0,0,0,0,0,0,0,0,0
394,20,125,20,755,755,755,52,394,20,82,20,403,394,72,0,0,0,0,0,0,0,0,0,0,0,0,0,0,0,0,0,0,0,0,0,0,0
410,20,122,20,781,781,781,50,410,20,92,20,410,410,38,0,0,0,0,0,0,0,0,0,0,0,0,0,0,0,0,0,0,0,0,0,0,0
413,28,125,28,814,814,814,42,413,28,87,28,437,413,50,0,0,0,0,0,0,0,0,0,0,0,0,0,0,0,0,0,0,0,0,0,0,0
339,24,121,24,831,831,831,67,339,24,87,24,357,339,39,0,0,0,0,0,0,0,0,0,0,0,0,0,0,0,0,0,0,0,0,0,0,0
390,0,130,0,780,780,780,78,390,0,94,0,461,390,33,0,0,0,0,0,0,0,0,0,0,0,0,0,0,0,0,0,0,0,0,0,0,0
470,0,114,0,666,666,666,56,470,0,55,0,368,470,42,0,0,0,0,0,0,0,0,0,0,0,0,0,0,0,0,0,0,0,0,0,0,0
62,0,127,0,1001,1001,1001,63,62,0,73,0,419,62,33,0,0,0,0,0,0,0,0,0,0,0,0,0,0,0,0,0,0,0,0,0,0,0
77,709,125,709,709,709,709,68,77,709,36,709,287,77,25,28,0,0,0,0,0,0,0,0,0,0,0,0,0,0,0,0,0,0,0,0,0,0
1084,1084,129,1084,1084,1084,1084,87,1084,1084,53,1084,317,1084,38,0,0,0,0,0,0,0,0,0,0,0,0,0,0,0,0,0,0,0,0,0,0,0
655,655,71,655,655,655,655,61,655,655,58,655,389,655,39,25,0,0,0,0,0,0,0,0,0,0,0,0,0,0,0,0,0,0,0,0,0,0
606,606,82,606,606,606,606,77,606,606,54,606,413,606,25,37,0,0,0,0,0,0,0,0,0,0,0,0,0,0,0,0,0,0,0,0,0,0
1017,1017,109,1017,1017,1017,1017,83,1017,1017,28,1017,390,1017,28,0,206,0,0,0,0,0,0,0,0,0,0,0,0,0,0,0,0,0,0,0,0,0
998,998,114,998,998,998,998,80,998,998,50,998,485,998,35,0,211,0,0,0,0,0,0,0,0,0,0,0,0,0,0,0,0,0,0,0,0,0
883,883,116,883,883,883,883,73,883,883,75,883,480,883,28,25,214,0,0,0,0,0,0,0,0,0,0,0,0,0,0,0,0,0,0,0,0,0
1017,1017,132,1017,1017,1017,1017,83,1017,1017,43,1017,567,1017,66,0,158,0,0,0,0,0,0,0,0,0,0,0,0,0,0,0,0,0,0,0,0,0
1008,1008,135,1008,1008,1008,1008,91,1008,1008,45,1008,461,1008,44,27,226,0,0,0,0,0,0,0,0,0,0,0,0,0,0,0,0,0,0,0,0,0
705,705,98,705,705,705,705,80,705,705,95,705,480,705,61,0,278,0,0,0,0,0,0,0,0,0,0,0,0,0,0,0,0,0,0,0,0,0
654,654,114,654,654,654,654,93,654,654,108,654,459,654,62,103,205,0,0,0,0,0,0,0,0,0,0,0,0,0,0,0,0,0,0,0,0,0
901,901,116,901,901,901,901,77,901,901,97,901,428,901,47,109,170,0,0,0,0,0,0,0,0,0,0,0,0,0,0,0,0,0,0,0,0,0
613,613,102,613,613,613,613,61,613,613,94,613,520,613,50,73,186,0,0,0,0,0,0,0,0,0,0,0,0,0,0,0,0,0,0,0,0,0
605,605,89,605,605,605,605,70,605,605,120,605,410,605,41,78,184,0,0,0,0,0,0,0,0,0,0,0,0,0,0,0,0,0,0,0,0,0
476,476,82,476,476,476,476,57,476,476,164,476,385,476,52,89,132,0,0,0,0,0,0,0,0,0,0,0,0,0,0,0,0,0,0,0,0,0
483,483,75,483,483,483,483,68,483,483,153,483,574,483,46,78,140,0,0,0,0,0,0,0,0,0,0,0,0,0,0,0,0,0,0,0,0,0
329,329,63,329,329,329,329,75,329,329,118,329,375,329,49,84,133,0,0,0,0,0,0,0,0,0,0,0,0,0,0,0,0,0,0,0,0,0
503,503,82,503,503,503,503,74,503,503,161,503,423,503,42,91,115,0,0,0,0,0,0,0,0,0,0,0,0,0,0,0,0,0,0,0,0,0
479,479,50,479,479,479,479,90,479,479,152,479,404,479,45,106,131,0,0,0,0,0,0,0,0,0,0,0,0,0,0,0,0,0,0,0,0,0
555,555,50,555,555,555,555,65,555,555,160,555,406,555,44,80,127,0,0,0,0,0,0,0,0,0,0,0,0,0,0,0,0,0,0,0,0,0
518,518,46,518,518,518,518,94,518,518,198,518,375,518,37,102,111,0,0,0,0,0,0,0,0,0,0,0,0,0,0,0,0,0,0,0,0,0
512,512,35,512,512,512,512,79,512,512,217,512,391,512,39,106,105,0,0,0,0,0,0,0,0,0,0,0,0,0,0,0,0,0,0,0,0,0
443,443,42,443,443,443,443,63,443,443,290,443,350,443,29,157,119,0,0,0,0,0,0,0,0,0,0,0,0,0,0,0,0,0,0,0,0,0
534,534,25,534,534,534,534,73,534,534,257,534,184,534,29,164,100,25,0,0,0,0,0,0,0,0,0,0,0,0,0,0,0,0,0,0,0,0
477,477,28,477,477,477,477,88,477,477,249,477,352,477,27,185,78,36,0,0,0,0,0,0,0,0,0,0,0,0,0,0,0,0,0,0,0,0
498,498,0,498,498,498,498,50,498,498,231,498,435,498,28,198,100,36,0,0,0,0,0,0,0,0,0,0,0,0,0,0,0,0,0,0,0,0
462,462,0,462,462,462,462,78,462,462,248,462,241,462,62,211,80,48,0,0,0,0,0,0,0,0,0,0,0,0,0,0,0,0,0,0,0,0
571,571,0,571,571,571,571,86,571,571,219,571,494,571,19,571,104,29,0,0,0,0,0,0,0,0,0,0,0,0,0,0,0,0,0,0,0,0
40,40,0,40,40,40,40,63,40,40,243,40,556,40,20,40,66,66,0,0,0,0,0,0,0,0,0,0,0,0,0,0,0,0,0,0,0,0
34,34,0,34,34,34,34,64,34,34,300,34,549,34,24,34,75,62,0,0,0,0,0,0,0,0,0,0,0,0,0,0,0,0,0,0,0,0
401,401,0,401,401,401,401,50,401,401,267,401,357,401,44,401,76,73,0,0,0,0,0,0,0,0,0,0,0,0,0,0,0,0,0,0,0,0
418,418,0,418,418,418,418,34,418,418,271,418,446,418,60,418,74,54,22,0,0,0,0,0,0,0,0,0,0,0,0,0,0,0,0,0,0,0
406,406,0,406,406,406,406,45,406,406,306,406,206,406,50,406,75,61,29,0,0,0,0,0,0,0,0,0,0,0,0,0,0,0,0,0,0,0
418,418,0,418,418,418,418,44,418,418,344,418,168,418,46,418,75,66,125,0,0,0,0,0,0,0,0,0,0,0,0,0,0,0,0,0,0,0
49,49,0,49,49,49,49,51,49,49,338,49,180,49,331,49,69,57,105,0,0,0,0,0,0,0,0,0,0,0,0,0,0,0,0,0,0,0
202,202,0,202,202,202,202,0,202,202,351,202,150,202,298,202,69,51,133,0,0,0,0,0,0,0,0,0,0,0,0,0,0,0,0,0,0,0
46,46,0,46,46,46,46,0,46,46,227,46,159,46,492,46,55,36,101,0,0,0,0,0,0,0,0,0,0,0,0,0,0,0,0,0,0,0
54,54,0,54,54,54,54,0,54,54,250,54,146,54,440,54,74,21,125,0,0,0,0,0,0,0,0,0,0,0,0,0,0,0,0,0,0,0
17,17,0,17,17,17,17,0,17,17,196,17,172,17,511,17,83,38,162,0,0,0,0,0,0,0,0,0,0,0,0,0,0,0,0,0,0,0
25,25,0,25,25,25,25,0,25,25,136,25,206,25,440,25,95,30,92,0,0,0,0,0,0,0,0,0,0,0,0,0,0,0,0,0,0,0
32,32,0,32,32,32,32,0,32,32,94,32,166,32,329,32,88,40,70,0,0,0,0,0,0,0,0,0,0,0,0,0,0,0,0,0,0,0
22,22,0,22,22,22,22,0,22,22,60,22,196,22,342,22,84,41,64,0,0,0,0,0,0,0,0,0,0,0,0,0,0,0,0,0,0,0
29,29,0,29,29,29,29,0,29,29,39,29,120,29,353,29,76,45,47,0,0,0,0,0,0,0,0,0,0,0,0,0,0,0,0,0,0,0
27,27,0,27,27,27,27,0,27,27,58,27,128,27,278,27,63,50,51,0,0,0,0,0,0,0,0,0,0,0,0,0,0,0,0,0,0,0
35,35,0,35,35,35,35,0,35,35,41,35,132,35,36,35,67,39,69,0,0,0,0,0,0,0,0,0,0,0,0,0,0,0,0,0,0,0
20,20,0,20,20,20,20,0,20,20,45,20,135,20,41,20,46,38,60,0,0,0,0,0,0,0,0,0,0,0,0,0,0,0,0,0,0,0
47,47,0,47,47,47,47,0,47,47,24,47,189,47,47,47,40,29,66,0,0,0,0,0,0,0,0,0,0,0,0,0,0,0,0,0,0,0
26,26,0,26,26,26,26,0,26,26,99,26,197,26,26,26,46,25,99,72,0,0,0,0,0,0,0,0,0,0,0,0,0,0,0,0,0,0
55,55,0,55,55,55,55,0,55,55,98,55,184,55,55,55,51,28,98,74,0,0,0,0,0,0,0,0,0,0,0,0,0,0,0,0,0,0
24,24,0,24,24,24,24,0,24,24,128,24,211,24,24,24,43,40,128,82,0,0,0,0,0,0,0,0,0,0,0,0,0,0,0,0,0,0
78,78,0,78,78,78,78,0,78,78,139,78,178,78,78,78,37,28,139,166,0,0,0,0,0,0,0,0,0,0,0,0,0,0,0,0,0,0
185,185,0,185,185,185,185,0,185,185,120,185,148,185,185,185,26,20,120,63,0,0,0,0,0,0,0,0,0,0,0,0,0,0,0,0,0,0
241,241,20,241,241,241,241,0,241,241,121,241,150,241,241,241,28,158,121,241,0,0,0,0,0,0,0,0,0,0,0,0,0,0,0,0,0,0
195,195,24,195,195,195,195,0,195,195,145,195,161,195,195,195,22,167,145,195,26,0,0,0,0,0,0,0,0,0,0,0,0,0,0,0,0,0
191,191,331,191,191,191,191,0,191,191,132,191,331,191,191,191,0,170,132,191,21,0,0,0,0,0,0,0,0,0,0,0,0,0,0,0,0,0
74,74,135,74,74,74,74,0,74,74,121,74,135,74,74,74,0,182,121,74,21,0,0,0,0,0,0,0,0,0,0,0,0,0,0,0,0,0
265,265,116,265,265,265,265,0,265,265,185,265,116,265,265,265,0,157,185,265,0,0,0,0,0,0,0,0,0,0,0,0,0,0,0,0,0,0
173,173,276,173,173,173,173,0,173,173,190,173,276,173,173,173,0,155,190,173,0,0,0,0,0,0,0,0,0,0,0,0,0,0,0,0,0,0
146,146,138,146,146,146,146,0,146,146,192,146,138,146,146,146,0,180,192,146,0,0,0,0,0,0,0,0,0,0,0,0,0,0,0,0,0,0
101,101,141,101,101,101,101,0,101,101,205,101,141,101,101,101,0,207,205,101,0,0,0,0,0,0,0,0,0,0,0,0,0,0,0,0,0,0
103,103,131,103,103,103,103,0,103,103,236,103,131,103,103,103,0,208,236,103,0,0,0,0,0,0,0,0,0,0,0,0,0,0,0,0,0,0
102,102,158,102,102,102,102,0,102,102,287,102,158,102,102,102,0,167,287,102,0,0,0,0,0,0,0,0,0,0,0,0,0,0,0,0,0,0
135,135,140,135,135,135,135,0,135,135,294,135,140,135,135,135,0,179,294,135,0,0,0,0,0,0,0,0,0,0,0,0,0,0,0,0,0,0
81,81,149,81,81,81,81,0,81,81,302,81,149,81,81,81,0,182,302,81,0,0,0,0,0,0,0,0,0,0,0,0,0,0,0,0,0,0
102,102,168,102,102,102,102,0,102,102,275,102,168,102,102,102,0,186,275,102,0,0,0,0,0,0,0,0,0,0,0,0,0,0,0,0,0,0
31,31,200,31,31,31,31,0,31,31,234,31,200,31,31,31,0,195,234,31,0,20,0,0,0,0,0,0,0,0,0,0,0,0,0,0,0,0
31,31,208,31,31,31,31,0,31,31,268,31,208,31,31,31,0,267,268,31,0,20,0,0,0,0,0,0,0,0,0,0,0,0,0,0,0,0
80,80,201,80,80,80,80,0,80,80,260,80,201,80,80,80,0,276,260,80,0,44,24,0,0,0,0,0,0,0,0,0,0,0,0,0,0,0
105,105,161,105,105,105,105,0,105,105,178,105,161,105,105,105,0,278,178,105,0,43,49,0,0,0,0,0,0,0,0,0,0,0,0,0,0,0
97,97,208,97,97,97,97,0,97,97,183,97,208,97,97,97,0,297,183,97,21,24,47,0,0,0,0,0,0,0,0,0,0,0,0,0,0,0
96,96,179,96,96,96,96,0,96,96,134,96,179,96,96,96,0,259,134,96,96,36,41,0,0,0,0,0,0,0,0,0,0,0,0,0,0,0
54,54,178,54,54,54,54,0,54,54,90,54,178,54,54,54,0,214,90,54,54,28,55,0,0,0,0,0,0,0,0,0,0,0,0,0,0,0
144,144,235,144,144,144,144,0,144,144,104,144,235,144,144,144,0,207,104,144,144,38,48,0,0,0,0,0,0,0,0,0,0,0,0,0,0,0
100,100,197,100,100,100,100,0,100,100,99,100,197,100,100,100,0,233,99,100,100,51,60,0,0,0,0,0,0,0,0,0,0,0,0,0,0,0
82,82,155,82,82,82,82,0,82,82,92,82,155,82,82,82,0,212,92,82,82,38,53,0,0,0,0,0,0,0,0,0,0,0,0,0,0,0
85,85,131,85,85,85,85,0,85,85,76,85,131,85,85,85,0,219,76,85,85,65,67,0,0,0,0,0,0,0,0,0,0,0,0,0,0,0
89,89,203,89,89,89,89,0,89,89,119,89,203,89,89,89,0,236,119,89,89,45,60,0,0,0,0,0,0,0,0,0,0,0,0,0,0,0
77,77,214,77,77,77,77,0,77,77,200,77,214,77,77,77,0,224,200,77,77,36,112,0,0,0,0,0,0,0,0,0,0,0,0,0,0,0
87,87,159,87,87,87,87,0,87,87,182,87,159,87,87,87,0,230,182,87,87,36,100,0,0,0,0,0,0,0,0,0,0,0,0,0,0,0
120,120,231,120,120,120,120,0,120,120,183,120,231,120,120,120,0,220,183,120,120,40,123,0,0,0,0,0,0,0,0,0,0,0,0,0,0,0
114,114,199,114,114,114,114,0,114,114,184,114,199,114,114,114,0,234,184,114,114,34,127,0,0,0,0,0,0,0,0,0,0,0,0,0,0,0
219,219,237,219,219,219,219,0,219,219,147,219,237,219,219,219,0,260,147,219,219,25,78,0,0,0,0,0,0,0,0,0,0,0,0,0,0,0
232,232,223,232,232,232,232,0,232,232,111,232,223,232,232,232,0,255,111,232,232,25,99,0,0,0,0,0,0,0,0,0,0,0,0,0,0,0
259,259,197,259,259,259,259,0,259,259,156,259,197,259,259,259,0,265,156,259,259,23,94,0,0,0,0,0,0,0,0,0,0,0,0,0,0,0
285,285,233,285,285,285,285,0,285,285,107,285,233,285,285,285,0,271,107,285,285,39,113,0,0,0,0,0,0,0,0,0,0,0,0,0,0,0
296,296,214,296,296,296,296,0,296,296,103,296,214,296,296,296,0,331,103,296,296,29,215,0,0,0,0,0,0,0,0,0,0,0,0,0,0,0
266,266,214,266,266,266,266,0,266,266,129,266,214,266,266,266,0,371,129,266,266,23,120,0,0,0,0,0,0,0,0,0,0,0,0,0,0,0
207,207,185,207,207,207,207,25,207,207,65,207,185,207,207,207,0,453,65,207,207,25,296,0,0,0,0,0,0,0,0,0,0,0,0,0,0,0
281,281,194,281,281,281,281,24,281,281,108,281,194,281,281,281,0,484,108,281,281,26,263,0,0,0,0,0,0,0,0,0,0,0,0,0,0,0
374,374,151,374,374,374,374,0,374,374,121,374,151,374,374,374,0,464,121,374,374,22,170,0,0,0,0,0,0,0,0,0,0,0,0,0,0,0
355,355,173,355,355,355,355,0,355,355,123,355,173,355,355,355,0,435,123,355,355,22,272,0,0,0,0,0,0,0,0,0,0,0,0,0,0,0
389,389,127,389,389,389,389,20,389,389,122,389,127,389,389,389,0,455,122,389,389,23,230,0,0,0,0,0,0,0,0,0,0,0,0,0,0,0
363,363,114,363,363,363,363,22,363,363,121,363,114,363,363,363,0,407,121,363,363,20,359,0,0,0,0,0,0,0,0,0,0,0,0,0,0,0
415,415,155,415,415,415,415,23,415,415,100,415,155,415,415,415,0,334,100,415,415,24,375,0,0,0,0,0,0,0,0,0,0,0,0,0,0,0
328,328,105,328,328,328,328,21,328,328,70,328,105,328,328,328,0,926,70,328,328,0,365,0,0,0,0,0,0,0,0,0,0,0,0,0,0,0
332,332,114,332,332,332,332,0,332,332,86,332,114,332,332,332,0,764,86,332,332,0,417,0,0,0,0,0,0,0,0,0,0,0,0,0,0,0
305,305,120,305,305,305,305,0,305,305,92,305,120,305,305,305,33,980,92,305,305,0,377,0,0,0,0,0,0,0,0,0,0,0,0,0,0,0
331,331,106,331,331,331,331,0,331,331,94,331,106,331,331,331,39,743,94,331,331,0,358,0,0,0,0,0,0,0,0,0,0,0,0,0,0,0
286,286,126,286,286,286,286,32,286,286,67,286,126,286,286,286,50,753,67,286,286,0,425,0,0,0,0,0,0,0,0,0,0,0,0,0,0,0
301,301,583,301,301,301,301,0,301,301,82,301,583,301,301,301,583,768,82,301,301,0,583,0,0,0,0,0,0,0,0,0,0,0,0,0,0,0
251,251,766,251,251,251,251,0,251,251,75,251,766,251,251,251,766,986,75,251,251,0,766,0,0,0,0,0,0,0,0,0,0,0,0,0,0,0
229,229,519,229,229,229,229,0,229,229,79,229,519,229,229,229,519,711,79,229,229,0,519,0,0,0,0,0,0,0,0,0,0,0,0,0,0,0
212,212,810,212,212,212,212,0,212,212,39,212,810,212,212,212,810,684,39,212,212,0,810,0,0,0,0,0,0,0,0,0,0,0,0,0,0,0
298,298,885,298,298,298,298,0,298,298,52,298,885,298,298,298,885,694,52,298,298,0,885,0,0,0,0,0,0,0,0,0,0,0,0,0,0,0
272,272,893,272,272,272,272,0,272,272,58,272,893,272,272,272,893,739,58,272,272,0,893,0,0,0,0,0,0,0,0,0,0,0,0,0,0,0
295,295,807,295,295,295,295,0,295,295,96,295,807,295,295,295,807,658,96,295,295,0,807,0,0,0,0,0,0,0,0,0,0,0,0,0,0,0
334,334,620,334,334,334,334,0,334,334,93,334,620,334,334,334,620,764,93,334,334,0,620,0,0,0,0,0,0,0,0,0,0,0,0,0,0,0
255,255,682,255,255,255,255,0,255,255,79,255,682,255,255,255,682,697,79,255,255,0,682,0,0,0,0,0,0,0,0,0,0,0,0,0,0,0
297,297,674,297,297,297,297,0,297,297,121,297,674,297,297,297,674,595,121,297,297,0,674,0,0,0,0,0,0,0,0,0,0,0,0,0,0,0
337,337,672,337,337,337,337,0,337,337,92,337,672,337,337,337,672,609,92,337,337,0,672,0,0,0,0,0,0,0,0,0,0,0,0,0,0,0
305,305,856,305,305,305,305,0,305,305,106,305,856,305,305,305,856,574,106,305,305,0,856,0,0,0,0,0,0,0,0,0,0,0,0,0,0,0
323,323,967,323,323,323,323,0,323,323,110,323,967,323,323,323,967,594,110,323,323,5,967,0,0,0,0,0,0,0,0,0,0,0,0,0,0,0
332,332,757,332,332,332,332,0,332,332,66,332,757,332,332,332,757,623,66,332,332,332,757,0,0,0,0,0,0,0,0,0,0,0,0,0,0,0
338,338,765,338,338,338,338,0,338,338,48,338,765,338,338,338,765,581,48,338,338,338,765,0,0,0,0,0,0,0,0,0,0,0,0,0,0,0
329,329,788,329,329,329,329,0,329,329,43,329,788,329,329,329,788,511,43,329,329,329,788,0,0,0,0,0,0,0,0,0,0,0,0,0,0,0
334,334,1012,334,334,334,334,0,334,334,57,334,1012,334,334,334,1012,465,57,334,334,334,1012,0,0,0,0,0,0,0,0,0,0,0,0,0,0,0
340,340,1059,340,340,340,340,0,340,340,32,340,1059,340,340,340,1059,465,32,340,340,340,1059,0,0,0,0,0,0,0,0,0,0,0,0,0,0,0
367,367,669,367,367,367,367,0,367,367,0,367,669,367,367,367,669,510,0,367,367,367,669,0,0,0,0,0,0,0,0,0,0,0,0,0,0,0
322,322,889,322,322,322,322,0,322,322,20,322,889,322,322,322,889,507,20,322,322,322,889,0,0,0,0,0,0,0,0,0,0,0,0,0,0,0
411,411,659,411,411,411,411,0,411,411,36,411,659,411,411,411,659,495,36,411,411,411,659,0,0,0,0,0,0,0,0,0,0,0,0,0,0,0
388,388,686,388,388,388,388,0,388,388,22,388,686,388,388,388,686,581,22,388,388,388,686,0,0,0,0,0,0,0,0,0,0,0,0,0,0,0
408,408,695,408,408,408,408,0,408,408,23,408,695,408,408,408,695,524,23,408,408,408,695,0,0,0,0,0,0,0,0,0,0,0,0,0,0,0
325,325,854,325,325,325,325,0,325,325,36,325,854,325,325,325,854,513,36,325,325,325,854,0,0,0,0,0,0,0,0,0,0,0,0,0,0,0
354,354,852,354,354,354,354,0,354,354,25,354,852,354,354,354,852,550,25,354,354,354,852,0,0,0,0,0,0,0,0,0,0,0,0,0,0,0
360,360,945,360,360,360,360,0,360,360,0,360,945,360,360,360,945,567,0,360,360,360,945,0,0,0,0,0,0,0,0,0,0,0,0,0,0,0
333,333,904,333,333,333,333,0,333,333,22,333,904,333,333,333,904,582,22,333,333,333,904,23,0,0,0,0,0,0,0,0,0,0,0,0,0,0
304,304,906,304,304,304,304,0,304,304,0,304,906,304,304,304,906,563,0,304,304,304,906,36,0,0,0,0,0,0,0,0,0,0,0,0,0,0
303,303,1021,303,303,303,303,0,303,303,0,303,1021,303,303,303,1021,444,0,303,303,303,1021,1021,0,0,0,0,0,0,0,0,0,0,0,0,0,0
291,291,999,291,291,291,291,0,291,291,0,291,999,291,291,291,999,469,0,291,291,291,999,999,0,0,0,0,0,0,0,0,0,0,0,0,0,0
311,311,1079,311,311,311,311,0,311,311,0,311,1079,311,311,311,1079,549,0,311,311,311,1079,1079,0,0,0,0,0,0,0,0,0,0,0,0,0,0
305,305,1107,305,305,305,305,0,305,305,28,305,1107,305,305,305,1107,632,28,305,305,305,1107,1107,0,0,0,0,0,0,0,0,0,0,0,0,0,0
250,250,1129,250,250,250,250,0,250,250,0,250,1129,250,250,250,1129,584,0,250,250,250,1129,1129,29,0,0,0,0,0,0,0,0,0,0,0,0,0
273,273,1012,273,273,273,273,0,273,273,0,273,1012,273,273,273,1012,668,0,273,273,273,1012,1012,20,0,0,0,0,0,0,0,0,0,0,0,0,0
272,272,1132,272,272,272,272,0,272,272,0,272,1132,272,272,272,1132,616,0,272,272,272,1132,1132,29,0,0,0,0,0,0,0,0,0,0,0,0,0
276,276,1220,276,276,276,276,0,276,276,0,276,1220,276,276,276,1220,665,0,276,276,276,1220,1220,0,0,0,0,0,0,0,0,0,0,0,0,0,0
232,232,1122,232,232,232,232,0,232,232,0,232,1122,232,232,232,1122,545,0,232,232,232,1122,1122,32,0,0,0,0,0,0,0,0,0,0,0,0,0
240,240,1060,240,240,240,240,0,240,240,0,240,1060,240,240,240,1060,538,0,240,240,240,1060,1060,24,0,0,0,0,0,0,0,0,0,0,0,0,0
223,223,1113,223,223,223,223,0,223,223,0,223,1113,223,223,223,1113,574,0,223,223,223,1113,1113,42,0,0,0,0,0,0,0,0,0,0,0,0,0
242,242,1144,242,242,242,242,0,242,242,0,242,1144,242,242,242,1144,612,0,242,242,242,1144,1144,1144,0,0,0,0,0,0,0,0,0,0,0,0,0
240,240,994,240,240,240,240,0,240,240,0,240,994,240,240,240,994,692,0,240,240,240,994,994,994,20,0,0,0,0,0,0,0,0,0,0,0,0
210,210,1128,210,210,210,210,0,210,210,0,210,1128,210,210,210,1128,676,0,210,210,210,1128,1128,1128,40,0,0,0,0,0,0,0,0,0,0,0,0
215,215,1058,215,215,215,215,0,215,215,0,215,1058,215,215,215,1058,733,0,215,215,215,1058,1058,1058,92,20,21,0,0,0,0,0,0,0,0,0,0
180,180,1060,180,180,180,180,0,180,180,0,180,1060,180,180,180,1060,734,0,180,180,180,1060,1060,1060,68,0,0,0,0,0,0,0,0,0,0,0,0
226,226,1215,226,226,226,226,0,226,226,0,226,1215,226,226,226,1215,758,0,226,226,226,1215,1215,1215,72,0,72,0,0,0,0,0,0,0,0,0,0
189,189,1172,189,189,189,189,0,189,189,0,189,1172,189,189,189,1172,826,0,189,189,189,1172,1172,1172,1172,0,1172,0,0,0,0,0,0,0,0,0,0
117,117,1181,117,117,117,117,0,117,117,0,117,1181,117,117,117,1181,824,0,117,117,117,1181,1181,1181,1181,24,1181,0,0,0,0,0,0,0,0,0,0
200,200,1030,200,200,200,200,0,200,200,0,200,1030,200,200,200,1030,894,0,200,200,200,1030,1030,1030,1030,20,1030,0,0,0,0,0,0,0,0,0,0
172,172,1031,172,172,172,172,0,172,172,0,172,1031,172,172,172,1031,857,0,172,172,172,1031,1031,1031,1031,0,1031,0,0,0,0,0,0,0,0,0,0
311,311,1110,311,311,311,311,0,311,311,0,311,1110,311,311,311,1110,753,0,311,311,311,1110,1110,1110,1110,0,1110,0,0,0,0,0,0,0,0,0,0
252,252,1225,252,252,252,252,0,252,252,0,252,1225,252,252,252,1225,685,0,252,252,252,1225,1225,1225,1225,0,1225,0,0,0,0,0,0,0,0,0,0
229,229,1523,229,229,229,229,0,229,229,0,229,1523,229,229,229,1523,721,0,229,229,229,1523,1523,1523,1523,0,1523,0,0,0,0,0,0,0,0,0,0
202,202,1566,202,202,202,202,0,202,202,0,202,1566,202,202,202,1566,628,0,202,202,202,1566,1566,1566,1566,0,1566,0,0,0,0,0,0,0,0,0,0
216,216,1663,216,216,216,216,0,216,216,0,216,1663,216,216,216,1663,597,0,216,216,216,1663,1663,1663,1663,32,1663,0,0,0,0,0,0,0,0,0,0
249,249,1566,249,249,249,249,0,249,249,0,249,1566,249,249,249,1566,543,0,249,249,249,1566,1566,1566,1566,28,1566,0,0,0,0,0,0,0,0,0,0
272,272,1530,272,272,272,272,0,272,272,0,272,1530,272,272,272,1530,491,0,272,272,272,1530,1530,1530,1530,38,1530,0,0,0,0,0,0,0,0,0,0
243,243,1596,243,243,243,243,0,243,243,0,243,1596,243,243,243,1596,466,0,243,243,243,1596,1596,1596,1596,48,1596,26,0,0,0,0,0,0,0,0,0
234,234,1491,234,234,234,234,0,234,234,0,234,1491,234,234,234,1491,463,0,234,234,234,1491,1491,1491,1491,49,1491,0,0,0,0,0,0,0,0,0,0
253,253,1435,253,253,253,253,0,253,253,0,253,1435,253,253,253,1435,481,0,253,253,253,1435,1435,1435,1435,57,1435,20,0,0,0,0,0,0,0,0,0
199,199,1367,199,199,199,199,0,199,199,0,199,1367,199,199,199,1367,445,0,199,199,199,1367,1367,1367,1367,109,1367,1367,0,0,0,0,0,0,0,0,0
247,247,1415,247,247,247,247,0,247,247,0,247,1415,247,247,247,1415,559,0,247,247,247,1415,1415,1415,1415,78,1415,1415,0,0,0,0,0,0,0,0,0
219,219,1423,219,219,219,219,0,219,219,0,219,1423,219,219,219,1423,597,0,219,219,219,1423,1423,1423,1423,101,1423,1423,0,0,0,0,0,0,0,0,0
252,252,1416,252,252,252,252,0,252,252,0,252,1416,252,252,252,1416,624,0,252,252,252,1416,1416,1416,1416,103,1416,1416,23,0,0,0,0,0,0,0,0
178,178,1321,178,178,178,178,0,178,178,0,178,1321,178,178,178,1321,662,0,178,178,178,1321,1321,1321,1321,88,1321,1321,0,0,0,0,0,0,0,0,0
215,215,1467,215,215,215,215,0,215,215,0,215,1467,215,215,215,1467,664,0,215,215,215,1467,1467,1467,1467,127,1467,1467,0,0,0,0,0,0,0,0,0
258,258,1585,258,258,258,258,0,258,258,0,258,1585,258,258,258,1585,558,0,258,258,258,1585,1585,1585,1585,85,1585,1585,0,0,0,0,0,0,0,0,0
167,167,1565,167,167,167,167,0,167,167,0,167,1565,167,167,167,1565,500,0,167,167,167,1565,1565,1565,1565,90,1565,1565,0,0,0,0,0,0,0,0,0
169,169,1506,169,169,169,169,0,169,169,0,169,1506,169,169,169,1506,486,0,169,169,169,1506,1506,1506,1506,79,1506,1506,0,0,0,0,0,0,0,0,0
143,143,1406,143,143,143,143,0,143,143,0,143,1406,143,143,143,1406,401,0,143,143,143,1406,1406,1406,1406,87,1406,1406,0,0,0,0,0,0,0,0,0
166,166,1424,166,166,166,166,0,166,166,0,166,1424,166,166,166,1424,428,0,166,166,166,1424,1424,1424,1424,116,1424,1424,0,36,0,0,0,0,0,0,0
137,137,1246,137,137,137,137,0,137,137,21,137,1246,137,137,137,1246,426,21,137,137,137,1246,1246,1246,1246,127,1246,1246,0,21,0,0,0,0,0,0,0
133,133,1234,133,133,133,133,0,133,133,51,133,1234,133,133,133,1234,260,51,133,133,133,1234,1234,1234,1234,106,1234,1234,0,51,0,0,0,0,0,0,0
121,121,1084,121,121,121,121,0,121,121,49,121,1084,121,121,121,1084,267,49,121,121,121,1084,1084,1084,1084,112,1084,1084,0,49,0,0,0,0,0,0,0
85,85,999,85,85,85,85,0,85,85,66,85,999,85,85,85,999,261,66,85,85,85,999,999,999,999,89,999,999,0,66,0,0,0,0,0,0,0
108,108,988,108,108,108,108,0,108,108,89,108,988,108,108,108,988,226,89,108,108,108,988,988,988,988,91,988,988,0,89,0,0,0,0,0,0,0
135,135,851,135,135,135,135,0,135,135,85,135,851,135,135,135,851,289,85,135,135,135,851,851,851,851,120,851,851,0,85,0,0,0,0,0,0,0
204,204,746,204,204,204,204,0,204,204,87,204,746,204,204,204,746,213,87,204,204,204,746,746,746,746,83,746,746,0,87,0,0,0,0,0,0,0
195,195,726,195,195,195,195,0,195,195,107,195,726,195,195,195,726,186,107,195,195,195,726,726,726,726,88,726,726,0,107,0,0,0,0,0,0,0
88,88,730,88,88,88,88,0,88,88,117,88,730,88,88,88,730,219,117,88,88,88,730,730,730,730,73,730,730,0,117,0,0,0,0,0,0,0
97,97,751,97,97,97,97,0,97,97,90,97,751,97,97,97,751,180,90,97,97,97,751,751,751,751,80,751,751,0,90,0,0,0,0,0,0,0
69,69,812,69,69,69,69,0,69,69,116,69,812,69,69,69,812,138,116,69,69,69,812,812,812,812,41,812,812,0,116,0,0,0,0,0,0,0
65,65,831,65,65,65,65,0,65,65,114,65,831,65,65,65,831,149,114,65,65,65,831,831,831,831,87,831,831,0,114,0,0,0,0,0,0,0
70,70,819,70,70,70,70,0,70,70,100,70,819,70,70,70,819,130,100,70,70,70,819,819,819,819,83,819,819,0,100,0,0,0,0,0,0,0
70,70,789,70,70,70,70,0,70,70,176,70,789,70,70,70,789,164,176,70,70,70,789,789,789,789,103,789,789,0,176,0,0,0,0,0,0,0
39,39,938,39,39,39,39,0,39,39,139,39,938,39,39,39,938,215,139,39,39,39,938,938,938,938,85,938,938,0,139,0,0,0,0,0,0,0
73,73,953,73,73,73,73,0,73,73,88,73,953,73,73,73,953,219,88,73,73,73,953,953,953,953,57,953,953,0,88,0,0,0,0,0,0,0
56,56,889,56,56,56,56,0,56,56,290,56,889,56,56,56,889,192,290,56,56,56,889,889,889,889,43,889,889,0,290,0,0,0,0,0,0,0
49,49,791,49,49,49,49,0,49,49,308,49,791,49,49,49,791,214,308,49,49,49,791,791,791,791,54,791,791,0,308,0,0,0,0,0,0,0
51,51,814,51,51,51,51,0,51,51,192,51,814,51,51,51,814,205,192,51,51,51,814,814,814,814,33,814,814,0,192,0,0,0,0,0,0,0
55,55,715,55,55,55,55,0,55,55,185,55,715,55,55,55,715,218,185,55,55,55,715,715,715,715,38,715,715,0,185,0,0,0,0,0,0,0
75,75,697,75,75,75,75,0,75,75,224,75,697,75,75,75,697,182,224,75,75,75,697,697,697,697,0,697,697,0,224,0,0,0,0,0,0,0
37,37,648,37,37,37,37,0,37,37,247,37,648,37,37,37,648,255,247,37,37,37,648,648,648,648,34,648,648,0,247,0,0,0,0,0,0,0
47,47,712,47,47,47,47,0,47,47,300,47,712,47,47,47,712,224,300,47,47,47,712,712,712,712,0,712,712,0,300,0,0,0,0,0,0,0
47,47,788,47,47,47,47,0,47,47,261,47,788,47,47,47,788,252,261,47,47,47,788,788,788,788,24,788,788,0,261,0,0,0,0,0,0,0
62,62,670,62,62,62,62,0,62,62,293,62,670,62,62,62,670,190,293,62,62,62,670,670,670,670,0,670,670,0,293,0,0,0,0,0,0,0
33,33,680,33,33,33,33,0,33,33,304,33,680,33,33,33,680,181,304,33,33,33,680,680,680,680,0,680,680,0,304,0,0,0,0,0,0,0
67,67,877,67,67,67,67,0,67,67,243,67,877,67,67,67,877,877,243,67,67,67,877,877,877,877,0,877,877,0,243,0,0,0,0,0,0,0
29,29,563,29,29,29,29,0,29,29,203,29,563,29,29,29,563,563,203,29,29,29,563,563,563,563,0,563,563,0,203,0,0,0,0,0,0,0
25,25,543,25,25,25,25,0,25,25,207,25,543,25,25,25,543,543,207,25,25,25,543,543,543,543,21,543,543,0,207,0,0,0,0,0,0,0
53,53,594,53,53,53,53,0,53,53,308,53,594,53,53,53,594,594,308,53,53,53,594,594,594,594,26,594,594,0,308,0,0,0,0,0,0,0
68,68,590,68,68,68,68,0,68,68,61,68,590,68,68,68,590,590,61,68,68,68,590,590,590,590,0,590,590,0,61,0,0,0,0,0,0,0
69,69,579,69,69,69,69,0,69,69,34,69,579,69,69,69,579,579,34,69,69,69,579,579,579,579,0,579,579,0,34,0,0,0,0,0,0,0
55,55,576,55,55,55,55,0,55,55,30,55,576,55,55,55,576,576,30,55,55,55,576,576,576,576,0,576,576,0,30,0,0,0,0,0,0,0
77,77,534,77,77,77,77,0,77,77,102,77,534,77,77,77,534,534,102,77,77,77,534,534,534,534,0,534,534,0,102,0,0,0,0,0,0,0
80,80,593,80,80,80,80,0,80,80,78,80,593,80,80,80,593,593,78,80,80,80,593,593,593,593,0,593,593,0,78,0,0,0,0,0,0,0
42,42,598,42,42,42,42,0,42,42,57,42,598,42,42,42,598,598,57,42,42,42,598,598,598,598,0,598,598,18,57,0,0,0,0,0,0,0
65,65,585,65,65,65,65,0,65,65,68,65,585,65,65,65,585,585,68,65,65,65,585,585,585,585,0,585,585,246,68,0,0,0,0,0,0,0
47,47,606,47,47,47,47,0,47,47,67,47,606,47,47,47,606,606,67,47,47,47,606,606,606,606,0,606,606,203,67,0,0,0,0,0,0,0
37,37,643,37,37,37,37,0,37,37,94,37,643,37,37,37,643,643,94,37,37,37,643,643,643,643,0,643,643,194,94,0,0,0,0,0,0,0
29,29,717,29,29,29,29,0,29,29,174,29,717,29,29,29,717,717,174,29,29,29,717,717,717,717,0,717,717,162,174,0,0,0,0,0,0,0
33,33,693,33,33,33,33,0,33,33,182,33,693,33,33,33,693,693,182,33,33,33,693,693,693,693,0,693,693,134,182,0,0,0,0,0,0,0
25,25,711,25,25,25,25,0,25,25,216,25,711,25,25,25,711,711,216,25,25,25,711,711,711,711,0,711,711,120,216,0,0,0,0,0,0,0
26,26,843,26,26,26,26,0,26,26,234,26,843,26,26,26,843,843,234,26,26,26,843,843,843,843,0,843,843,79,234,0,0,0,0,0,0,0
46,46,923,46,46,46,46,0,46,46,175,46,923,46,46,46,923,923,175,46,46,46,923,923,923,923,0,923,923,81,175,0,0,0,0,0,0,0
42,42,992,42,42,42,42,0,42,42,171,42,992,42,42,42,992,992,171,42,42,42,992,992,992,992,0,992,992,64,171,0,0,0,0,0,0,0
28,28,993,28,28,28,28,0,28,28,192,28,993,28,28,28,993,993,192,28,28,28,993,993,993,993,0,993,993,85,192,0,0,0,0,0,0,0
0,0,983,0,0,0,0,0,0,0,202,0,983,0,0,0,983,983,202,0,0,0,983,983,983,983,0,983,983,57,202,0,0,0,0,0,0,0
0,0,828,0,0,0,0,0,0,0,189,0,828,0,0,0,828,828,189,0,0,0,828,828,828,828,0,828,828,55,189,0,0,0,0,0,0,0
0,0,804,0,0,0,0,0,0,0,245,0,804,0,0,0,804,804,245,0,0,0,804,804,804,804,0,804,804,58,245,0,0,0,0,0,0,0
0,0,779,0,0,0,0,0,0,0,253,0,779,0,0,0,779,779,253,0,0,0,779,779,779,779,0,779,779,71,253,0,0,0,0,0,0,0
0,0,847,0,0,0,0,0,0,0,138,0,847,0,0,0,847,847,138,0,0,0,847,847,847,847,0,847,847,73,138,0,0,0,0,0,0,0
0,0,902,0,0,0,0,0,0,0,221,0,902,0,0,0,902,902,221,0,0,0,902,902,902,902,0,902,902,65,221,0,0,0,0,0,0,0
0,0,919,0,0,0,0,0,0,0,132,0,919,0,0,0,919,919,132,0,0,0,919,919,919,919,0,919,919,49,132,0,0,0,0,0,0,0
0,0,868,0,0,0,0,0,0,0,200,0,868,0,0,0,868,868,200,0,0,0,868,868,868,868,0,868,868,64,200,0,0,0,0,0,0,0
0,0,771,0,0,0,0,0,0,0,119,0,771,0,0,0,771,771,119,0,0,0,771,771,771,771,0,771,771,47,119,0,0,0,0,0,0,0
0,0,774,0,0,0,0,0,0,0,118,0,774,0,0,0,774,774,118,0,0,0,774,774,774,774,0,774,774,52,118,0,0,0,0,0,0,0
25,25,765,25,25,25,25,0,25,25,120,25,765,25,25,25,765,765,120,25,25,25,765,765,765,765,0,765,765,62,120,0,0,0,0,0,0,0
20,20,809,20,20,20,20,0,20,20,103,20,809,20,20,20,809,809,103,20,20,20,809,809,809,809,0,809,809,25,103,0,0,0,0,0,0,0
0,0,904,0,0,0,0,0,0,0,120,0,904,0,0,0,904,904,120,0,0,0,904,904,904,904,0,904,904,33,120,0,0,0,0,0,0,0
0,0,1022,0,0,0,0,0,0,0,142,0,1022,0,0,0,1022,1022,142,0,0,0,1022,1022,1022,1022,0,1022,1022,27,142,0,0,0,0,0,0,0
0,0,1140,0,0,0,0,0,0,0,126,0,1140,0,0,0,1140,1140,126,0,0,0,1140,1140,1140,1140,0,1140,1140,1140,126,0,0,0,0,0,0,0
0,0,1077,0,0,0,0,0,0,0,148,0,1077,0,0,0,1077,1077,148,0,0,0,1077,1077,1077,1077,0,1077,1077,1077,148,0,0,0,0,0,0,0
0,0,1114,0,0,0,0,0,0,0,134,0,1114,0,0,0,1114,1114,134,0,0,0,1114,1114,1114,1114,0,1114,1114,1114,134,0,0,0,0,0,0,0
0,0,1108,0,0,0,0,0,0,0,146,0,1108,0,0,0,1108,1108,146,0,0,0,1108,1108,1108,1108,0,1108,1108,1108,146,0,0,0,0,0,0,0
0,0,1111,0,0,0,0,0,0,0,139,0,1111,0,0,0,1111,1111,139,0,0,0,1111,1111,1111,1111,0,1111,1111,1111,139,0,0,0,0,0,0,0
0,0,1052,0,0,0,0,0,0,0,119,0,1052,0,0,0,1052,1052,119,0,0,0,1052,1052,1052,1052,0,1052,1052,1052,119,0,0,0,0,0,0,0
0,0,1124,0,0,0,0,1124,0,0,120,0,1124,0,0,0,1124,1124,120,0,0,0,1124,1124,1124,1124,28,1124,1124,1124,120,0,0,0,0,0,0,0
0,0,1139,0,0,0,0,1139,0,0,90,0,1139,0,0,0,1139,1139,90,0,0,0,1139,1139,1139,1139,21,1139,1139,1139,90,0,0,0,0,0,0,0
0,0,1155,0,0,0,0,1155,0,0,79,0,1155,0,0,0,1155,1155,79,0,0,0,1155,1155,1155,1155,0,1155,1155,1155,79,21,0,0,0,0,0,0
0,0,1117,0,0,0,0,1117,0,0,92,0,1117,0,0,0,1117,1117,92,0,0,0,1117,1117,1117,1117,0,1117,1117,1117,92,0,0,0,0,0,0,0
0,0,1026,0,0,0,0,1026,0,0,103,0,1026,0,0,0,1026,1026,103,0,0,0,1026,1026,1026,1026,36,1026,1026,1026,103,0,0,0,0,0,0,0
0,0,906,0,0,0,0,906,0,0,107,0,906,0,0,0,906,906,107,0,0,0,906,906,906,906,41,906,906,906,107,0,0,0,0,0,0,0
0,0,814,0,0,0,0,814,0,0,83,0,814,0,0,0,814,814,83,0,0,0,814,814,814,814,34,814,814,814,83,0,0,0,0,0,0,0
0,0,819,0,0,0,0,819,0,0,100,0,819,0,0,0,819,819,100,0,0,0,819,819,819,819,21,819,819,819,100,0,0,0,0,0,0,0
0,0,827,0,0,0,0,827,0,0,111,0,827,0,0,0,827,827,111,0,0,0,827,827,827,827,0,827,827,827,111,0,0,0,0,0,0,0
0,0,798,0,0,0,0,798,0,0,102,0,798,0,0,0,798,798,102,0,0,0,798,798,798,798,25,798,798,798,102,20,53,0,0,0,0,0
0,0,695,0,0,0,0,695,0,0,133,0,695,0,0,0,695,695,133,0,0,0,695,695,695,695,35,695,695,695,133,0,83,0,0,0,0,0
0,0,623,0,0,0,0,623,0,0,101,0,623,0,0,0,623,623,101,0,0,0,623,623,623,623,23,623,623,623,101,0,127,0,0,0,0,0
0,0,644,0,0,0,0,644,0,0,103,0,644,0,0,0,644,644,103,0,0,0,644,644,644,644,25,644,644,644,103,0,138,0,0,0,0,0
0,0,722,0,0,0,0,722,0,0,84,0,722,0,0,0,722,722,84,0,0,0,722,722,722,722,0,722,722,722,84,0,163,0,0,0,0,0
0,0,734,0,0,0,0,734,0,0,62,0,734,0,0,0,734,734,62,0,0,0,734,734,734,734,26,734,734,734,62,0,184,0,0,0,0,0
0,0,732,0,0,0,0,732,0,0,58,0,732,0,0,0,732,732,58,0,0,0,732,732,732,732,0,732,732,732,58,0,243,0,0,0,0,0
0,0,659,0,0,0,0,659,0,0,65,0,659,0,0,0,659,659,65,0,0,0,659,659,659,659,0,659,659,659,65,0,269,0,0,0,0,0
0,0,633,0,0,0,0,633,0,0,222,0,633,0,0,0,633,633,222,0,0,0,633,633,633,633,0,633,633,633,222,0,230,0,0,0,0,0
0,0,632,0,0,0,0,632,0,0,156,0,632,0,0,0,632,632,156,0,0,0,632,632,632,632,0,632,632,632,156,0,217,0,0,0,0,0
0,0,743,0,0,0,0,743,0,0,248,0,743,0,0,0,743,743,248,0,0,0,743,743,743,743,0,743,743,743,248,0,213,0,0,0,0,0
0,0,685,0,0,0,0,685,0,0,219,0,685,0,0,0,685,685,219,0,0,0,685,685,685,685,0,685,685,685,219,0,182,0,0,0,0,0
0,0,668,0,0,0,0,668,0,0,227,0,668,0,0,0,668,668,227,0,0,0,668,668,668,668,0,668,668,668,227,0,121,0,0,0,0,0
25,25,682,25,25,25,25,682,25,25,176,25,682,25,25,25,682,682,176,25,25,25,682,682,682,682,20,682,682,682,176,0,147,0,0,0,0,0
28,28,570,28,28,28,28,570,28,28,327,28,570,28,28,28,570,570,327,28,28,28,570,570,570,570,0,570,570,570,327,0,134,0,0,0,0,0
0,0,615,0,0,0,0,615,0,0,343,0,615,0,0,0,615,615,343,0,0,0,615,615,615,615,0,615,615,615,343,0,146,0,0,0,0,0
0,0,557,0,0,0,0,557,0,0,409,0,557,0,0,0,557,557,409,0,0,0,557,557,557,557,0,557,557,557,409,0,131,0,0,0,0,0
0,0,535,0,0,0,0,535,0,0,218,0,535,0,0,0,535,535,218,0,0,0,535,535,535,535,0,535,535,535,218,0,217,0,0,0,0,0
24,24,507,24,24,24,24,507,24,24,242,24,507,24,24,24,507,507,242,24,24,24,507,507,507,507,0,507,507,507,242,0,249,0,0,0,0,0
0,0,462,0,0,0,0,462,0,0,463,0,462,0,0,0,462,462,463,0,0,0,462,462,462,462,0,462,462,462,463,0,463,0,0,0,0,0
0,0,450,0,0,0,0,450,0,0,312,0,450,0,0,0,450,450,312,0,0,0,450,450,450,450,0,450,450,450,312,0,312,0,0,0,0,0
21,21,422,21,21,21,21,422,21,21,288,21,422,21,21,21,422,422,288,21,21,21,422,422,422,422,0,422,422,422,288,0,288,0,0,0,0,0
0,0,388,0,0,0,0,388,0,0,293,0,388,0,0,0,388,388,293,0,0,0,388,388,388,388,0,388,388,388,293,0,293,0,0,0,0,0
28,28,444,28,28,28,28,444,28,28,294,28,444,28,28,28,444,444,294,28,28,28,444,444,444,444,0,444,444,444,294,0,294,0,0,0,0,0
22,22,447,22,22,22,22,447,22,22,499,22,447,22,22,22,447,447,499,22,22,22,447,447,447,447,0,447,447,447,499,0,499,0,0,0,0,0
27,27,392,27,27,27,27,392,27,27,470,27,392,27,27,27,392,392,470,27,27,27,392,392,392,392,0,392,392,392,470,0,470,0,0,0,0,0
0,0,407,0,0,0,0,407,0,0,521,0,407,0,0,0,407,407,521,0,0,0,407,407,407,407,0,407,407,407,521,0,521,0,0,0,0,0
22,22,350,22,22,22,22,350,22,22,299,22,350,22,22,22,350,350,299,22,22,22,350,350,350,350,0,350,350,350,299,0,299,0,0,0,0,0
30,30,303,30,30,30,30,303,30,30,320,30,303,30,30,30,303,303,320,30,30,30,303,303,303,303,0,303,303,303,320,0,320,0,0,0,0,0
61,61,182,61,61,61,61,182,61,61,354,61,182,61,61,61,182,182,354,61,61,61,182,182,182,182,0,182,182,182,354,0,354,0,0,0,0,0
42,42,194,42,42,42,42,194,42,42,304,42,194,42,42,42,194,194,304,42,42,42,194,194,194,194,0,194,194,194,304,0,304,0,0,0,0,0
46,46,191,46,46,46,46,191,46,46,548,46,191,46,46,46,191,191,548,46,46,46,191,191,191,191,0,191,191,191,548,0,548,0,0,0,0,0
61,61,178,61,61,61,61,178,61,61,493,61,178,61,61,61,178,178,493,61,61,61,178,178,178,178,0,178,178,178,493,0,493,0,0,0,0,0
54,54,177,54,54,54,54,177,54,54,665,54,177,54,54,54,177,177,665,54,54,54,177,177,177,177,0,177,177,177,665,0,665,0,0,0,0,0
40,40,152,40,40,40,40,152,40,40,403,40,152,40,40,40,152,152,403,40,40,40,152,152,152,152,0,152,152,152,403,0,403,0,0,0,0,0
46,46,152,46,46,46,46,152,46,46,459,46,152,46,46,46,152,152,459,46,46,46,152,152,152,152,0,152,152,152,459,0,459,0,0,0,0,0
64,64,153,64,64,64,64,153,64,64,510,64,153,64,64,64,153,153,510,64,64,64,153,153,153,153,0,153,153,153,510,0,510,0,0,0,0,0
62,62,158,62,62,62,62,158,62,62,728,62,158,62,62,62,158,158,728,62,62,62,158,158,158,158,0,158,158,158,728,0,728,0,0,0,0,0
45,45,154,45,45,45,45,154,45,45,728,45,154,45,45,45,154,154,728,45,45,45,154,154,154,154,0,154,154,154,728,0,728,0,0,0,0,0
62,62,184,62,62,62,62,184,62,62,746,62,184,62,62,62,184,184,746,62,62,62,184,184,184,184,0,184,184,184,746,0,746,0,0,0,0,0
54,54,163,54,54,54,54,163,54,54,838,54,163,54,54,54,163,163,838,54,54,54,163,163,163,163,0,163,163,163,838,0,838,0,0,0,0,0
51,51,140,51,51,51,51,140,51,51,833,51,140,51,51,51,140,140,833,51,51,51,140,140,140,140,0,140,140,140,833,0,833,0,0,0,0,0
48,48,134,48,48,48,48,134,48,48,490,48,134,48,48,48,134,134,490,48,48,48,134,134,134,134,0,134,134,134,490,0,490,0,0,0,0,0
44,44,109,44,44,44,44,109,44,44,772,44,109,44,44,44,109,109,772,44,44,44,109,109,109,109,0,109,109,109,772,0,772,0,0,0,0,0
35,35,109,35,35,35,35,109,35,35,355,35,109,35,35,35,109,109,355,35,35,35,109,109,109,109,0,109,109,109,355,0,355,0,0,0,0,0
31,31,106,31,31,31,31,106,31,31,405,31,106,31,31,31,106,106,405,31,31,31,106,106,106,106,0,106,106,106,405,0,405,0,0,0,0,0
42,42,116,42,42,42,42,116,42,42,322,42,116,42,42,42,116,116,322,42,42,42,116,116,116,116,0,116,116,116,322,0,322,0,0,0,0,0
45,45,139,45,45,45,45,139,45,45,351,45,139,45,45,45,139,139,351,45,45,45,139,139,139,139,0,139,139,139,351,0,351,0,0,0,0,0
51,51,90,51,51,51,51,90,51,51,311,51,90,51,51,51,90,90,311,51,51,51,90,90,90,90,0,90,90,90,311,0,311,27,0,0,0,0
45,45,68,45,45,45,45,68,45,45,324,45,68,45,45,45,68,68,324,45,45,45,68,68,68,68,0,68,68,68,324,0,324,38,0,0,0,0
55,55,77,55,55,55,55,77,55,55,322,55,77,55,55,55,77,77,322,55,55,55,77,77,77,77,0,77,77,77,322,0,322,32,0,0,0,0
49,49,80,49,49,49,49,80,49,49,404,49,80,49,49,49,80,80,404,49,49,49,80,80,80,80,0,80,80,80,404,0,404,27,0,0,0,0
70,70,54,70,70,70,70,54,70,70,441,70,54,70,70,70,54,54,441,70,70,70,54,54,54,54,0,54,54,54,441,0,441,0,0,0,0,0
52,52,76,52,52,52,52,76,52,52,416,52,76,52,52,52,76,76,416,52,52,52,76,76,76,76,0,76,76,76,416,0,416,24,0,0,0,0
43,43,59,43,43,43,43,59,43,43,463,43,59,43,43,43,59,59,463,43,43,43,59,59,59,59,0,59,59,59,463,0,463,27,0,0,0,0
38,38,55,38,38,38,38,55,38,38,501,38,55,38,38,38,55,55,501,38,38,38,55,55,55,55,0,55,55,55,501,0,501,20,0,0,0,0
43,43,49,43,43,43,43,49,43,43,844,43,49,43,43,43,49,49,844,43,43,43,49,49,49,49,0,49,49,49,844,0,844,28,0,0,0,0
43,43,39,43,43,43,43,39,43,43,541,43,39,43,43,43,39,39,541,43,43,43,39,39,39,39,0,39,39,39,541,0,541,42,0,0,0,0
38,38,30,38,38,38,38,30,38,38,451,38,30,38,38,38,30,30,451,38,38,38,30,30,30,30,0,30,30,30,451,0,451,39,0,0,0,0
63,63,0,63,63,63,63,0,63,63,638,63,0,63,63,63,0,0,638,63,63,63,0,0,0,0,0,0,0,0,638,0,638,38,0,0,0,0
55,55,44,55,55,55,55,44,55,55,568,55,44,55,55,55,44,44,568,55,55,55,44,44,44,44,0,44,44,44,568,0,568,31,0,0,0,0
58,58,32,58,58,58,58,32,58,58,526,58,32,58,58,58,32,32,526,58,58,58,32,32,32,32,0,32,32,32,526,0,526,60,0,0,0,0
45,45,50,45,45,45,45,50,45,45,33,45,50,45,45,45,50,50,33,45,45,45,50,50,50,50,0,50,50,50,33,0,33,32,0,0,0,0
70,70,44,70,70,70,70,44,70,70,317,70,44,70,70,70,44,44,317,70,70,70,44,44,44,44,0,44,44,44,317,0,317,32,0,0,0,0
61,61,29,61,61,61,61,29,61,61,295,61,29,61,61,61,29,29,295,61,61,61,29,29,29,29,0,29,29,29,295,0,295,22,21,0,0,0
62,62,39,62,62,62,62,39,62,62,284,62,39,62,62,62,39,39,284,62,62,62,39,39,39,39,0,39,39,39,284,0,284,0,0,0,0,0
66,66,0,66,66,66,66,0,66,66,254,66,0,66,66,66,0,0,254,66,66,66,0,0,0,0,0,0,0,0,254,0,254,23,27,0,0,0
61,61,0,61,61,61,61,0,61,61,211,61,0,61,61,61,0,0,211,61,61,61,0,0,0,0,0,0,0,0,211,0,211,24,26,0,0,0
53,53,22,53,53,53,53,22,53,53,243,53,22,53,53,53,22,22,243,53,53,53,22,22,22,22,0,22,22,22,243,0,243,31,23,0,0,0
65,65,34,65,65,65,65,34,65,65,217,65,34,65,65,65,34,34,217,65,65,65,34,34,34,34,0,34,34,34,217,0,217,26,28,0,0,0
56,56,0,56,56,56,56,0,56,56,212,56,0,56,56,56,0,0,212,56,56,56,0,0,0,0,0,0,0,0,212,0,212,26,0,0,0,0
45,45,21,45,45,45,45,21,45,45,194,45,21,45,45,45,21,21,194,45,45,45,21,21,21,21,0,21,21,21,194,0,194,23,27,0,0,0
40,40,27,40,40,40,40,27,40,40,211,40,27,40,40,40,27,27,211,40,40,40,27,27,27,27,0,27,27,27,211,0,211,0,0,0,0,0
23,23,0,23,23,23,23,0,23,23,200,23,0,23,23,23,0,0,200,23,23,23,0,0,0,0,0,0,0,0,200,0,200,37,25,0,0,0
23,23,0,23,23,23,23,0,23,23,220,23,0,23,23,23,0,0,220,23,23,23,0,0,0,0,0,0,0,0,220,0,220,23,23,0,0,0
0,0,0,0,0,0,0,0,0,0,175,0,0,0,0,0,0,0,175,0,0,0,0,0,0,0,0,0,0,0,175,0,175,0,0,0,0,0
20,20,0,20,20,20,20,0,20,20,135,20,0,20,20,20,0,0,135,20,20,20,0,0,0,0,0,0,0,0,135,0,135,0,0,0,0,0
0,0,0,0,0,0,0,0,0,0,119,0,0,0,0,0,0,0,119,0,0,0,0,0,0,0,0,0,0,0,119,0,119,0,0,0,0,0
0,0,0,0,0,0,0,0,0,0,147,0,0,0,0,0,0,0,147,0,0,0,0,0,0,0,0,0,0,0,147,0,147,0,0,0,0,0
0,0,0,0,0,0,0,0,0,0,160,0,0,0,0,0,0,0,160,0,0,0,0,0,0,0,0,0,0,0,160,0,160,0,0,0,0,0
0,0,0,0,0,0,0,0,0,0,170,0,0,0,0,0,0,0,170,0,0,0,0,0,0,0,0,0,0,0,170,404,170,0,0,0,0,0
24,24,0,24,24,24,24,0,24,24,171,24,0,24,24,24,0,0,171,24,24,24,0,0,0,0,0,0,0,0,171,380,171,20,20,0,0,0
24,24,0,24,24,24,24,0,24,24,145,24,0,24,24,24,0,0,145,24,24,24,0,0,0,0,0,0,0,0,145,422,145,0,0,0,0,0
0,0,0,0,0,0,0,0,0,0,135,0,0,0,0,0,0,0,135,0,0,0,0,0,0,0,0,0,0,0,135,387,135,0,0,0,0,0
0,0,0,0,0,0,0,0,0,0,142,0,0,0,0,0,0,0,142,0,0,0,0,0,0,0,0,0,0,0,142,401,142,0,0,0,0,0
0,0,0,0,0,0,0,0,0,0,123,0,0,0,0,0,0,0,123,0,0,0,0,0,0,0,0,0,0,0,123,398,123,22,22,0,0,0
0,0,0,0,0,0,0,0,0,0,90,0,0,0,0,0,0,0,90,0,0,0,0,0,0,0,0,0,0,0,90,361,90,0,0,0,0,0
0,0,0,0,0,0,0,0,0,0,74,0,0,0,0,0,0,0,74,0,0,0,0,0,0,0,0,0,0,0,74,463,74,22,22,0,0,0
0,0,0,0,0,0,0,0,0,0,88,0,0,0,0,0,0,0,88,0,0,0,0,0,0,0,0,0,0,0,88,317,88,21,21,0,0,0
0,0,0,0,0,0,0,0,0,0,113,0,0,0,0,0,0,0,113,0,0,0,0,0,0,0,0,0,0,0,113,425,113,0,0,0,0,0
23,23,0,23,23,23,23,0,23,23,100,23,0,23,23,23,0,0,100,23,23,23,0,0,0,0,0,0,0,0,100,326,100,0,0,0,0,0
24,24,0,24,24,24,24,0,24,24,97,24,0,24,24,24,0,0,97,24,24,24,0,0,0,0,0,0,0,0,97,355,97,0,0,0,0,0
0,0,0,0,0,0,0,0,0,0,96,0,0,0,0,0,0,0,96,0,0,0,0,0,0,0,0,0,0,0,96,380,96,0,0,0,0,0
33,33,0,33,33,33,33,0,33,33,80,33,0,33,33,33,0,0,80,33,33,33,0,0,0,0,0,0,0,0,80,362,80,0,0,0,0,0
48,48,0,48,48,48,48,0,48,48,73,48,0,48,48,48,0,0,73,48,48,48,0,0,0,0,0,0,0,0,73,321,73,0,0,0,0,0
22,22,0,22,22,22,22,0,22,22,66,22,0,22,22,22,0,0,66,22,22,22,0,0,0,0,0,0,0,0,66,533,66,0,0,0,0,0
0,0,0,0,0,0,0,0,0,0,60,0,0,0,0,0,0,0,60,0,0,0,0,0,0,0,0,0,0,0,60,327,60,0,0,0,0,0
0,0,0,0,0,0,0,0,0,0,33,0,0,0,0,0,0,0,33,0,0,0,0,0,0,0,0,0,0,0,33,610,33,0,0,0,0,0
0,0,0,0,0,0,0,0,0,0,675,0,0,0,0,0,0,0,675,0,0,0,0,0,0,0,0,0,0,0,675,675,675,0,0,0,0,0
0,0,0,0,0,0,0,0,0,0,705,0,0,0,0,0,0,0,705,0,0,0,0,0,0,0,0,0,0,0,705,705,705,0,0,0,0,0
0,0,0,0,0,0,0,0,0,0,717,0,0,0,0,0,0,0,717,0,0,0,0,0,0,0,0,0,0,0,717,717,717,34,34,0,0,0
27,27,0,27,27,27,27,0,27,27,678,27,0,27,27,27,0,0,678,27,27,27,0,0,0,0,0,0,0,0,678,678,678,32,32,0,0,0
0,0,0,0,0,0,0,0,0,0,649,0,0,0,0,0,0,0,649,0,0,0,0,0,0,0,0,0,0,0,649,649,649,0,0,0,0,0
0,0,0,0,0,0,0,0,0,0,806,0,0,0,0,0,0,0,806,0,0,0,0,0,0,0,0,0,0,0,806,806,806,0,0,0,0,0
20,20,0,20,20,20,20,0,20,20,754,20,0,20,20,20,0,0,754,20,20,20,0,0,0,0,0,0,0,0,754,754,754,0,0,0,0,0
0,0,0,0,0,0,0,0,0,0,737,0,0,0,0,0,0,0,737,0,0,0,0,0,0,0,0,0,0,0,737,737,737,32,32,0,0,0
0,0,0,0,0,0,0,0,0,0,754,0,0,0,0,0,0,0,754,0,0,0,0,0,0,0,0,0,0,0,754,754,754,29,29,0,0,0
0,0,0,0,0,0,0,0,0,0,738,0,0,0,0,0,0,0,738,0,0,0,0,0,0,0,0,0,0,0,738,738,738,31,31,0,0,0
39,39,0,39,39,39,39,0,39,39,741,39,0,39,39,39,0,0,741,39,39,39,0,0,0,0,0,0,0,0,741,741,741,25,25,0,0,0
0,0,0,0,0,0,0,0,0,0,832,0,0,0,0,0,0,0,832,0,0,0,0,0,0,0,0,0,0,0,832,832,832,22,22,0,0,0
0,0,0,0,0,0,0,0,0,0,902,0,0,0,0,0,0,0,902,0,0,0,0,0,0,0,0,0,0,0,902,902,902,0,0,0,0,0
0,0,0,0,0,0,0,0,0,0,777,0,0,0,0,0,0,0,777,0,0,0,0,0,0,0,0,0,0,0,777,777,777,0,0,0,0,0
0,0,0,0,0,0,0,0,0,0,979,0,0,0,0,0,0,0,979,0,0,0,0,0,0,0,0,0,0,0,979,979,979,0,0,0,0,0
0,0,0,0,0,0,0,0,0,0,713,0,0,0,0,0,0,0,713,0,0,0,0,0,0,0,0,0,0,0,713,713,713,0,0,0,0,0
0,0,0,0,0,0,0,0,0,0,660,0,0,0,0,0,0,0,660,0,0,0,0,0,0,0,0,0,0,0,660,660,660,0,0,0,0,0
31,31,0,31,31,31,31,0,31,31,556,31,0,31,31,31,0,0,556,31,31,31,0,0,0,0,0,0,0,0,556,556,556,0,0,0,0,0
0,0,0,0,0,0,0,0,0,0,578,0,0,0,0,0,0,0,578,0,0,0,0,0,0,0,0,0,0,0,578,578,578,0,0,0,0,0
20,20,0,20,20,20,20,0,20,20,537,20,0,20,20,20,0,0,537,20,20,20,0,0,0,0,0,0,0,0,537,537,537,0,0,0,0,0
0,0,0,0,0,0,0,0,0,0,539,0,0,0,0,0,0,0,539,0,0,0,0,0,0,0,0,0,0,0,539,539,539,0,0,0,0,0
33,33,0,33,33,33,33,0,33,33,1179,33,0,33,33,33,0,0,1179,33,33,33,0,0,0,0,0,0,0,0,1179,1179,1179,0,0,0,0,0
23,23,0,23,23,23,23,0,23,23,658,23,0,23,23,23,0,0,658,23,23,23,0,0,0,0,0,0,0,0,658,658,658,0,0,0,0,0
33,33,0,33,33,33,33,0,33,33,573,33,0,33,33,33,0,0,573,33,33,33,0,0,0,0,0,0,0,0,573,573,573,0,0,0,0,0
27,27,0,27,27,27,27,0,27,27,555,27,0,27,27,27,0,0,555,27,27,27,0,0,0,0,0,0,0,0,555,555,555,0,0,0,0,0
29,29,0,29,29,29,29,0,29,29,1065,29,0,29,29,29,0,0,1065,29,29,29,0,0,0,0,0,0,0,0,1065,1065,1065,0,0,0,0,0
46,46,0,46,46,46,46,0,46,46,1046,46,0,46,46,46,0,0,1046,46,46,46,0,0,0,0,0,0,0,0,1046,1046,1046,0,0,0,0,0
42,42,0,42,42,42,42,0,42,42,1067,42,0,42,42,42,0,0,1067,42,42,42,0,0,0,0,0,0,0,0,1067,1067,1067,0,0,0,0,0
44,44,0,44,44,44,44,0,44,44,1166,44,0,44,44,44,0,0,1166,44,44,44,0,0,0,0,0,0,0,0,1166,1166,1166,0,0,0,0,0
0,0,0,0,0,0,0,0,0,0,1203,0,0,0,0,0,0,0,1203,0,0,0,0,0,0,0,0,0,0,0,1203,1203,1203,0,0,24,0,0
27,27,0,27,27,27,27,0,27,27,1249,27,0,27,27,27,0,0,1249,27,27,27,0,0,0,0,0,0,0,0,1249,1249,1249,0,0,0,0,0
0,0,0,0,0,0,0,0,0,0,1304,0,0,0,0,0,0,0,1304,0,0,0,0,0,0,0,0,0,0,0,1304,1304,1304,0,0,0,0,0
0,0,0,0,0,0,0,0,0,0,1211,0,0,0,0,0,0,0,1211,0,0,0,0,0,0,0,0,0,0,0,1211,1211,1211,0,0,0,0,0
0,0,0,0,0,0,0,0,0,0,1384,0,0,0,0,0,0,0,1384,0,0,0,0,0,0,0,0,0,0,0,1384,1384,1384,0,0,0,0,0
20,20,0,20,20,20,20,0,20,20,1431,20,0,20,20,20,0,0,1431,20,20,20,0,0,0,0,0,0,0,0,1431,1431,1431,0,0,0,0,0
24,24,0,24,24,24,24,0,24,24,1511,24,0,24,24,24,0,0,1511,24,24,24,0,0,0,0,0,0,0,0,1511,1511,1511,0,0,0,0,0
0,0,0,0,0,0,0,0,0,0,1435,0,0,0,0,0,0,0,1435,0,0,0,0,0,0,0,0,0,0,0,1435,1435,1435,0,0,13,0,0
25,25,0,25,25,25,25,0,25,25,1543,25,0,25,25,25,0,0,1543,25,25,25,0,0,0,0,0,0,0,0,1543,1543,1543,0,0,0,0,0
0,0,0,0,0,0,0,0,0,0,1613,0,0,0,0,0,0,0,1613,0,0,0,0,0,0,0,0,0,0,0,1613,1613,1613,0,0,0,0,0
0,0,0,0,0,0,0,0,0,0,1535,0,0,0,0,0,0,0,1535,0,0,0,0,0,0,0,0,0,0,0,1535,1535,1535,0,0,0,0,0
20,20,0,20,20,20,20,0,20,20,1527,20,0,20,20,20,0,0,1527,20,20,20,0,0,0,0,0,0,0,0,1527,1527,1527,0,0,0,0,0
28,28,0,28,28,28,28,0,28,28,1663,28,0,28,28,28,0,0,1663,28,28,28,0,0,0,0,0,0,0,0,1663,1663,1663,0,0,0,0,0
20,20,0,20,20,20,20,0,20,20,1756,20,0,20,20,20,0,0,1756,20,20,20,0,0,0,0,0,0,0,0,1756,1756,1756,0,0,0,0,0
0,0,0,0,0,0,0,0,0,0,1761,0,0,0,0,0,0,0,1761,0,0,0,0,0,0,0,0,0,0,0,1761,1761,1761,0,0,0,0,0
0,0,0,0,0,0,0,0,0,0,1557,0,0,0,0,0,0,0,1557,0,0,0,0,0,0,0,0,0,0,0,1557,1557,1557,0,0,0,0,0
26,26,0,26,26,26,26,0,26,26,1745,26,0,26,26,26,0,0,1745,26,26,26,0,0,0,0,0,0,0,0,1745,1745,1745,0,0,0,0,0
0,0,0,0,0,0,0,0,0,0,1797,0,0,0,0,0,0,0,1797,0,0,0,0,0,0,0,0,0,0,0,1797,1797,1797,0,0,0,0,0
0,0,0,0,0,0,0,0,0,0,1737,0,0,0,0,0,0,0,1737,0,0,0,0,0,0,0,0,0,0,0,1737,1737,1737,0,0,0,0,0
0,0,0,0,0,0,0,0,0,0,1746,0,0,0,0,0,0,0,1746,0,0,0,0,0,0,0,0,0,0,0,1746,1746,1746,0,0,0,0,0
0,0,0,0,0,0,0,0,0,0,1768,0,0,0,0,0,0,0,1768,0,0,0,0,0,0,0,0,0,0,0,1768,1768,1768,0,0,0,0,0
28,28,0,28,28,28,28,0,28,28,1734,28,0,28,28,28,0,0,1734,28,28,28,0,0,0,0,0,0,0,0,1734,1734,1734,0,0,0,0,0
28,28,0,28,28,28,28,0,28,28,1747,28,0,28,28,28,0,0,1747,28,28,28,0,0,0,0,0,0,0,0,1747,1747,1747,0,0,0,0,0
0,0,0,0,0,0,0,0,0,0,1717,0,0,0,0,0,0,0,1717,0,0,0,0,0,0,0,0,0,0,0,1717,1717,1717,0,0,0,0,0
0,0,0,0,0,0,0,0,0,0,1635,0,0,0,0,0,0,0,1635,0,0,0,0,0,0,0,0,0,0,0,1635,1635,1635,0,0,0,0,0
0,0,0,0,0,0,0,0,0,0,1545,0,0,0,0,0,0,0,1545,0,0,0,0,0,0,0,0,0,0,0,1545,1545,1545,0,0,0,0,0
0,0,0,0,0,0,0,0,0,0,1595,0,0,0,0,0,0,0,1595,0,0,0,0,0,0,0,0,0,0,0,1595,1595,1595,0,0,0,0,0
0,0,0,0,0,0,0,0,0,0,1602,0,0,0,0,0,0,0,1602,0,0,0,0,0,0,0,0,0,0,0,1602,1602,1602,0,0,0,0,0
0,0,0,0,0,0,0,0,0,0,1535,0,0,0,0,0,0,0,1535,0,0,0,0,0,0,0,0,0,0,0,1535,1535,1535,0,0,0,0,0
0,0,0,0,0,0,0,0,0,0,1572,0,0,0,0,0,0,0,1572,0,0,0,0,0,0,0,0,0,0,0,1572,1572,1572,0,0,0,0,0
0,0,0,0,0,0,0,0,0,0,1567,0,0,0,0,0,0,0,1567,0,0,0,0,0,0,0,0,0,0,0,1567,1567,1567,0,0,0,0,0
0,0,0,0,0,0,0,0,0,0,1568,0,0,0,0,0,0,0,1568,0,0,0,0,0,0,0,0,0,0,0,1568,1568,1568,0,0,0,0,0
0,0,0,0,0,0,0,0,0,0,1580,0,0,0,0,0,0,0,1580,0,0,0,0,0,0,0,0,0,0,0,1580,1580,1580,0,0,0,0,0
0,0,0,0,0,0,0,0,0,0,1646,0,0,0,0,0,0,0,1646,0,0,0,0,0,0,0,0,0,0,0,1646,1646,1646,0,0,1646,0,0
0,0,0,0,0,0,0,0,0,0,1645,0,0,0,0,0,0,0,1645,0,0,0,0,0,0,0,0,0,0,0,1645,1645,1645,0,0,1645,0,0
0,0,0,0,0,0,0,0,0,0,1558,0,0,0,0,0,0,0,1558,0,0,0,0,0,0,0,0,0,0,0,1558,1558,1558,0,0,1558,0,0
0,0,0,0,0,0,0,0,0,0,1532,0,0,0,0,0,0,0,1532,0,0,0,0,0,0,0,0,0,0,0,1532,1532,1532,0,0,1532,0,0
0,0,0,0,0,0,0,0,0,0,1479,0,0,0,0,0,0,0,1479,0,0,0,0,0,0,0,0,0,0,0,1479,1479,1479,0,0,1479,0,0
0,0,0,0,0,0,0,0,0,0,1285,0,0,0,0,0,0,0,1285,0,0,0,0,0,0,0,0,0,0,0,1285,1285,1285,0,0,1285,0,0
0,0,0,0,0,0,0,0,0,0,1256,0,0,0,0,0,0,0,1256,0,0,0,0,0,0,0,0,0,0,0,1256,1256,1256,0,0,1256,0,0
0,0,0,0,0,0,0,0,0,0,1229,0,0,0,0,0,0,0,1229,0,0,0,0,0,0,0,0,0,0,0,1229,1229,1229,0,0,1229,0,0
0,0,0,0,0,0,0,0,0,0,1169,0,0,0,0,0,0,0,1169,0,0,0,0,0,0,0,0,0,0,0,1169,1169,1169,0,0,1169,0,0
0,0,0,0,0,0,0,0,0,0,1190,0,0,0,0,0,0,0,1190,0,0,0,0,0,0,0,0,0,0,0,1190,1190,1190,0,0,1190,0,0
0,0,0,0,0,0,0,0,0,0,1157,0,0,0,0,0,0,0,1157,0,0,0,0,0,0,0,0,0,0,0,1157,1157,1157,21,21,1157,0,0
0,0,0,0,0,0,0,0,0,0,1050,0,0,0,0,0,0,0,1050,0,0,0,0,0,0,0,0,0,0,0,1050,1050,1050,0,0,1050,0,0
0,0,0,0,0,0,0,0,0,0,1013,0,0,0,0,0,0,0,1013,0,0,0,0,0,0,0,0,0,0,0,1013,1013,1013,36,36,1013,0,0
0,0,0,0,0,0,0,0,0,0,1072,0,0,0,0,0,0,0,1072,0,0,0,0,0,0,0,0,0,0,0,1072,1072,1072,26,26,1072,0,0
0,0,0,0,0,0,0,0,0,0,1003,0,0,0,0,0,0,0,1003,0,0,0,0,0,0,0,0,0,0,0,1003,1003,1003,36,36,1003,0,0
0,0,0,0,0,0,0,0,0,0,938,0,0,0,0,0,0,0,938,0,0,0,0,0,0,0,0,0,0,0,938,938,938,0,0,938,0,0
0,0,0,0,0,0,0,0,0,0,891,0,0,0,0,0,0,0,891,0,0,0,0,0,0,0,0,0,0,0,891,891,891,29,29,891,0,0
0,0,0,0,0,0,0,0,0,0,928,0,0,0,0,0,0,0,928,0,0,0,0,0,0,0,0,0,0,0,928,928,928,24,24,928,0,0
0,0,0,0,0,0,0,0,0,0,944,0,0,0,0,0,0,0,944,0,0,0,0,0,0,0,0,0,0,0,944,944,944,0,0,944,0,0
0,0,0,0,0,0,0,0,0,0,922,0,0,0,0,0,0,0,922,0,0,0,0,0,0,0,0,0,0,0,922,922,922,20,20,922,0,0
0,0,0,0,0,0,0,0,0,0,867,0,0,0,0,0,0,0,867,0,0,0,0,0,0,0,0,0,0,0,867,867,867,26,26,867,0,0
0,0,0,0,0,0,0,0,0,0,907,0,0,0,0,0,0,0,907,0,0,0,0,0,0,0,0,0,0,0,907,907,907,34,34,907,0,0
0,0,0,0,0,0,0,0,0,0,920,0,0,0,0,0,0,0,920,0,0,0,0,0,0,0,0,0,0,0,920,920,920,25,25,920,0,0
0,0,0,0,0,0,0,0,0,0,929,0,0,0,0,0,0,0,929,0,0,0,0,0,0,0,0,0,0,0,929,929,929,29,29,929,0,0
0,0,0,0,0,0,0,0,0,0,1009,0,0,0,0,0,0,0,1009,0,0,0,0,0,0,0,0,0,0,0,1009,1009,1009,0,0,1009,0,0
0,0,0,0,0,0,0,0,0,0,1009,0,0,0,0,0,0,0,1009,0,0,0,0,0,0,0,0,0,0,0,1009,1009,1009,0,0,1009,0,0
0,0,0,0,0,0,0,0,0,0,922,0,0,0,0,0,0,0,922,0,0,0,0,0,0,0,0,0,0,0,922,922,922,0,0,922,0,0
0,0,0,0,0,0,0,0,0,0,981,0,0,0,0,0,0,0,981,0,0,0,0,0,0,0,0,0,0,0,981,981,981,33,33,981,0,0
0,0,0,0,0,0,0,0,0,0,1018,0,0,0,0,0,0,0,1018,0,0,0,0,0,0,0,0,0,0,0,1018,1018,1018,21,21,1018,0,0
0,0,0,0,0,0,0,0,0,0,829,0,0,0,0,0,0,0,829,0,0,0,0,0,0,0,0,0,0,0,829,829,829,31,31,829,0,0
0,0,0,0,0,0,0,0,0,0,959,0,0,0,0,0,0,0,959,0,0,0,0,0,0,0,0,0,0,0,959,959,959,23,23,959,0,0
0,0,0,0,0,0,0,0,0,0,1003,0,0,0,0,0,0,0,1003,0,0,0,0,0,0,0,0,0,0,0,1003,1003,1003,23,23,1003,0,0
0,0,0,0,0,0,0,0,0,0,960,0,0,0,0,0,0,0,960,0,0,0,0,0,0,0,0,0,0,0,960,960,960,0,0,960,0,0
0,0,0,0,0,0,0,0,0,0,784,0,0,0,0,0,0,0,784,0,0,0,0,0,0,0,0,0,0,0,784,784,784,0,0,784,0,0
0,0,0,0,0,0,0,0,0,0,890,0,0,0,0,0,0,0,890,0,0,0,0,0,0,0,0,0,0,0,890,890,890,28,28,890,0,0
0,0,0,0,0,0,0,0,0,0,714,0,0,0,0,0,0,0,714,0,0,0,0,0,0,0,0,0,0,0,714,714,714,0,0,714,0,0
0,0,0,0,0,0,0,0,0,0,837,0,0,0,0,0,0,0,837,0,0,0,0,0,0,0,0,0,0,0,837,837,837,40,40,837,0,0
0,0,0,0,0,0,0,0,0,0,725,0,0,0,0,0,0,0,725,0,0,0,0,0,0,0,0,0,0,0,725,725,725,46,46,725,0,0
0,0,0,0,0,0,0,0,0,0,705,0,0,0,0,0,0,0,705,0,0,0,0,0,0,0,0,0,0,0,705,705,705,27,27,705,0,0
0,0,0,0,0,0,0,0,0,0,633,0,0,0,0,0,0,0,633,0,0,0,0,0,0,0,0,0,0,0,633,633,633,35,35,633,0,0
0,0,0,0,0,0,0,0,0,0,570,0,0,0,0,0,0,0,570,0,0,0,0,0,0,0,0,0,0,0,570,570,570,34,34,570,0,0
0,0,0,0,0,0,0,0,0,0,525,0,0,0,0,0,0,0,525,0,0,0,0,0,0,0,0,0,0,0,525,525,525,21,21,525,0,0
0,0,0,0,0,0,0,0,0,0,487,0,0,0,0,0,0,0,487,0,0,0,0,0,0,0,0,0,0,0,487,487,487,0,0,487,0,0
0,0,0,0,0,0,0,0,0,0,281,0,0,0,0,0,0,0,281,0,0,0,0,0,0,0,0,0,0,0,281,281,281,28,28,281,0,0
0,0,0,0,0,0,0,0,0,0,442,0,0,0,0,0,0,0,442,0,0,0,0,0,0,0,0,0,0,0,442,442,442,32,32,442,0,0
0,0,0,0,0,0,0,0,0,0,390,0,0,0,0,0,0,0,390,0,0,0,0,0,0,0,0,0,0,0,390,390,390,33,33,390,0,0
0,0,0,0,0,0,0,0,0,0,434,0,0,0,0,0,0,0,434,0,0,0,0,0,0,0,0,0,0,0,434,434,434,39,39,434,0,0
0,0,0,0,0,0,0,0,0,0,338,0,0,0,0,0,0,0,338,0,0,0,0,0,0,0,0,0,0,0,338,338,338,25,25,338,0,0
0,0,0,0,0,0,0,0,0,0,344,0,0,0,0,0,0,0,344,0,0,0,0,0,0,0,0,0,0,0,344,344,344,24,24,344,0,0
0,0,0,0,0,0,0,0,0,0,423,0,0,0,0,0,0,0,423,0,0,0,0,0,0,0,0,0,0,0,423,423,423,37,37,423,0,0
0,0,0,0,0,0,0,0,0,0,392,0,0,0,0,0,0,0,392,0,0,0,0,0,0,0,0,0,0,0,392,392,392,39,39,392,0,0
0,0,0,0,0,0,0,0,0,0,345,0,0,0,0,0,0,0,345,0,0,0,0,0,0,0,0,0,0,0,345,345,345,53,53,345,0,0
0,0,0,0,0,0,0,0,0,0,280,0,0,0,0,0,0,0,280,0,0,0,0,0,0,0,0,0,0,0,280,280,280,38,38,280,0,0
0,0,0,0,0,0,0,0,0,0,309,0,0,0,0,0,0,0,309,0,0,0,0,0,0,0,0,0,0,0,309,309,309,35,35,309,0,0
0,0,0,0,0,0,0,0,0,0,310,0,0,0,0,0,0,0,310,0,0,0,0,0,0,0,0,0,0,0,310,310,310,46,46,310,0,0
0,0,0,0,0,0,0,0,0,0,316,0,0,0,0,0,0,0,316,0,0,0,0,0,0,0,0,0,0,0,316,316,316,48,48,316,0,0
0,0,0,0,0,0,0,0,0,0,315,0,0,0,0,0,0,0,315,0,0,0,0,0,0,0,0,0,0,0,315,315,315,42,42,315,0,0
0,0,0,0,0,0,0,0,0,0,294,0,0,0,0,0,0,0,294,0,0,0,0,0,0,0,0,0,0,0,294,294,294,33,33,294,0,0
0,0,0,0,0,0,0,0,0,0,256,0,0,0,0,0,0,0,256,0,0,0,0,0,0,0,0,0,0,0,256,256,256,0,0,256,0,0
0,0,0,0,0,0,0,0,0,0,208,0,0,0,0,0,0,0,208,0,0,0,0,0,0,0,0,0,0,0,208,208,208,34,34,208,0,0
0,0,0,0,0,0,0,0,0,0,158,0,0,0,0,0,0,0,158,0,0,0,0,0,0,0,0,0,0,0,158,158,158,0,0,158,0,0
0,0,0,0,0,0,0,0,0,0,157,0,0,0,0,0,0,0,157,0,0,0,0,0,0,0,0,0,0,0,157,157,157,0,0,157,0,0
0,0,0,0,0,0,0,0,0,0,124,0,0,0,0,0,0,0,124,0,0,0,0,0,0,0,0,0,0,0,124,124,124,0,0,124,0,0
0,0,0,0,0,0,0,0,0,0,101,0,0,0,0,0,0,0,101,0,0,0,0,0,0,0,0,0,0,0,101,101,101,20,20,101,0,0
0,0,0,0,0,0,0,0,0,0,95,0,0,0,0,0,0,0,95,0,0,0,0,0,0,0,0,0,0,0,95,95,95,0,0,95,0,0
0,0,0,0,0,0,0,0,0,0,67,0,0,0,0,0,0,0,67,0,0,0,0,0,0,0,0,0,0,0,67,67,67,32,32,67,0,0
0,0,0,0,0,0,0,0,0,0,61,0,0,0,0,0,0,0,61,0,0,0,0,0,0,0,0,0,0,0,61,61,61,25,25,61,0,0
0,0,0,0,0,0,0,0,0,0,34,0,0,0,0,0,0,0,34,0,0,0,0,0,0,0,0,0,0,0,34,34,34,0,0,34,0,0
0,0,0,0,0,0,0,0,0,0,50,0,0,0,0,0,0,0,50,0,0,0,0,0,0,0,0,0,0,0,50,50,50,21,21,50,0,0
0,0,0,0,0,0,0,0,0,0,35,0,0,0,0,0,0,0,35,0,0,0,0,0,0,0,0,0,0,0,35,35,35,26,26,35,0,0
0,0,0,0,0,0,0,0,0,0,30,0,0,0,0,0,0,0,30,0,0,0,0,0,0,0,20,0,0,0,30,30,30,0,0,30,22,0
0,0,0,0,0,0,0,0,0,0,0,0,0,0,0,0,0,0,0,0,0,0,0,0,0,0,0,0,0,0,0,0,0,0,0,0,0,0
0,0,0,0,0,0,0,0,0,0,0,0,0,0,0,0,0,0,0,0,0,0,0,0,0,0,0,0,0,0,0,0,0,0,0,0,22,0
0,0,0,0,0,0,0,0,0,0,0,0,0,0,0,0,0,0,0,0,0,0,0,0,0,0,0,0,0,0,0,0,0,0,0,0,0,0
0,0,0,0,0,0,0,0,0,0,0,0,0,0,0,0,0,0,0,0,0,0,0,0,0,0,0,0,0,0,0,0,0,0,0,0,22,0
0,0,0,0,0,0,0,0,0,0,22,0,0,0,0,0,0,0,22,0,0,0,0,0,0,0,0,0,0,0,22,22,22,0,0,22,0,0
0,0,0,0,0,0,0,0,0,0,0,0,0,0,0,0,0,0,0,0,0,0,0,0,0,0,0,0,0,0,0,0,0,0,0,0,24,0
0,0,0,0,0,0,0,0,0,0,0,0,0,0,0,0,0,0,0,0,0,0,0,0,0,0,0,0,0,0,0,0,0,0,0,0,0,0
0,0,0,0,0,0,0,0,0,0,0,0,0,0,0,0,0,0,0,0,0,0,0,0,0,0,0,0,0,0,0,0,0,0,0,0,21,0
0,0,0,0,0,0,0,0,0,0,0,0,0,0,0,0,0,0,0,0,0,0,0,0,0,0,0,0,0,0,0,0,0,0,0,0,0,0
0,0,0,0,0,0,0,0,0,0,0,0,0,0,0,0,0,0,0,0,0,0,0,0,0,0,0,0,0,0,0,0,0,0,0,0,0,0
0,0,0,0,0,0,0,0,0,0,0,0,0,0,0,0,0,0,0,0,0,0,0,0,0,0,0,0,0,0,0,0,0,0,0,0,20,0
0,0,0,0,0,0,0,0,0,0,0,0,0,0,0,0,0,0,0,0,0,0,0,0,0,0,0,0,0,0,0,0,0,0,0,0,27,0
0,0,0,0,0,0,0,0,0,0,0,0,0,0,0,0,0,0,0,0,0,0,0,0,0,0,0,0,0,0,0,0,0,0,0,0,0,0
0,0,0,0,0,0,0,0,0,0,0,0,0,0,0,0,0,0,0,0,0,0,0,0,0,0,0,0,0,0,0,0,0,0,0,0,0,0
0,0,0,0,0,0,0,0,0,0,0,0,0,0,0,0,0,0,0,0,0,0,0,0,0,0,0,0,0,0,0,0,0,0,0,0,0,0
0,0,0,0,0,0,0,0,0,0,0,0,0,0,0,0,0,0,0,0,0,0,0,0,0,0,0,0,0,0,0,0,0,0,0,0,0,0
0,0,0,0,0,0,0,0,0,0,0,0,0,0,0,0,0,0,0,0,0,0,0,0,0,0,0,0,0,0,0,0,0,0,0,0,0,0
0,0,0,0,0,0,0,0,0,0,0,0,0,0,0,0,0,0,0,0,0,0,0,0,0,0,0,0,0,0,0,0,0,0,0,0,0,0
0,0,0,0,0,0,0,0,0,0,0,0,0,0,0,0,0,0,0,0,0,0,0,0,0,0,0,0,0,0,0,0,0,0,0,0,0,0
0,0,0,0,0,0,0,0,0,0,0,0,0,0,0,0,0,0,0,0,0,0,0,0,0,0,0,0,0,0,0,0,0,0,0,0,0,0
0,0,0,0,0,0,0,0,0,0,0,0,0,0,0,0,0,0,0,0,0,0,0,0,0,0,0,0,0,0,0,0,0,0,0,0,0,0
0,0,0,0,0,0,0,0,0,0,0,0,0,0,0,0,0,0,0,0,0,0,0,0,0,0,0,0,0,0,0,0,0,0,0,0,0,0
0,0,0,0,0,0,0,0,0,0,0,0,0,0,0,0,0,0,0,0,0,0,0,0,0,0,0,0,0,0,0,0,0,0,0,0,0,0
0,0,0,0,0,0,0,0,0,0,0,0,0,0,0,0,0,0,0,0,0,0,0,0,0,0,0,0,0,0,0,0,0,0,0,0,0,0
0,0,0,0,0,0,0,0,0,0,0,0,0,0,0,0,0,0,0,0,0,0,0,0,0,0,0,0,0,0,0,0,0,0,0,0,0,0
20,20,0,20,20,20,20,0,20,20,0,20,0,20,20,20,0,0,0,20,20,20,0,0,0,0,0,0,0,0,0,0,0,0,0,0,0,0
0,0,0,0,0,0,0,0,0,0,0,0,0,0,0,0,0,0,0,0,0,0,0,0,0,0,0,0,0,0,0,0,0,0,0,0,0,0
0,0,0,0,0,0,0,0,0,0,0,0,0,0,0,0,0,0,0,0,0,0,0,0,0,0,0,0,0,0,0,0,0,0,0,0,0,0
0,0,0,0,0,0,0,0,0,0,0,0,0,0,0,0,0,0,0,0,0,0,0,0,0,0,0,0,0,0,0,0,0,0,0,0,0,0
0,0,0,0,0,0,0,0,0,0,0,0,0,0,0,0,0,0,0,0,0,0,0,0,0,0,0,0,0,0,0,0,0,0,0,0,0,0
0,0,0,0,0,0,0,0,0,0,0,0,0,0,0,0,0,0,0,0,0,0,0,0,0,0,0,0,0,0,0,0,0,0,0,0,0,0
0,0,0,0,0,0,0,0,0,0,0,0,0,0,0,0,0,0,0,0,0,0,0,0,0,0,22,0,0,0,0,0,0,0,0,0,0,0
0,0,0,0,0,0,0,0,0,0,0,0,0,0,0,0,0,0,0,0,0,0,0,0,0,0,25,0,0,0,0,0,0,0,0,0,0,0
0,0,0,0,0,0,0,0,0,0,0,0,0,0,0,0,0,0,0,0,0,0,0,0,0,0,22,0,0,0,0,0,0,0,0,0,0,0
0,0,0,0,0,0,0,0,0,0,0,0,0,0,0,0,0,0,0,0,0,0,0,0,0,0,0,0,0,0,0,0,0,0,0,0,0,0
0,0,0,0,0,0,0,0,0,0,0,0,0,0,0,0,0,0,0,0,0,0,0,0,0,0,0,0,0,0,0,0,0,0,0,0,0,0
0,0,0,0,0,0,0,0,0,0,0,0,0,0,0,0,0,0,0,0,0,0,0,0,0,0,0,0,0,0,0,0,0,0,0,0,0,0
0,0,0,0,0,0,0,0,0,0,0,0,0,0,0,0,0,0,0,0,0,0,0,0,0,0,0,0,0,0,0,0,0,0,0,0,0,0
0,0,0,0,0,0,0,0,0,0,0,0,0,0,0,0,0,0,0,0,0,0,0,0,0,0,0,0,0,0,0,0,0,0,0,0,0,0
0,0,0,0,0,0,0,0,0,0,0,0,0,0,0,0,0,0,0,0,0,0,0,0,0,0,0,0,0,0,0,0,0,0,0,0,0,0
0,0,0,0,0,0,0,0,0,0,0,0,0,0,0,0,0,0,0,0,0,0,0,0,0,0,20,0,0,0,0,0,0,0,0,0,0,0
0,0,0,0,0,0,0,0,0,0,0,0,0,0,0,0,0,0,0,0,0,0,0,0,0,0,0,0,0,0,0,0,0,0,0,0,0,0
0,0,0,0,0,0,0,0,0,0,0,0,0,0,0,0,0,0,0,0,0,0,0,0,0,0,0,0,0,0,0,0,0,0,0,0,0,0
0,0,0,0,0,0,0,0,0,0,0,0,0,0,0,0,0,0,0,0,0,0,0,0,0,0,0,0,0,0,0,0,0,0,0,0,0,0
0,0,0,0,0,0,0,0,0,0,0,0,0,0,0,0,0,0,0,0,0,0,0,0,0,0,0,0,0,0,0,0,0,0,0,0,0,0
0,0,0,0,0,0,0,0,0,0,0,0,0,0,0,0,0,0,0,0,0,0,0,0,0,0,0,0,0,0,0,0,0,0,0,0,0,0
0,0,0,0,0,0,0,0,0,0,0,0,0,0,0,0,0,0,0,0,0,0,0,0,0,0,0,0,0,0,0,0,0,0,0,0,0,0
0,0,0,0,0,0,0,0,0,0,0,0,0,0,0,0,0,0,0,0,0,0,0,0,0,0,0,0,0,0,0,0,0,0,0,0,0,0
0,0,0,0,0,0,0,0,0,0,0,0,0,0,0,0,0,0,0,0,0,0,0,0,0,0,32,0,0,0,0,0,0,0,0,0,0,0
0,0,0,0,0,0,0,0,0,0,0,0,0,0,0,0,0,0,0,0,0,0,0,0,0,0,28,0,0,0,0,0,0,0,0,0,0,0
0,0,0,0,0,0,0,0,0,0,0,0,0,0,0,0,0,0,0,0,0,0,0,0,0,0,0,0,0,0,0,0,0,0,0,0,0,0
0,0,0,0,0,0,0,0,0,0,0,0,0,0,0,0,0,0,0,0,0,0,0,0,0,0,27,0,0,0,0,0,0,0,0,0,0,0
0,0,0,0,0,0,0,0,0,0,0,0,0,0,0,0,0,0,0,0,0,0,0,0,0,0,0,0,0,0,0,0,0,0,0,0,0,0
0,0,0,0,0,0,0,0,0,0,0,0,0,0,0,0,0,0,0,0,0,0,0,0,0,0,22,0,0,0,0,0,0,0,0,0,0,0
0,0,0,0,0,0,0,0,0,0,0,0,0,0,0,0,0,0,0,0,0,0,0,0,0,0,0,0,0,0,0,0,0,0,0,0,0,0
0,0,0,0,0,0,0,0,0,0,0,0,0,0,0,0,0,0,0,0,0,0,0,0,0,0,32,0,0,0,0,0,0,0,0,0,0,0
0,0,0,0,0,0,0,0,0,0,0,0,0,0,0,0,0,0,0,0,0,0,0,0,0,0,28,0,0,0,0,0,0,0,0,0,0,0
0,0,0,0,0,0,0,0,0,0,0,0,0,0,0,0,0,0,0,0,0,0,0,0,0,0,29,0,0,0,0,0,0,0,0,0,0,0
0,0,0,0,0,0,0,0,0,0,0,0,0,0,0,0,0,0,0,0,0,0,0,0,0,0,21,0,0,0,0,0,0,0,0,0,0,0
0,0,0,0,0,0,0,0,0,0,0,0,0,0,0,0,0,0,0,0,0,0,0,0,0,0,0,0,0,0,0,0,0,0,0,0,0,0
0,0,0,0,0,0,0,0,0,0,0,0,0,0,0,0,0,0,0,0,0,0,0,0,0,0,0,0,0,0,0,0,0,0,0,0,0,0
0,0,0,0,0,0,0,0,0,0,0,0,0,0,0,0,0,0,0,0,0,0,0,0,0,0,24,0,0,0,0,0,0,0,0,0,0,0
0,0,0,0,0,0,0,0,0,0,0,0,0,0,0,0,0,0,0,0,0,0,0,0,0,0,0,0,0,0,0,0,0,0,0,0,0,0
0,0,0,0,0,0,0,0,0,0,0,0,0,0,0,0,0,0,0,0,0,0,0,0,0,0,20,0,0,0,0,0,0,0,0,0,0,0
0,0,0,0,0,0,0,0,0,0,0,0,0,0,0,0,0,0,0,0,0,0,0,0,0,0,0,0,0,0,0,0,0,0,0,0,0,0
0,0,0,0,0,0,0,0,0,0,0,0,0,0,0,0,0,0,0,0,0,0,0,0,0,0,0,0,0,0,0,0,0,0,0,0,0,0
0,0,0,0,0,0,0,0,0,0,0,0,0,0,0,0,0,0,0,0,0,0,0,0,0,0,0,0,0,0,0,0,0,0,0,0,0,0
0,0,0,0,0,0,0,0,0,0,0,0,0,0,0,0,0,0,0,0,0,0,0,0,0,0,0,0,0,0,0,0,0,0,0,0,0,0
0,0,0,0,0,0,0,0,0,0,0,0,0,0,0,0,0,0,0,0,0,0,0,0,0,0,20,0,0,0,0,0,0,0,0,0,0,0
0,0,0,0,0,0,0,0,0,0,0,0,0,0,0,0,0,0,0,0,0,0,0,0,0,0,0,0,0,0,0,0,0,0,0,0,0,0
0,0,0,0,0,0,0,0,0,0,0,0,0,0,0,0,0,0,0,0,0,0,0,0,0,0,0,0,0,0,0,0,0,0,0,0,0,0
0,0,0,0,0,0,0,0,0,0,0,0,0,0,0,0,0,0,0,0,0,0,0,0,0,0,0,0,0,0,0,0,0,0,0,0,0,0
0,0,0,0,0,0,0,0,0,0,0,0,0,0,0,0,0,0,0,0,0,0,0,0,0,0,0,0,0,0,0,0,0,0,0,0,0,0
0,0,0,0,0,0,0,0,0,0,0,0,0,0,0,0,0,0,0,0,0,0,0,0,0,0,0,0,0,0,0,0,0,0,0,0,0,0
0,0,0,0,0,0,0,0,0,0,0,0,0,0,0,0,0,0,0,0,0,0,0,0,0,0,0,0,0,0,0,0,0,0,0,0,0,0
0,0,0,0,0,0,0,0,0,0,0,0,0,0,0,0,0,0,0,0,0,0,0,0,0,0,0,0,0,0,0,0,0,0,0,0,0,0
0,0,0,0,0,0,0,0,0,0,0,0,0,0,0,0,0,0,0,0,0,0,0,0,0,0,0,0,0,0,0,0,0,0,0,0,0,0
0,0,0,0,0,0,0,0,0,0,0,0,0,0,0,0,0,0,0,0,0,0,0,0,0,0,0,0,0,0,0,0,0,0,0,0,0,0
0,0,0,0,0,0,0,0,0,0,0,0,0,0,0,0,0,0,0,0,0,0,0,0,0,0,0,0,0,0,0,0,0,0,0,0,0,0
0,0,0,0,0,0,0,0,0,0,0,0,0,0,0,0,0,0,0,0,0,0,0,0,0,0,0,0,0,0,0,0,0,0,0,0,0,0
0,0,0,0,0,0,0,0,0,0,0,0,0,0,0,0,0,0,0,0,0,0,0,0,0,0,0,0,0,0,0,0,0,0,0,0,0,0
0,0,0,0,0,0,0,0,0,0,0,0,0,0,0,0,0,0,0,0,0,0,0,0,0,0,0,0,0,0,0,0,0,0,0,0,0,0
0,0,0,0,0,0,0,0,0,0,0,0,0,0,0,0,0,0,0,0,0,0,0,0,0,0,0,0,0,0,0,0,0,0,0,0,0,0
0,0,0,0,0,0,0,0,0,0,0,0,0,0,0,0,0,0,0,0,0,0,0,0,0,0,0,0,0,0,0,0,0,0,0,0,0,0
0,0,0,0,0,0,0,0,0,0,0,0,0,0,0,0,0,0,0,0,0,0,0,0,0,0,0,0,0,0,0,0,0,0,0,0,0,0
0,0,0,0,0,0,0,0,0,0,0,0,0,0,0,0,0,0,0,0,0,0,0,0,0,0,0,0,0,0,0,0,0,0,0,0,0,0
0,0,0,0,0,0,0,0,0,0,0,0,0,0,0,0,0,0,0,0,0,0,0,0,0,0,0,0,0,0,0,0,0,0,0,0,0,0
0,0,0,0,0,0,0,0,0,0,0,0,0,0,0,0,0,0,0,0,0,0,0,0,0,0,0,0,0,0,0,0,0,0,0,0,0,0
0,0,0,0,0,0,0,0,0,0,0,0,0,0,0,0,0,0,0,0,0,0,0,0,0,0,0,0,0,0,0,0,0,0,0,0,0,0
0,0,0,0,0,0,0,0,0,0,0,0,0,0,0,0,0,0,0,0,0,0,0,0,0,0,0,0,0,0,0,0,0,0,0,0,0,0
0,0,0,0,0,0,0,0,0,0,0,0,0,0,0,0,0,0,0,0,0,0,0,0,0,0,0,0,0,0,0,0,0,0,0,0,0,0
0,0,0,0,0,0,0,0,0,0,0,0,0,0,0,0,0,0,0,0,0,0,0,0,0,0,0,0,0,0,0,0,0,0,0,0,0,0
0,0,0,0,0,0,0,0,0,0,0,0,0,0,0,0,0,0,0,0,0,0,0,0,0,0,0,0,0,0,0,0,0,0,0,0,0,0
0,0,0,0,0,0,0,0,0,0,0,0,0,0,0,0,0,0,0,0,0,0,0,0,0,0,0,0,0,0,0,0,0,0,0,0,0,0
0,0,0,0,0,0,0,0,0,0,0,0,0,0,0,0,0,0,0,0,0,0,0,0,0,0,0,0,0,0,0,0,0,0,0,0,0,0
0,0,0,0,0,0,0,0,0,0,0,0,0,0,0,0,0,0,0,0,0,0,0,0,0,0,0,0,0,0,0,0,0,0,0,0,0,0
0,0,0,0,0,0,0,0,0,0,0,0,0,0,0,0,0,0,0,0,0,0,0,0,0,0,0,0,0,0,0,0,0,0,0,0,0,0
0,0,0,0,0,0,0,0,0,0,0,0,0,0,0,0,0,0,0,0,0,0,0,0,0,0,0,0,0,0,0,0,0,0,0,0,0,0
0,0,0,0,0,0,0,0,0,0,0,0,0,0,0,0,0,0,0,0,0,0,0,0,0,0,0,0,0,0,0,0,0,0,0,0,0,0
0,0,0,0,0,0,0,0,0,0,0,0,0,0,0,0,0,0,0,0,0,0,0,0,0,0,0,0,0,0,0,0,0,0,0,0,0,0
0,0,0,0,0,0,0,0,0,0,0,0,0,0,0,0,0,0,0,0,0,0,0,0,0,0,0,0,0,0,0,0,0,0,0,0,0,0
0,0,0,0,0,0,0,0,0,0,0,0,0,0,0,0,0,0,0,0,0,0,0,0,0,0,0,0,0,0,0,0,0,0,0,0,0,0
0,0,0,0,0,0,0,0,0,0,0,0,0,0,0,0,0,0,0,0,0,0,0,0,0,0,0,0,0,0,0,0,0,0,0,0,0,0
0,0,0,0,0,0,0,0,0,0,0,0,0,0,0,0,0,0,0,0,0,0,0,0,0,0,0,0,0,0,0,0,0,0,0,0,0,0
0,0,0,0,0,0,0,0,0,0,0,0,0,0,0,0,0,0,0,0,0,0,0,0,0,0,0,0,0,0,0,0,0,0,0,0,0,0
0,0,0,0,0,0,0,0,0,0,0,0,0,0,0,0,0,0,0,0,0,0,0,0,0,0,0,0,0,0,0,0,0,0,0,0,0,0
0,0,0,0,0,0,0,0,0,0,0,0,0,0,0,0,0,0,0,0,0,0,0,0,0,0,0,0,0,0,0,0,0,0,0,0,0,20
0,0,0,0,0,0,0,0,0,0,0,0,0,0,0,0,0,0,0,0,0,0,0,0,0,0,0,0,0,0,0,0,0,0,0,0,0,0
0,0,0,0,0,0,0,0,0,0,0,0,0,0,0,0,0,0,0,0,0,0,0,0,0,0,0,0,0,0,0,0,0,0,0,0,0,0
0,0,0,0,0,0,0,0,0,0,0,0,0,0,0,0,0,0,0,0,0,0,0,0,0,0,0,0,0,0,0,0,0,0,0,0,0,0
0,0,0,0,0,0,0,0,0,0,0,0,0,0,0,0,0,0,0,0,0,0,0,0,0,0,0,0,0,0,0,0,0,0,0,0,0,0
0,0,0,0,0,0,0,0,0,0,0,0,0,0,0,0,0,0,0,0,0,0,0,0,0,0,0,0,0,0,0,0,0,0,0,0,0,24
0,0,0,0,0,0,0,0,0,0,0,0,0,0,0,0,0,0,0,0,0,0,0,0,0,0,0,0,0,0,0,0,0,0,0,0,0,0
0,0,0,0,0,0,0,0,0,0,0,0,0,0,0,0,0,0,0,0,0,0,0,0,0,0,0,0,0,0,0,0,0,0,0,0,0,0
0,0,0,0,0,0,0,0,0,0,0,0,0,0,0,0,0,0,0,0,0,0,0,0,0,0,0,0,0,0,0,0,0,0,0,0,0,0
0,0,0,0,0,0,0,0,0,0,0,0,0,0,0,0,0,0,0,0,0,0,0,0,0,0,0,0,0,0,0,0,0,0,0,0,0,0
0,0,0,0,0,0,0,0,0,0,0,0,0,0,0,0,0,0,0,0,0,0,0,0,0,0,0,0,0,0,0,0,0,0,0,0,0,0
0,0,0,0,0,0,0,0,0,0,0,0,0,0,0,0,0,0,0,0,0,0,0,0,0,0,0,0,0,0,0,0,0,0,0,0,0,0
0,0,0,0,0,0,0,0,0,0,0,0,0,0,0,0,0,0,0,0,0,0,0,0,0,0,0,0,0,0,0,0,0,0,0,0,0,0
0,0,0,0,0,0,0,0,0,0,0,0,0,0,0,0,0,0,0,0,0,0,0,0,0,0,0,0,0,0,0,0,0,0,0,0,0,40
0,0,0,0,0,0,0,0,0,0,0,0,0,0,0,0,0,0,0,0,0,0,0,0,0,0,0,0,0,0,0,0,0,0,0,0,0,24
0,0,0,0,0,0,0,0,0,0,0,0,0,0,0,0,0,0,0,0,0,0,0,0,0,0,0,0,0,0,0,0,0,0,0,0,0,30
0,0,0,0,0,0,0,0,0,0,0,0,0,0,0,0,0,0,0,0,0,0,0,0,0,0,0,0,0,0,0,0,0,0,0,0,0,37
0,0,0,0,0,0,0,0,0,0,0,0,0,0,0,0,0,0,0,0,0,0,0,0,0,0,0,0,0,0,0,0,0,0,0,0,0,31
0,0,0,0,0,0,0,0,0,0,0,0,0,0,0,0,0,0,0,0,0,0,0,0,0,0,0,0,0,0,0,0,0,0,0,0,0,67
0,0,0,0,0,0,0,0,0,0,0,0,0,0,0,0,0,0,0,0,0,0,0,0,0,0,0,0,0,0,0,0,0,0,0,0,0,0
0,0,0,0,0,0,0,0,0,0,0,0,0,0,0,0,0,0,0,0,0,0,0,0,0,0,0,0,0,0,0,0,0,0,0,0,0,0
0,0,0,0,0,0,0,0,0,0,0,0,0,0,0,0,0,0,0,0,0,0,0,0,0,0,0,0,0,0,0,0,0,0,0,0,0,0
0,0,0,0,0,0,0,0,0,0,0,0,0,0,0,0,0,0,0,0,0,0,0,0,0,0,0,0,0,0,0,0,0,0,0,0,0,0
0,0,0,0,0,0,0,0,0,0,0,0,0,0,0,0,0,0,0,0,0,0,0,0,0,0,0,0,0,0,0,0,0,0,0,0,0,0
0,0,0,0,0,0,0,0,0,0,0,0,0,0,0,0,0,0,0,0,0,0,0,0,0,0,0,0,0,0,0,0,0,0,0,0,0,0
0,0,0,0,0,0,0,0,0,0,0,0,0,0,0,0,0,0,0,0,0,0,0,0,0,0,0,0,0,0,0,0,0,0,0,0,0,0
0,0,0,0,0,0,0,0,0,0,0,0,0,0,0,0,0,0,0,0,0,0,0,0,0,0,0,0,0,0,0,0,0,0,0,0,0,0
0,0,0,0,0,0,0,0,0,0,0,0,0,0,0,0,0,0,0,0,0,0,0,0,0,0,0,0,0,0,0,0,0,0,0,0,0,0
0,0,0,0,0,0,0,0,0,0,0,0,0,0,0,0,0,0,0,0,0,0,0,0,0,0,0,0,0,0,0,0,0,0,0,0,0,0
0,0,0,0,0,0,0,0,0,0,0,0,0,0,0,0,0,0,0,0,0,0,0,0,0,0,0,0,0,0,0,0,0,0,0,0,0,0
0,0,0,0,0,0,0,0,0,0,0,0,0,0,0,0,0,0,0,0,0,0,0,0,0,0,0,0,0,0,0,0,0,0,0,0,0,0
0,0,0,0,0,0,0,0,0,0,0,0,0,0,0,0,0,0,0,0,0,0,0,0,0,0,0,0,0,0,0,0,0,0,0,0,0,0
0,0,0,0,0,0,0,0,0,0,0,0,0,0,0,0,0,0,0,0,0,0,0,0,0,0,0,0,0,0,0,0,0,0,0,0,0,0
0,0,0,0,0,0,0,0,0,0,0,0,0,0,0,0,0,0,0,0,0,0,0,0,0,0,0,0,0,0,0,0,0,0,0,0,0,0
0,0,0,0,0,0,0,0,0,0,0,0,0,0,0,0,0,0,0,0,0,0,0,0,0,0,0,0,0,0,0,0,0,0,0,0,0,0
0,0,0,0,0,0,0,0,0,0,0,0,0,0,0,0,0,0,0,0,0,0,0,0,0,0,0,0,0,0,0,0,0,0,0,0,0,0
0,0,0,0,0,0,0,0,0,0,0,0,0,0,0,0,0,0,0,0,0,0,0,0,0,0,0,0,0,0,0,0,0,0,0,0,0,0
0,0,0,0,0,0,0,0,0,0,0,0,0,0,0,0,0,0,0,0,0,0,0,0,0,0,0,0,0,0,0,0,0,0,0,0,0,0
0,0,0,0,0,0,0,0,0,0,0,0,0,0,0,0,0,0,0,0,0,0,0,0,0,0,0,0,0,0,0,0,0,0,0,0,0,0
0,0,0,0,0,0,0,0,0,0,0,0,0,0,0,0,0,0,0,0,0,0,0,0,0,0,0,0,0,0,0,0,0,0,0,0,0,0
0,0,0,0,0,0,0,0,0,0,0,0,0,0,0,0,0,0,0,0,0,0,0,0,0,0,0,0,0,0,0,0,0,0,0,0,0,0
0,0,0,0,0,0,0,0,0,0,0,0,0,0,0,0,0,0,0,0,0,0,0,0,0,0,0,0,0,0,0,0,0,0,0,0,0,0
0,0,0,0,0,0,0,0,0,0,0,0,0,0,0,0,0,0,0,0,0,0,0,0,0,0,0,0,0,0,0,0,0,0,0,0,0,0
0,0,0,0,0,0,0,0,0,0,0,0,0,0,0,0,0,0,0,0,0,0,0,0,0,0,0,0,0,0,0,0,0,0,0,0,0,0
0,0,0,0,0,0,0,0,0,0,0,0,0,0,0,0,0,0,0,0,0,0,0,0,0,0,0,0,0,0,0,0,0,0,0,0,0,0
0,0,0,0,0,0,0,0,0,0,0,0,0,0,0,0,0,0,0,0,0,0,0,0,0,0,0,0,0,0,0,0,0,0,0,0,0,0
0,0,0,0,0,0,0,0,0,0,0,0,0,0,0,0,0,0,0,0,0,0,0,0,0,0,0,0,0,0,0,0,0,0,0,0,0,0
0,0,0,0,0,0,0,0,0,0,0,0,0,0,0,0,0,0,0,0,0,0,0,0,0,0,0,0,0,0,0,0,0,0,0,0,0,0
0,0,0,0,0,0,0,0,0,0,0,0,0,0,0,0,0,0,0,0,0,0,0,0,0,0,0,0,0,0,0,0,0,0,0,0,0,0
0,0,0,0,0,0,0,0,0,0,0,0,0,0,0,0,0,0,0,0,0,0,0,0,0,0,0,0,0,0,0,0,0,0,0,0,0,0
0,0,0,0,0,0,0,0,0,0,0,0,0,0,0,0,0,0,0,0,0,0,0,0,0,0,0,0,0,0,0,0,0,0,0,0,0,0
0,0,0,0,0,0,0,0,0,0,0,0,0,0,0,0,0,0,0,0,0,0,0,0,0,0,0,0,0,0,0,0,0,0,0,0,0,0
0,0,0,0,0,0,0,0,0,0,0,0,0,0,0,0,0,0,0,0,0,0,0,0,0,0,0,0,0,0,0,0,0,0,0,0,0,0
0,0,0,0,0,0,0,0,0,0,0,0,0,0,0,0,0,0,0,0,0,0,0,0,0,0,0,0,0,0,0,0,0,0,0,0,0,0
0,0,0,0,0,0,0,0,0,0,0,0,0,0,0,0,0,0,0,0,0,0,0,0,0,0,0,0,0,0,0,0,0,0,0,0,0,0
0,0,0,0,0,0,0,0,0,0,0,0,0,0,0,0,0,0,0,0,0,0,0,0,0,0,0,0,0,0,0,0,0,0,0,0,0,0
0,0,0,0,0,0,0,0,0,0,0,0,0,0,0,0,0,0,0,0,0,0,0,0,0,0,0,0,0,0,0,0,0,0,0,0,0,0
0,0,0,0,0,0,0,0,0,0,0,0,0,0,0,0,0,0,0,0,0,0,0,0,0,0,0,0,0,0,0,0,0,0,0,0,0,0
0,0,0,0,0,0,0,0,0,0,0,0,0,0,0,0,0,0,0,0,0,0,0,0,0,0,0,0,0,0,0,0,0,0,0,0,0,0
