0,1,2,3,4,5,6,7,8,9,10,11,12,13,14,15,16,17,18,19,20,21,22,23,24,25
0,0,0,0,0,0,0,0,0,0,0,0,0,0,0,0,0,0,0,0,0,0,0,0,0,0
0,0,0,0,0,0,0,0,0,0,0,0,0,0,0,0,0,0,0,0,0,0,0,0,0,0
0,0,0,0,0,0,0,0,0,0,0,0,0,0,0,0,0,0,0,0,0,0,0,0,0,0
0,0,0,0,0,0,0,0,0,0,0,0,0,0,0,0,0,0,0,0,0,0,0,0,0,0
0,0,0,0,0,0,0,0,0,0,0,0,0,0,0,0,0,0,0,0,0,0,0,0,0,0
0,0,0,0,0,0,0,0,0,0,0,0,0,0,0,0,0,0,0,0,0,0,0,0,0,0
0,0,0,0,0,0,0,0,0,0,0,0,0,0,0,0,0,0,0,0,0,0,0,0,0,0
0,0,0,0,0,0,0,0,0,0,0,0,0,0,0,0,0,0,0,0,0,0,0,0,0,0
0,0,0,0,0,0,0,0,0,0,0,0,0,0,0,0,0,0,0,0,0,0,0,0,0,0
0,0,0,0,0,0,0,0,0,0,0,0,0,0,0,0,0,0,0,0,0,0,0,0,0,0
0,0,0,0,0,0,0,0,0,0,0,0,0,0,0,0,0,0,0,0,0,0,0,0,0,0
0,0,0,0,0,0,0,0,0,0,0,0,0,0,0,0,0,0,0,0,0,0,0,0,0,0
0,0,0,0,0,0,0,0,0,0,0,0,0,0,0,0,0,0,0,0,0,0,0,0,0,0
0,0,0,0,0,0,0,0,0,0,0,0,0,0,0,0,0,0,0,0,0,0,0,0,0,0
0,0,0,0,0,0,0,0,0,0,0,0,0,0,0,0,0,0,0,0,0,0,0,0,0,0
0,0,0,0,0,0,0,0,0,0,0,0,0,0,0,0,0,0,0,0,0,0,0,0,0,0
0,0,0,0,0,0,0,0,0,0,0,0,0,0,0,0,0,0,0,0,0,0,0,0,0,0
0,0,0,0,0,0,0,0,0,0,0,0,0,0,0,0,0,0,0,0,0,0,0,0,0,0
0,0,0,0,0,0,0,0,0,0,0,0,0,0,0,0,0,0,0,0,0,0,0,0,0,0
0,0,0,0,0,0,0,0,0,0,0,0,0,0,0,0,0,0,0,0,0,0,0,0,0,0
0,0,0,0,0,0,0,0,0,0,0,0,0,0,0,0,0,0,0,0,0,0,0,0,0,0
0,0,0,0,0,0,0,0,0,0,0,0,0,0,0,0,0,0,0,0,0,0,0,0,0,0
0,0,0,0,0,0,0,0,0,0,0,0,0,0,0,0,0,0,0,0,0,0,0,0,0,0
0,0,0,0,0,0,0,0,0,0,0,0,0,0,0,0,0,0,0,0,0,0,0,0,0,0
0,0,0,0,0,0,0,0,0,0,0,0,0,0,0,0,0,0,0,0,0,0,0,0,0,0
21,0,0,0,0,0,0,0,0,0,0,0,0,0,0,0,0,0,0,0,0,0,0,0,0,0
0,0,0,0,0,0,0,0,0,0,0,0,0,0,0,0,0,0,0,0,0,0,0,0,0,0
33,0,0,0,0,0,0,0,0,0,0,0,0,0,0,0,0,0,0,0,0,0,0,0,0,0
66,0,0,0,0,0,0,0,0,0,0,0,0,0,0,0,0,0,0,0,0,0,0,0,0,0
75,25,0,0,0,0,0,0,0,0,0,0,0,0,0,0,0,0,0,0,0,0,0,0,0,0
78,0,0,0,0,0,0,0,0,0,0,0,0,0,0,0,0,0,0,0,0,0,0,0,0,0
60,0,0,0,0,0,0,0,0,0,0,0,0,0,0,0,0,0,0,0,0,0,0,0,0,0
45,0,0,0,0,0,0,0,0,0,0,0,0,0,0,0,0,0,0,0,0,0,0,0,0,0
30,29,0,0,0,0,0,0,0,0,0,0,0,0,0,0,0,0,0,0,0,0,0,0,0,0
25,28,0,0,0,0,0,0,0,0,0,0,0,0,0,0,0,0,0,0,0,0,0,0,0,0
43,0,20,0,0,0,0,0,0,0,0,0,0,0,0,0,0,0,0,0,0,0,0,0,0,0
102,22,0,0,0,0,0,0,0,0,0,0,0,0,0,0,0,0,0,0,0,0,0,0,0,0
123,0,26,0,0,0,0,0,0,0,0,0,0,0,0,0,0,0,0,0,0,0,0,0,0,0
177,0,28,0,0,0,0,0,0,0,0,0,0,0,0,0,0,0,0,0,0,0,0,0,0,0
154,0,27,0,0,0,0,0,0,0,0,0,0,0,0,0,0,0,0,0,0,0,0,0,0,0
146,28,0,0,0,0,0,0,0,0,0,0,0,0,0,0,0,0,0,0,0,0,0,0,0,0
134,22,0,24,0,0,0,0,0,0,0,0,0,0,0,0,0,0,0,0,0,0,0,0,0,0
65,31,0,40,0,0,0,0,0,0,0,0,0,0,0,0,0,0,0,0,0,0,0,0,0,0
44,33,0,27,0,0,0,0,0,0,0,0,0,0,0,0,0,0,0,0,0,0,0,0,0,0
52,58,0,0,0,0,0,0,0,0,0,0,0,0,0,0,0,0,0,0,0,0,0,0,0,0
30,51,0,0,0,0,0,0,0,0,0,0,0,0,0,0,0,0,0,0,0,0,0,0,0,0
28,70,0,0,0,0,0,0,0,0,0,0,0,0,0,0,0,0,0,0,0,0,0,0,0,0
46,35,0,26,0,0,0,0,0,0,0,0,0,0,0,0,0,0,0,0,0,0,0,0,0,0
63,41,0,26,0,0,0,0,0,0,0,0,0,0,0,0,0,0,0,0,0,0,0,0,0,0
67,45,0,26,0,0,0,0,0,0,0,0,0,0,0,0,0,0,0,0,0,0,0,0,0,0
94,54,0,35,0,0,0,0,0,0,0,0,0,0,0,0,0,0,0,0,0,0,0,0,0,0
93,38,0,35,0,0,0,0,0,0,0,0,0,0,0,0,0,0,0,0,0,0,0,0,0,0
130,46,0,53,0,0,0,0,0,0,0,0,0,0,0,0,0,0,0,0,0,0,0,0,0,0
182,38,0,48,0,0,0,0,0,0,0,0,0,0,0,0,0,0,0,0,0,0,0,0,0,0
158,50,0,29,0,0,0,0,0,0,0,0,0,0,0,0,0,0,0,0,0,0,0,0,0,0
202,51,0,37,0,0,0,0,0,0,0,0,0,0,0,0,0,0,0,0,0,0,0,0,0,0
213,49,32,34,0,0,0,0,0,0,0,0,0,0,0,0,0,0,0,0,0,0,0,0,0,0
266,52,0,60,0,0,0,0,0,0,0,0,0,0,0,0,0,0,0,0,0,0,0,0,0,0
243,62,0,38,0,0,0,0,0,0,0,0,0,0,0,0,0,0,0,0,0,0,0,0,0,0
237,55,0,57,0,0,0,0,0,0,0,0,0,0,0,0,0,0,0,0,0,0,0,0,0,0
212,82,0,66,0,0,0,0,0,0,0,0,0,0,0,0,0,0,0,0,0,0,0,0,0,0
139,116,49,66,0,0,0,0,0,0,0,0,0,0,0,0,0,0,0,0,0,0,0,0,0,0
169,158,25,43,0,0,0,0,0,0,0,0,0,0,0,0,0,0,0,0,0,0,0,0,0,0
133,132,41,37,0,0,0,0,0,0,0,0,0,0,0,0,0,0,0,0,0,0,0,0,0,0
107,94,43,24,0,0,0,0,0,0,0,0,0,0,0,0,0,0,0,0,0,0,0,0,0,0
104,93,57,35,0,0,0,0,0,0,0,0,0,0,0,0,0,0,0,0,0,0,0,0,0,0
132,77,32,23,0,0,0,0,0,0,0,0,0,0,0,0,0,0,0,0,0,0,0,0,0,0
143,96,52,34,36,0,0,0,0,0,0,0,0,0,0,0,0,0,0,0,0,0,0,0,0,0
194,62,45,34,75,0,0,0,0,0,0,0,0,0,0,0,0,0,0,0,0,0,0,0,0,0
157,41,32,36,68,0,0,0,0,0,0,0,0,0,0,0,0,0,0,0,0,0,0,0,0,0
156,43,25,58,62,0,0,0,0,0,0,0,0,0,0,0,0,0,0,0,0,0,0,0,0,0
208,62,37,81,57,0,0,0,0,0,0,0,0,0,0,0,0,0,0,0,0,0,0,0,0,0
136,31,24,60,49,0,0,0,0,0,0,0,0,0,0,0,0,0,0,0,0,0,0,0,0,0
144,64,0,67,27,0,0,0,0,0,0,0,0,0,0,0,0,0,0,0,0,0,0,0,0,0
148,38,28,53,32,0,0,0,0,0,0,0,0,0,0,0,0,0,0,0,0,0,0,0,0,0
134,61,27,73,22,0,0,0,0,0,0,0,0,0,0,0,0,0,0,0,0,0,0,0,0,0
154,61,0,52,21,0,0,0,0,0,0,0,0,0,0,0,0,0,0,0,0,0,0,0,0,0
151,67,0,54,48,0,0,0,0,0,0,0,0,0,0,0,0,0,0,0,0,0,0,0,0,0
186,65,0,31,36,0,0,0,0,0,0,0,0,0,0,0,0,0,0,0,0,0,0,0,0,0
159,86,0,31,31,0,0,0,0,0,0,0,0,0,0,0,0,0,0,0,0,0,0,0,0,0
161,75,0,49,21,0,0,0,0,0,0,0,0,0,0,0,0,0,0,0,0,0,0,0,0,0
102,108,0,25,0,0,0,0,0,0,0,0,0,0,0,0,0,0,0,0,0,0,0,0,0,0
116,79,0,53,0,0,0,0,0,0,0,0,0,0,0,0,0,0,0,0,0,0,0,0,0,0
113,57,0,46,0,0,0,0,0,0,0,0,0,0,0,0,0,0,0,0,0,0,0,0,0,0
102,55,0,57,0,0,0,0,0,0,0,0,0,0,0,0,0,0,0,0,0,0,0,0,0,0
80,30,0,52,0,0,0,0,0,0,0,0,0,0,0,0,0,0,0,0,0,0,0,0,0,0
127,66,0,54,0,0,0,0,0,0,0,0,0,0,0,0,0,0,0,0,0,0,0,0,0,0
133,49,0,68,0,0,0,0,0,0,0,0,0,0,0,0,0,0,0,0,0,0,0,0,0,0
115,35,0,45,0,0,0,0,0,0,0,0,0,0,0,0,0,0,0,0,0,0,0,0,0,0
68,51,0,48,0,0,0,0,0,0,0,0,0,0,0,0,0,0,0,0,0,0,0,0,0,0
72,69,0,60,0,0,0,0,0,0,0,0,0,0,0,0,0,0,0,0,0,0,0,0,0,0
78,75,0,67,78,0,0,0,0,0,0,0,0,0,0,0,0,0,0,0,0,0,0,0,0,0
108,56,0,72,108,0,0,0,0,0,0,0,0,0,0,0,0,0,0,0,0,0,0,0,0,0
99,58,0,64,99,0,0,0,0,0,0,0,0,0,0,0,0,0,0,0,0,0,0,0,0,0
72,54,0,65,72,0,0,0,0,0,0,0,0,0,0,0,0,0,0,0,0,0,0,0,0,0
66,65,0,76,66,0,0,0,0,0,0,0,0,0,0,0,0,0,0,0,0,0,0,0,0,0
52,85,0,68,52,0,0,0,0,0,0,0,0,0,0,0,0,0,0,0,0,0,0,0,0,0
49,77,0,80,49,0,0,0,0,0,0,0,0,0,0,0,0,0,0,0,0,0,0,0,0,0
49,60,0,53,49,0,0,0,0,0,0,0,0,0,0,0,0,0,0,0,0,0,0,0,0,0
48,61,0,43,48,0,0,0,0,0,0,0,0,0,0,0,0,0,0,0,0,0,0,0,0,0
102,66,0,41,102,0,0,0,0,0,0,0,0,0,0,0,0,0,0,0,0,0,0,0,0,0
92,64,0,54,92,0,0,0,0,0,0,0,0,0,0,0,0,0,0,0,0,0,0,0,0,0
67,39,0,42,67,0,0,0,0,0,0,0,0,0,0,0,0,0,0,0,0,0,0,0,0,0
76,50,0,28,76,0,0,0,0,0,0,0,0,0,0,0,0,0,0,0,0,0,0,0,0,0
71,53,0,116,71,28,0,0,0,0,0,0,0,0,0,0,0,0,0,0,0,0,0,0,0,0
68,47,0,28,68,0,0,0,0,0,0,0,0,0,0,0,0,0,0,0,0,0,0,0,0,0
94,56,0,31,94,0,0,0,0,0,0,0,0,0,0,0,0,0,0,0,0,0,0,0,0,0
54,47,0,21,54,0,0,0,0,0,0,0,0,0,0,0,0,0,0,0,0,0,0,0,0,0
102,36,0,114,102,0,0,0,0,0,0,0,0,0,0,0,0,0,0,0,0,0,0,0,0,0
111,21,0,122,111,0,0,0,0,0,0,0,0,0,0,0,0,0,0,0,0,0,0,0,0,0
76,262,0,103,76,0,0,0,0,0,0,0,0,0,0,0,0,0,0,0,0,0,0,0,0,0
98,255,0,93,98,0,0,0,0,0,0,0,0,0,0,0,0,0,0,0,0,0,0,0,0,0
108,290,0,79,108,0,0,0,0,0,0,0,0,0,0,0,0,0,0,0,0,0,0,0,0,0
73,313,0,83,73,0,0,0,0,0,0,0,0,0,0,0,0,0,0,0,0,0,0,0,0,0
85,353,0,69,85,0,0,0,0,0,0,0,0,0,0,0,0,0,0,0,0,0,0,0,0,0
67,376,0,67,67,0,0,0,0,0,0,0,0,0,0,0,0,0,0,0,0,0,0,0,0,0
82,303,0,132,82,0,0,0,0,0,0,0,0,0,0,0,0,0,0,0,0,0,0,0,0,0
158,313,0,134,158,26,0,0,0,0,0,0,0,0,0,0,0,0,0,0,0,0,0,0,0,0
155,252,0,136,155,0,0,0,0,0,0,0,0,0,0,0,0,0,0,0,0,0,0,0,0,0
217,253,0,75,217,0,0,0,0,0,0,0,0,0,0,0,0,0,0,0,0,0,0,0,0,0
259,185,0,66,259,0,0,0,0,0,0,0,0,0,0,0,0,0,0,0,0,0,0,0,0,0
275,153,0,55,275,0,0,0,0,0,0,0,0,0,0,0,0,0,0,0,0,0,0,0,0,0
258,120,0,36,258,0,0,0,0,0,0,0,0,0,0,0,0,0,0,0,0,0,0,0,0,0
253,96,0,35,253,0,0,0,0,0,0,0,0,0,0,0,0,0,0,0,0,0,0,0,0,0
262,79,0,35,262,0,0,0,0,0,0,0,0,0,0,0,0,0,0,0,0,0,0,0,0,0
309,89,0,32,309,0,0,0,0,0,0,0,0,0,0,0,0,0,0,0,0,0,0,0,0,0
316,116,0,41,316,0,0,0,0,0,0,0,0,0,0,0,0,0,0,0,0,0,0,0,0,0
235,159,0,38,235,0,0,0,0,0,0,0,0,0,0,0,0,0,0,0,0,0,0,0,0,0
305,148,0,60,305,0,0,0,0,0,0,0,0,0,0,0,0,0,0,0,0,0,0,0,0,0
387,169,0,57,387,0,0,0,0,0,0,0,0,0,0,0,0,0,0,0,0,0,0,0,0,0
326,218,0,56,326,0,26,0,0,0,0,0,0,0,0,0,0,0,0,0,0,0,0,0,0,0
369,253,0,369,369,0,0,0,0,0,0,0,0,0,0,0,0,0,0,0,0,0,0,0,0,0
470,293,0,470,470,0,29,0,0,0,0,0,0,0,0,0,0,0,0,0,0,0,0,0,0,0
304,371,0,304,304,0,23,0,0,0,0,0,0,0,0,0,0,0,0,0,0,0,0,0,0,0
322,432,0,322,322,0,32,25,27,0,0,0,0,0,0,0,0,0,0,0,0,0,0,0,0,0
491,512,0,491,491,0,46,27,27,0,0,0,0,0,0,0,0,0,0,0,0,0,0,0,0,0
262,476,0,262,262,0,24,20,20,0,0,0,0,0,0,0,0,0,0,0,0,0,0,0,0,0
236,401,0,236,236,0,25,57,57,0,0,0,0,0,0,0,0,0,0,0,0,0,0,0,0,0
442,387,0,442,442,0,20,442,442,0,0,0,0,0,0,0,0,0,0,0,0,0,0,0,0,0
465,346,0,465,465,0,65,465,465,0,0,0,0,0,0,0,0,0,0,0,0,0,0,0,0,0
567,275,0,567,567,0,53,567,567,23,0,0,0,0,0,0,0,0,0,0,0,0,0,0,0,0
579,325,0,579,579,0,0,579,579,0,0,0,0,0,0,0,0,0,0,0,0,0,0,0,0,0
642,376,0,642,642,0,0,642,642,29,0,0,0,0,0,0,0,0,0,0,0,0,0,0,0,0
737,274,0,737,737,0,25,737,737,0,0,0,0,0,0,0,0,0,0,0,0,0,0,0,0,0
556,314,0,556,556,0,0,556,556,21,0,0,0,0,0,0,0,0,0,0,0,0,0,0,0,0
516,344,0,516,516,0,30,516,516,516,0,0,0,0,0,0,0,0,0,0,0,0,0,0,0,0
516,288,0,516,516,0,0,516,516,516,0,0,0,0,0,0,0,0,0,0,0,0,0,0,0,0
671,383,0,671,671,0,0,671,671,671,0,0,0,0,0,0,0,0,0,0,0,0,0,0,0,0
539,437,0,539,539,0,0,539,539,539,0,0,0,0,0,0,0,0,0,0,0,0,0,0,0,0
609,446,0,609,609,21,0,609,609,609,0,0,0,0,0,0,0,0,0,0,0,0,0,0,0,0
903,408,0,903,903,20,0,903,903,903,0,0,0,0,0,0,0,0,0,0,0,0,0,0,0,0
639,376,0,639,639,0,0,639,639,639,0,0,0,0,0,0,0,0,0,0,0,0,0,0,0,0
475,352,0,475,475,0,0,475,475,475,0,0,0,0,0,0,0,0,0,0,0,0,0,0,0,0
682,298,0,682,682,0,0,682,682,682,0,0,0,0,0,0,0,0,0,0,0,0,0,0,0,0
577,251,0,577,577,0,0,577,577,577,0,0,0,0,0,0,0,0,0,0,0,0,0,0,0,0
577,239,0,577,577,0,0,577,577,577,0,0,0,0,0,0,0,0,0,0,0,0,0,0,0,0
510,242,0,510,510,20,0,510,510,510,0,0,0,0,0,0,0,0,0,0,0,0,0,0,0,0
439,206,0,439,439,0,0,439,439,439,0,0,0,0,0,0,0,0,0,0,0,0,0,0,0,0
452,257,0,452,452,0,0,452,452,452,0,0,0,0,0,0,0,0,0,0,0,0,0,0,0,0
414,237,0,414,414,0,0,414,414,414,24,0,0,0,0,0,0,0,0,0,0,0,0,0,0,0
397,238,0,397,397,20,0,397,397,397,41,0,0,0,0,0,0,0,0,0,0,0,0,0,0,0
355,237,0,355,355,0,0,355,355,355,24,0,0,0,0,0,0,0,0,0,0,0,0,0,0,0
420,184,0,420,420,0,0,420,420,420,29,0,0,0,0,0,0,0,0,0,0,0,0,0,0,0
396,171,0,396,396,35,0,396,396,396,0,0,0,0,0,0,0,0,0,0,0,0,0,0,0,0
385,137,0,385,385,20,0,385,385,385,0,0,0,0,0,0,0,0,0,0,0,0,0,0,0,0
289,127,0,289,289,30,0,289,289,289,0,24,0,0,0,0,0,0,0,0,0,0,0,0,0,0
356,99,0,356,356,24,0,356,356,356,0,23,0,0,0,0,0,0,0,0,0,0,0,0,0,0
309,94,0,309,309,0,0,309,309,309,0,31,0,0,0,0,0,0,0,0,0,0,0,0,0,0
294,102,0,294,294,0,0,294,294,294,0,33,0,0,0,0,0,0,0,0,0,0,0,0,0,0
287,110,0,287,287,22,0,287,287,287,0,52,0,0,0,0,0,0,0,0,0,0,0,0,0,0
294,113,0,294,294,0,0,294,294,294,0,47,0,0,0,0,0,0,0,0,0,0,0,0,0,0
242,147,0,242,242,0,0,242,242,242,0,65,0,0,0,0,0,0,0,0,0,0,0,0,0,0
282,142,0,282,282,0,0,282,282,282,0,105,0,0,0,0,0,0,0,0,0,0,0,0,0,0
270,182,25,270,270,0,0,270,270,270,0,130,0,0,0,0,0,0,0,0,0,0,0,0,0,0
279,157,21,279,279,0,0,279,279,279,0,125,0,0,0,0,0,0,0,0,0,0,0,0,0,0
247,144,28,247,247,0,0,247,247,247,0,142,0,0,0,0,0,0,0,0,0,0,0,0,0,0
250,154,25,250,250,0,0,250,250,250,0,175,0,0,0,0,0,0,0,0,0,0,0,0,0,0
194,118,148,194,194,0,0,194,194,194,0,148,0,0,0,0,0,0,0,0,0,0,0,0,0,0
291,71,217,291,291,0,0,291,291,291,0,217,0,0,0,0,0,0,0,0,0,0,0,0,0,0
256,87,229,256,256,0,0,256,256,256,0,229,0,0,0,0,0,0,0,0,0,0,0,0,0,0
213,60,300,213,213,0,0,213,213,213,0,300,20,0,0,0,0,0,0,0,0,0,0,0,0,0
190,47,312,190,190,0,0,190,190,190,0,312,0,0,0,0,0,0,0,0,0,0,0,0,0,0
209,36,582,209,209,0,0,209,209,209,0,582,0,0,0,0,0,0,0,0,0,0,0,0,0,0
225,27,557,225,225,0,0,225,225,225,0,557,31,0,0,0,0,0,0,0,0,0,0,0,0,0
180,0,417,180,180,0,0,180,180,180,0,417,38,0,0,0,0,0,0,0,0,0,0,0,0,0
130,0,557,130,130,0,0,130,130,130,0,557,21,0,0,0,0,0,0,0,0,0,0,0,0,0
109,0,450,109,109,0,27,109,109,109,0,450,40,0,0,0,0,0,0,0,0,0,0,0,0,0
126,0,498,126,126,0,24,126,126,126,0,498,42,0,0,0,0,0,0,0,0,0,0,0,0,0
137,0,534,137,137,0,0,137,137,137,0,534,98,0,0,0,0,0,0,0,0,0,0,0,0,0
114,0,491,114,114,0,0,114,114,114,0,491,100,0,0,0,0,0,0,0,0,0,0,0,0,0
132,0,528,132,132,0,0,132,132,132,0,528,80,0,0,0,0,0,0,0,0,0,0,0,0,0
91,0,498,91,91,0,0,91,91,91,0,498,43,0,0,0,0,0,0,0,0,0,0,0,0,0
75,0,447,75,75,0,0,75,75,75,0,447,78,0,0,0,0,0,0,0,0,0,0,0,0,0
104,0,511,104,104,0,0,104,104,104,0,511,67,0,0,0,0,0,0,0,0,0,0,0,0,0
84,0,492,84,84,0,50,84,84,84,0,492,70,0,0,0,0,0,0,0,0,0,0,0,0,0
95,0,436,95,95,0,68,95,95,95,0,436,73,0,0,0,0,0,0,0,0,0,0,0,0,0
388,0,388,388,388,0,52,388,388,388,0,388,73,0,0,0,0,0,0,0,0,0,0,0,0,0
262,0,262,262,262,0,58,262,262,262,0,262,82,30,0,0,0,0,0,0,0,0,0,0,0,0
314,0,314,314,314,0,70,314,314,314,0,314,64,73,0,0,0,0,0,0,0,0,0,0,0,0
360,0,360,360,360,0,106,360,360,360,0,360,72,36,0,0,0,0,0,0,0,0,0,0,0,0
297,0,297,297,297,0,86,297,297,297,0,297,78,62,0,0,0,0,0,0,0,0,0,0,0,0
281,0,281,281,281,0,92,281,281,281,0,281,83,66,0,0,0,0,0,0,0,0,0,0,0,0
347,0,347,347,347,0,98,347,347,347,0,347,67,53,0,0,0,0,0,0,0,0,0,0,0,0
351,0,351,351,351,0,69,351,351,351,0,351,85,48,0,0,0,0,0,0,0,0,0,0,0,0
345,0,345,345,345,0,68,345,345,345,0,345,67,70,0,0,0,0,0,0,0,0,0,0,0,0
374,0,374,374,374,0,103,374,374,374,0,374,45,20,0,0,0,0,0,0,0,0,0,0,0,0
314,0,314,314,314,0,74,314,314,314,0,314,100,37,0,0,0,0,0,0,0,0,0,0,0,0
404,0,404,404,404,0,98,404,404,404,0,404,59,81,0,0,0,0,0,0,0,0,0,0,0,0
420,0,420,420,420,0,30,420,420,420,0,420,83,66,0,0,0,0,0,0,0,0,0,0,0,0
391,0,391,391,391,0,105,391,391,391,0,391,57,106,0,0,0,0,0,0,0,0,0,0,0,0
486,0,486,486,486,0,32,486,486,486,0,486,54,110,0,0,0,0,0,0,0,0,0,0,0,0
497,0,497,497,497,0,58,497,497,497,0,497,39,192,0,0,0,0,0,0,0,0,0,0,0,0
553,0,553,553,553,0,66,553,553,553,0,553,51,225,0,0,0,0,0,0,0,0,0,0,0,0
509,0,509,509,509,0,50,509,509,509,0,509,51,242,0,0,0,0,0,0,0,0,0,0,0,0
536,0,536,536,536,0,102,536,536,536,0,536,24,260,0,0,0,0,0,0,0,0,0,0,0,0
500,0,500,500,500,0,83,500,500,500,0,500,41,202,0,0,0,0,0,0,0,0,0,0,0,0
404,0,404,404,404,0,66,404,404,404,0,404,164,254,0,0,0,0,0,0,0,0,0,0,0,0
333,0,333,333,333,0,71,333,333,333,0,333,139,283,0,0,0,0,0,0,0,0,0,0,0,0
294,0,294,294,294,0,55,294,294,294,0,294,162,226,24,0,0,0,0,0,0,0,0,0,0,0
297,0,297,297,297,0,82,297,297,297,0,297,233,220,20,0,0,0,0,0,0,0,0,0,0,0
240,0,240,240,240,0,71,240,240,240,0,240,146,200,31,0,0,0,0,0,0,0,0,0,0,0
253,0,253,253,253,0,64,253,253,253,0,253,138,190,53,0,0,0,0,0,0,0,0,0,0,0
277,0,277,277,277,0,53,277,277,277,0,277,144,96,54,0,0,0,0,0,0,0,0,0,0,0
282,0,282,282,282,0,66,282,282,282,0,282,124,110,59,0,0,0,0,0,0,0,0,0,0,0
298,0,298,298,298,0,47,298,298,298,0,298,109,107,50,0,0,0,0,0,0,0,0,0,0,0
285,0,285,285,285,0,86,285,285,285,0,285,83,107,44,0,0,0,0,0,0,0,0,0,0,0
357,0,357,357,357,0,99,357,357,357,0,357,116,171,42,0,0,0,0,0,0,0,0,0,0,0
290,0,290,290,290,0,90,290,290,290,0,290,59,142,20,0,0,0,0,0,0,0,0,0,0,0
212,0,212,212,212,0,98,212,212,212,0,212,66,134,30,0,0,0,0,0,0,0,0,0,0,0
267,0,267,267,267,0,57,267,267,267,0,267,106,121,25,0,0,0,0,0,0,0,0,0,0,0
230,0,230,230,230,0,109,230,230,230,0,230,103,99,0,0,0,0,0,0,0,0,0,0,0,0
243,0,243,243,243,0,81,243,243,243,0,243,153,81,0,0,0,0,0,0,0,0,0,0,0,0
263,0,263,263,263,0,123,263,263,263,0,263,158,79,0,0,0,0,0,0,0,0,0,0,0,0
240,0,240,240,240,0,92,240,240,240,0,240,116,104,0,0,0,0,0,0,0,0,0,0,0,0
263,0,263,263,263,0,92,263,263,263,0,263,139,93,0,0,0,0,0,0,0,0,0,0,0,0
331,0,331,331,331,0,116,331,331,331,0,331,146,99,0,0,0,0,0,0,0,0,0,0,0,0
322,0,322,322,322,0,131,322,322,322,0,322,149,75,0,0,0,0,0,0,0,0,0,0,0,0
330,0,330,330,330,0,103,330,330,330,0,330,136,81,40,0,0,0,0,0,0,0,0,0,0,0
295,0,295,295,295,0,82,295,295,295,0,295,188,56,30,0,0,0,0,0,0,0,0,0,0,0
344,0,344,344,344,0,82,344,344,344,0,344,209,40,47,0,0,0,0,0,0,0,0,0,0,0
387,0,387,387,387,0,99,387,387,387,0,387,219,24,0,0,0,0,0,0,0,0,0,0,0,0
411,0,411,411,411,0,69,411,411,411,0,411,230,64,0,0,0,0,0,0,0,0,0,0,0,0
393,0,393,393,393,0,50,393,393,393,0,393,266,31,30,0,0,0,0,0,0,0,0,0,0,0
410,0,410,410,410,0,59,410,410,410,0,410,227,29,0,0,0,0,0,0,0,0,0,0,0,0
388,0,388,388,388,0,107,388,388,388,0,388,219,25,0,0,0,0,0,0,0,0,0,0,0,0
356,0,356,356,356,0,150,356,356,356,0,356,154,77,0,0,0,0,0,0,0,0,0,0,0,0
321,0,321,321,321,0,154,321,321,321,0,321,111,23,0,0,0,0,0,0,0,0,0,0,0,0
395,0,395,395,395,0,228,395,395,395,0,395,131,21,0,0,0,0,0,0,0,0,0,0,0,0
375,0,375,375,375,0,190,375,375,375,0,375,142,24,27,0,0,0,0,0,0,0,0,0,0,0
434,0,434,434,434,0,171,434,434,434,0,434,122,28,37,0,0,0,0,0,0,0,0,0,0,0
417,0,417,417,417,0,178,417,417,417,0,417,134,22,45,0,0,0,0,0,0,0,0,0,0,0
421,0,421,421,421,0,185,421,421,421,0,421,108,26,30,0,0,0,0,0,0,0,0,0,0,0
407,0,407,407,407,0,150,407,407,407,0,407,105,21,43,0,0,0,0,0,0,0,0,0,0,0
426,0,426,426,426,0,108,426,426,426,0,426,113,20,43,0,0,0,0,0,0,0,0,0,0,0
414,0,414,414,414,0,100,414,414,414,0,414,87,100,31,0,0,0,0,0,0,0,0,0,0,0
498,0,498,498,498,0,86,498,498,498,0,498,60,86,32,0,0,0,0,0,0,0,0,0,0,0
501,0,501,501,501,0,83,501,501,501,0,501,104,83,38,0,0,0,0,0,0,0,0,0,0,0
444,0,444,444,444,0,108,444,444,444,0,444,90,108,24,0,0,0,0,0,0,0,0,0,0,0
398,0,398,398,398,0,95,398,398,398,0,398,93,95,33,0,0,0,0,0,0,0,0,0,0,0
380,0,380,380,380,0,188,380,380,380,0,380,119,188,45,0,0,0,0,0,0,0,0,0,0,0
330,0,330,330,330,0,151,330,330,330,0,330,95,151,29,0,0,0,0,0,0,0,0,0,0,0
288,0,288,288,288,0,194,288,288,288,0,288,138,194,25,0,0,0,0,0,0,0,0,0,0,0
265,0,265,265,265,0,225,265,265,265,0,265,141,225,23,0,0,0,0,0,0,0,0,0,0,0
245,0,245,245,245,0,267,245,245,245,0,245,104,267,27,0,0,0,0,0,0,0,0,0,0,0
178,0,178,178,178,0,281,178,178,178,0,178,120,281,20,0,0,0,0,0,0,0,0,0,0,0
171,0,171,171,171,0,428,171,171,171,0,171,120,428,428,0,0,0,0,0,0,0,0,0,0,0
184,0,184,184,184,0,353,184,184,184,0,184,89,353,353,27,0,0,0,0,0,0,0,0,0,0
106,0,106,106,106,0,351,106,106,106,0,106,117,351,351,0,0,0,0,0,0,0,0,0,0,0
144,0,144,144,144,0,400,144,144,144,0,144,104,400,400,0,0,0,0,0,0,0,0,0,0,0
133,0,133,133,133,0,488,133,133,133,0,133,111,488,488,26,0,0,0,0,0,0,0,0,0,0
125,0,125,125,125,0,561,125,125,125,0,125,77,561,561,0,0,0,0,0,0,0,0,0,0,0
102,22,102,102,102,0,591,102,102,102,0,102,52,591,591,22,0,0,0,0,0,0,0,0,0,0
95,0,95,95,95,0,614,95,95,95,0,95,47,614,614,0,0,0,0,0,0,0,0,0,0,0
87,26,87,87,87,0,576,87,87,87,0,87,51,576,576,26,0,0,0,0,0,0,0,0,0,0
95,564,95,95,95,0,564,95,95,95,0,95,62,564,564,564,0,0,0,0,0,0,0,0,0,0
113,558,113,113,113,0,558,113,113,113,0,113,33,558,558,558,0,0,0,0,0,0,0,0,0,0
205,449,205,205,205,0,449,205,205,205,0,205,58,449,449,449,0,0,0,0,0,0,0,0,0,0
270,406,270,270,270,0,406,270,270,270,0,270,37,406,406,406,0,0,0,0,0,0,0,0,0,0
308,442,308,308,308,0,442,308,308,308,0,308,28,442,442,442,0,0,0,0,0,0,0,0,0,0
260,470,260,260,260,0,470,260,260,260,0,260,24,470,470,470,0,0,0,0,0,0,0,0,0,0
255,449,255,255,255,0,449,255,255,255,0,255,81,449,449,449,0,0,0,0,0,0,0,0,0,0
244,405,244,244,244,0,405,244,244,244,0,244,80,405,405,405,0,0,0,0,0,0,0,0,0,0
321,318,321,321,321,0,318,321,321,321,0,321,71,318,318,318,0,0,0,0,0,0,0,0,0,0
340,364,340,340,340,0,364,340,340,340,0,340,56,364,364,364,31,28,0,0,0,0,0,0,0,0
387,313,387,387,387,0,313,387,387,387,0,387,86,313,313,313,37,30,0,0,0,0,0,0,0,0
382,359,382,382,382,0,359,382,382,382,0,382,79,359,359,359,33,29,0,0,0,0,0,0,0,0
372,424,372,372,372,0,424,372,372,372,0,372,111,424,424,424,37,37,0,0,0,0,0,0,0,0
354,423,354,354,354,0,423,354,354,354,0,354,135,423,423,423,34,34,0,0,0,0,0,0,0,0
419,407,419,419,419,0,407,419,419,419,0,419,152,407,407,407,48,48,0,0,0,0,0,0,0,0
434,385,434,434,434,0,385,434,434,434,0,434,121,385,385,385,45,45,0,0,0,0,0,0,0,0
405,434,405,405,405,0,434,405,405,405,0,405,111,434,434,434,74,74,0,0,0,0,0,0,0,0
381,404,381,381,381,0,404,381,381,381,0,381,183,404,404,404,93,93,0,0,0,0,0,0,0,0
394,411,394,394,394,0,411,394,394,394,0,394,145,411,411,411,78,78,0,0,0,0,0,0,0,0
373,461,373,373,373,0,461,373,373,373,0,373,208,461,461,461,61,61,0,0,0,0,0,0,0,0
347,541,347,347,347,0,541,347,347,347,0,347,168,541,541,541,81,81,0,0,0,0,0,0,0,0
367,470,367,367,367,0,470,367,367,367,0,367,161,470,470,470,74,74,0,0,0,0,0,0,0,0
309,459,309,309,309,0,459,309,309,309,0,309,171,459,459,459,53,53,0,0,0,0,0,0,0,0
230,440,230,230,230,0,440,230,230,230,0,230,150,440,440,440,47,47,0,0,0,0,0,0,0,0
274,487,274,274,274,0,487,274,274,274,0,274,124,487,487,487,85,85,33,0,0,0,0,0,0,0
305,506,305,305,305,0,506,305,305,305,0,305,115,506,506,506,78,78,49,0,0,0,0,0,0,0
292,537,292,292,292,0,537,292,292,292,0,292,115,537,537,537,70,70,42,0,0,0,0,0,0,0
289,559,289,289,289,0,559,289,289,289,0,289,111,559,559,559,79,79,35,0,0,0,0,0,0,0
308,568,308,308,308,0,568,308,308,308,0,308,101,568,568,568,123,123,28,0,0,0,0,0,0,0
261,545,261,261,261,0,545,261,261,261,0,261,105,545,545,545,94,94,42,0,0,0,0,0,0,0
203,528,203,203,203,0,528,203,203,203,0,203,98,528,528,528,80,80,51,0,0,0,0,0,0,0
242,444,242,242,242,0,444,242,242,242,0,242,72,444,444,444,142,142,34,0,0,0,0,0,0,0
312,484,312,312,312,0,484,312,312,312,0,312,98,484,484,484,154,154,27,0,0,0,0,0,0,0
330,418,330,330,330,0,418,330,330,330,0,330,118,418,418,418,146,146,24,0,0,0,0,0,0,0
272,423,272,272,272,0,423,272,272,272,0,272,104,423,423,423,143,143,30,0,0,0,0,0,0,0
280,463,280,280,280,0,463,280,280,280,0,280,120,463,463,463,158,158,37,0,0,0,0,0,0,0
284,455,284,284,284,0,455,284,284,284,0,284,102,455,455,455,117,117,21,0,0,0,0,0,0,0
282,376,282,282,282,0,376,282,282,282,0,282,89,376,376,376,87,87,42,0,0,0,0,0,0,0
264,397,264,264,264,0,397,264,264,264,0,264,54,397,397,397,115,115,38,0,0,0,0,0,0,0
239,385,239,239,239,0,385,239,239,239,0,239,64,385,385,385,189,189,189,0,0,0,0,0,0,0
206,351,206,206,206,0,351,206,206,206,0,206,61,351,351,351,105,105,105,0,0,0,0,0,0,0
241,337,241,241,241,0,337,241,241,241,0,241,67,337,337,337,114,114,114,28,0,0,0,0,0,0
220,342,220,220,220,0,342,220,220,220,0,220,54,342,342,342,98,98,98,30,0,0,0,0,0,0
245,402,245,245,245,0,402,245,245,245,0,245,83,402,402,402,78,78,78,31,0,0,0,0,0,0
235,406,235,235,235,0,406,235,235,235,0,235,67,406,406,406,71,71,71,22,0,0,0,0,0,0
239,369,239,239,239,0,369,239,239,239,0,239,134,369,369,369,53,53,53,27,0,0,0,0,0,0
187,422,187,187,187,0,422,187,187,187,0,187,117,422,422,422,46,46,46,66,0,0,0,0,0,0
228,381,228,228,228,0,381,228,228,228,0,228,64,381,381,381,57,57,57,52,21,48,0,0,0,0
270,374,270,270,270,0,374,270,270,270,0,270,157,374,374,374,49,49,49,44,23,64,0,0,0,0
465,347,465,465,465,0,347,465,465,465,0,465,92,347,347,347,66,66,66,53,21,46,0,0,0,0
272,331,272,272,272,0,331,272,272,272,0,272,78,331,331,331,89,89,89,49,22,44,0,0,0,0
409,290,409,409,409,0,290,409,409,409,0,409,41,290,290,290,74,74,74,32,23,23,0,0,0,0
453,270,453,453,453,0,270,453,453,453,0,453,55,270,270,270,63,63,63,39,25,25,0,0,0,0
452,260,452,452,452,0,260,452,452,452,0,452,49,260,260,260,46,46,46,43,24,24,0,0,0,0
421,263,421,421,421,0,263,421,421,421,0,421,70,263,263,263,32,32,32,26,34,34,0,0,0,0
441,285,441,441,441,0,285,441,441,441,0,441,66,285,285,285,25,25,25,30,32,32,0,0,0,0
512,347,512,512,512,0,347,512,512,512,0,512,80,347,347,347,27,27,27,26,27,27,0,0,0,0
567,209,567,567,567,0,209,567,567,567,0,567,68,209,209,209,32,32,32,39,25,25,0,0,0,0
585,237,585,585,585,0,237,585,585,585,0,585,54,237,237,237,33,33,33,24,24,24,0,0,0,0
526,182,526,526,526,0,182,526,526,526,0,526,63,182,182,182,57,57,57,26,32,32,0,0,0,0
530,147,530,530,530,0,147,530,530,530,0,530,75,147,147,147,45,45,45,20,60,60,0,0,0,0
523,140,523,523,523,0,140,523,523,523,0,523,47,140,140,140,84,84,84,34,86,86,0,0,0,0
540,151,540,540,540,0,151,540,540,540,0,540,66,151,151,151,95,95,95,31,82,82,0,0,0,0
498,139,498,498,498,0,139,498,498,498,0,498,57,139,139,139,68,68,68,68,61,61,0,0,0,0
507,233,507,507,507,0,233,507,507,507,0,507,54,233,233,233,97,97,97,97,57,57,0,0,0,0
456,205,456,456,456,0,205,456,456,456,0,456,42,205,205,205,93,93,93,93,28,28,0,0,0,0
440,221,440,440,440,0,221,440,440,440,0,440,44,221,221,221,100,100,100,100,221,221,0,0,0,0
495,154,495,495,495,0,154,495,495,495,0,495,44,154,154,154,113,113,113,113,154,154,0,0,0,0
416,123,416,416,416,0,123,416,416,416,0,416,42,123,123,123,107,107,107,107,123,123,0,0,0,0
545,179,545,545,545,0,179,545,545,545,0,545,27,179,179,179,123,123,123,123,179,179,0,0,0,0
550,69,550,550,550,0,69,550,550,550,0,550,33,69,69,69,125,125,125,125,69,69,0,0,0,0
512,82,512,512,512,0,82,512,512,512,0,512,33,82,82,82,113,113,113,113,82,82,0,0,0,0
434,58,434,434,434,0,58,434,434,434,0,434,44,58,58,58,106,106,106,106,58,58,0,0,0,0
569,194,569,569,569,0,194,569,569,569,0,569,27,194,194,194,188,188,188,188,194,194,0,0,0,0
452,243,452,452,452,0,243,452,452,452,0,452,45,243,243,243,134,134,134,134,243,243,0,0,0,0
540,261,540,540,540,0,261,540,540,540,0,540,35,261,261,261,112,112,112,112,261,261,0,0,0,0
518,234,518,518,518,0,234,518,518,518,0,518,0,234,234,234,114,114,114,114,234,234,0,0,0,0
440,120,440,440,440,0,120,440,440,440,0,440,72,120,120,120,111,111,111,111,120,120,0,0,0,0
523,139,523,523,523,0,139,523,523,523,0,523,523,139,139,139,92,92,92,92,139,139,0,0,0,0
492,170,492,492,492,0,170,492,492,492,0,492,492,170,170,170,69,69,69,69,170,170,0,0,0,0
391,223,391,391,391,0,223,391,391,391,0,391,391,223,223,223,80,80,80,80,223,223,0,0,0,0
451,205,451,451,451,0,205,451,451,451,0,451,451,205,205,205,57,57,57,57,205,205,32,0,0,0
379,168,379,379,379,0,168,379,379,379,0,379,379,168,168,168,56,56,56,56,168,168,31,0,0,0
441,144,441,441,441,0,144,441,441,441,0,441,441,144,144,144,53,53,53,53,144,144,0,0,0,0
390,167,390,390,390,0,167,390,390,390,0,390,390,167,167,167,80,80,80,80,167,167,42,0,0,0
366,186,366,366,366,0,186,366,366,366,0,366,366,186,186,186,56,56,56,56,186,186,35,0,0,0
365,244,365,365,365,0,244,365,365,365,0,365,365,244,244,244,79,79,79,79,244,244,55,0,0,0
364,205,364,364,364,0,205,364,364,364,0,364,364,205,205,205,58,58,58,58,205,205,40,0,0,0
341,169,341,341,341,0,169,341,341,341,0,341,341,169,169,169,65,65,65,65,169,169,57,0,0,0
287,188,287,287,287,0,188,287,287,287,0,287,287,188,188,188,79,79,79,79,188,188,53,0,0,0
388,124,388,388,388,0,124,388,388,388,0,388,388,124,124,124,48,48,48,48,124,124,68,0,0,0
329,143,329,329,329,0,143,329,329,329,0,329,329,143,143,143,53,53,53,53,143,143,57,0,0,0
346,144,346,346,346,0,144,346,346,346,0,346,346,144,144,144,61,61,61,61,144,144,74,0,0,0
401,114,401,401,401,0,114,401,401,401,0,401,401,114,114,114,62,62,62,62,114,114,59,0,0,0
402,113,402,402,402,0,113,402,402,402,0,402,402,113,113,113,75,75,75,75,113,113,59,72,0,0
398,106,398,398,398,0,106,398,398,398,0,398,398,106,106,106,86,86,86,86,106,106,37,81,0,0
364,87,364,364,364,0,87,364,364,364,0,364,364,87,87,87,63,63,63,63,87,87,43,78,0,0
346,96,346,346,346,0,96,346,346,346,0,346,346,96,96,96,51,51,51,51,96,96,43,75,0,0
364,72,364,364,364,0,72,364,364,364,0,364,364,72,72,72,56,56,56,56,72,72,28,79,0,0
430,72,430,430,430,0,72,430,430,430,0,430,430,72,72,72,63,63,63,63,72,72,20,51,0,0
453,58,453,453,453,0,58,453,453,453,0,453,453,58,58,58,94,94,94,94,58,58,28,37,0,0
506,73,506,506,506,0,73,506,506,506,0,506,506,73,73,73,94,94,94,94,73,73,35,63,0,0
411,38,411,411,411,0,38,411,411,411,0,411,411,38,38,38,103,103,103,103,38,38,36,35,0,0
453,31,453,453,453,0,31,453,453,453,0,453,453,31,31,31,111,111,111,111,31,31,39,24,0,0
488,0,488,488,488,0,0,488,488,488,0,488,488,0,0,0,70,70,70,70,0,0,35,52,0,0
561,0,561,561,561,0,0,561,561,561,0,561,561,0,0,0,78,78,78,78,0,0,21,24,0,0
546,0,546,546,546,0,0,546,546,546,0,546,546,0,0,0,58,58,58,58,0,0,28,0,0,0
424,0,424,424,424,0,0,424,424,424,0,424,424,0,0,0,82,82,82,82,0,0,34,0,0,0
405,0,405,405,405,0,0,405,405,405,0,405,405,0,0,0,41,41,41,41,0,0,26,0,0,0
402,0,402,402,402,0,0,402,402,402,0,402,402,0,0,0,48,48,48,48,0,0,48,0,0,0
441,0,441,441,441,0,0,441,441,441,0,441,441,0,0,0,53,53,53,53,0,0,53,0,0,0
455,0,455,455,455,0,0,455,455,455,0,455,455,0,0,0,59,59,59,59,0,0,59,32,0,0
432,0,432,432,432,0,0,432,432,432,0,432,432,0,0,0,65,65,65,65,0,0,65,22,0,0
454,0,454,454,454,0,0,454,454,454,0,454,454,0,0,0,67,67,67,67,0,0,67,24,0,0
447,20,447,447,447,0,20,447,447,447,0,447,447,20,20,20,35,35,35,35,20,20,35,23,0,0
370,370,370,370,370,0,370,370,370,370,0,370,370,370,370,370,31,31,31,31,370,370,31,20,0,0
364,364,364,364,364,0,364,364,364,364,0,364,364,364,364,364,0,0,0,0,364,364,0,28,0,0
354,354,354,354,354,0,354,354,354,354,0,354,354,354,354,354,0,0,0,0,354,354,0,0,0,0
350,350,350,350,350,0,350,350,350,350,0,350,350,350,350,350,0,0,0,0,350,350,0,0,0,0
362,362,362,362,362,0,362,362,362,362,0,362,362,362,362,362,0,0,0,0,362,362,0,0,0,0
397,397,397,397,397,0,397,397,397,397,0,397,397,397,397,397,0,0,0,0,397,397,0,23,0,0
435,435,435,435,435,0,435,435,435,435,0,435,435,435,435,435,0,0,0,0,435,435,0,0,0,0
498,498,498,498,498,0,498,498,498,498,0,498,498,498,498,498,0,0,0,0,498,498,0,0,0,0
437,437,437,437,437,0,437,437,437,437,0,437,437,437,437,437,0,0,0,0,437,437,0,0,0,0
524,524,524,524,524,0,524,524,524,524,0,524,524,524,524,524,0,0,0,0,524,524,0,0,0,0
440,440,440,440,440,0,440,440,440,440,0,440,440,440,440,440,0,0,0,0,440,440,0,20,0,0
451,451,451,451,451,0,451,451,451,451,0,451,451,451,451,451,0,0,0,0,451,451,0,0,0,0
435,435,435,435,435,0,435,435,435,435,0,435,435,435,435,435,0,0,0,0,435,435,0,0,0,0
471,471,471,471,471,0,471,471,471,471,0,471,471,471,471,471,0,0,0,0,471,471,0,0,0,0
528,528,528,528,528,0,528,528,528,528,0,528,528,528,528,528,0,0,0,0,528,528,0,0,0,0
558,558,558,558,558,0,558,558,558,558,0,558,558,558,558,558,0,0,0,0,558,558,0,0,0,0
577,577,577,577,577,0,577,577,577,577,0,577,577,577,577,577,0,0,0,0,577,577,0,0,0,0
526,526,526,526,526,0,526,526,526,526,0,526,526,526,526,526,24,24,24,24,526,526,24,0,0,0
527,527,527,527,527,0,527,527,527,527,0,527,527,527,527,527,0,0,0,0,527,527,0,0,0,0
458,458,458,458,458,0,458,458,458,458,0,458,458,458,458,458,0,0,0,0,458,458,0,0,0,0
535,535,535,535,535,0,535,535,535,535,0,535,535,535,535,535,35,35,35,35,535,535,35,0,0,0
538,538,538,538,538,0,538,538,538,538,0,538,538,538,538,538,30,30,30,30,538,538,30,0,20,0
553,553,553,553,553,0,553,553,553,553,0,553,553,553,553,553,38,38,38,38,553,553,38,0,23,0
542,542,542,542,542,0,542,542,542,542,0,542,542,542,542,542,35,35,35,35,542,542,35,0,27,0
599,599,599,599,599,0,599,599,599,599,0,599,599,599,599,599,32,32,32,32,599,599,32,0,0,0
626,626,626,626,626,0,626,626,626,626,0,626,626,626,626,626,46,46,46,46,626,626,46,0,0,0
653,653,653,653,653,0,653,653,653,653,0,653,653,653,653,653,25,25,25,25,653,653,25,0,0,0
594,594,594,594,594,0,594,594,594,594,0,594,594,594,594,594,0,0,0,0,594,594,0,0,0,0
508,508,508,508,508,0,508,508,508,508,0,508,508,508,508,508,0,0,0,0,508,508,0,0,20,0
504,504,504,504,504,0,504,504,504,504,0,504,504,504,504,504,0,0,0,0,504,504,0,0,0,0
488,488,488,488,488,0,488,488,488,488,0,488,488,488,488,488,0,0,0,0,488,488,0,0,21,0
473,473,473,473,473,0,473,473,473,473,0,473,473,473,473,473,0,0,0,0,473,473,0,0,31,0
445,445,445,445,445,0,445,445,445,445,0,445,445,445,445,445,0,0,0,0,445,445,0,0,0,0
499,499,499,499,499,0,499,499,499,499,0,499,499,499,499,499,0,0,0,0,499,499,0,0,24,0
445,445,445,445,445,0,445,445,445,445,0,445,445,445,445,445,0,0,0,0,445,445,0,0,24,0
408,408,408,408,408,0,408,408,408,408,0,408,408,408,408,408,0,0,0,0,408,408,0,0,0,0
414,414,414,414,414,0,414,414,414,414,0,414,414,414,414,414,0,0,0,0,414,414,0,0,0,0
376,376,376,376,376,0,376,376,376,376,0,376,376,376,376,376,0,0,0,0,376,376,0,0,0,0
335,335,335,335,335,0,335,335,335,335,0,335,335,335,335,335,0,0,0,0,335,335,0,0,35,0
345,345,345,345,345,0,345,345,345,345,0,345,345,345,345,345,0,0,0,0,345,345,0,0,28,0
328,328,328,328,328,0,328,328,328,328,0,328,328,328,328,328,0,0,0,0,328,328,0,0,0,0
318,318,318,318,318,0,318,318,318,318,0,318,318,318,318,318,0,0,0,0,318,318,0,0,0,0
311,311,311,311,311,0,311,311,311,311,0,311,311,311,311,311,0,0,0,0,311,311,0,0,0,0
312,312,312,312,312,0,312,312,312,312,0,312,312,312,312,312,0,0,0,0,312,312,0,0,0,0
277,277,277,277,277,0,277,277,277,277,0,277,277,277,277,277,0,0,0,0,277,277,0,0,0,0
280,280,280,280,280,0,280,280,280,280,0,280,280,280,280,280,0,0,0,0,280,280,0,0,33,0
333,333,333,333,333,0,333,333,333,333,0,333,333,333,333,333,0,0,0,0,333,333,0,0,27,0
241,241,241,241,241,0,241,241,241,241,0,241,241,241,241,241,0,0,0,0,241,241,0,0,28,0
208,208,208,208,208,0,208,208,208,208,0,208,208,208,208,208,0,0,0,0,208,208,0,0,40,0
192,192,192,192,192,0,192,192,192,192,0,192,192,192,192,192,0,0,0,0,192,192,0,0,39,0
152,152,152,152,152,0,152,152,152,152,0,152,152,152,152,152,0,0,0,0,152,152,0,0,31,0
127,127,127,127,127,0,127,127,127,127,0,127,127,127,127,127,0,0,0,0,127,127,0,0,60,0
205,205,205,205,205,0,205,205,205,205,0,205,205,205,205,205,0,0,0,0,205,205,0,0,87,0
193,193,193,193,193,0,193,193,193,193,0,193,193,193,193,193,0,0,0,0,193,193,0,0,68,0
207,207,207,207,207,0,207,207,207,207,0,207,207,207,207,207,0,0,0,0,207,207,0,0,55,0
150,150,150,150,150,0,150,150,150,150,0,150,150,150,150,150,0,0,0,0,150,150,0,0,105,0
122,122,122,122,122,0,122,122,122,122,0,122,122,122,122,122,0,0,0,0,122,122,0,0,117,0
282,282,282,282,282,0,282,282,282,282,0,282,282,282,282,282,0,0,0,0,282,282,0,0,282,0
120,120,120,120,120,0,120,120,120,120,0,120,120,120,120,120,0,0,0,0,120,120,0,0,120,0
200,200,200,200,200,0,200,200,200,200,0,200,200,200,200,200,0,0,0,0,200,200,0,0,200,0
134,134,134,134,134,0,134,134,134,134,0,134,134,134,134,134,0,0,0,0,134,134,0,0,134,0
121,121,121,121,121,0,121,121,121,121,0,121,121,121,121,121,0,0,0,0,121,121,0,0,121,0
95,95,95,95,95,0,95,95,95,95,0,95,95,95,95,95,0,0,0,0,95,95,0,0,95,0
144,144,144,144,144,0,144,144,144,144,0,144,144,144,144,144,0,0,0,0,144,144,0,0,144,0
143,143,143,143,143,0,143,143,143,143,0,143,143,143,143,143,0,0,0,0,143,143,0,0,143,0
233,233,233,233,233,0,233,233,233,233,0,233,233,233,233,233,0,0,0,0,233,233,0,0,233,0
270,270,270,270,270,0,270,270,270,270,0,270,270,270,270,270,0,0,0,0,270,270,0,0,270,0
187,187,187,187,187,0,187,187,187,187,0,187,187,187,187,187,0,0,0,0,187,187,0,0,187,0
276,276,276,276,276,0,276,276,276,276,0,276,276,276,276,276,0,0,0,0,276,276,0,0,276,0
249,249,249,249,249,0,249,249,249,249,0,249,249,249,249,249,0,0,0,0,249,249,0,0,249,0
135,135,135,135,135,0,135,135,135,135,0,135,135,135,135,135,0,0,0,0,135,135,0,0,135,0
144,144,144,144,144,0,144,144,144,144,0,144,144,144,144,144,0,0,0,0,144,144,0,0,144,0
124,124,124,124,124,0,124,124,124,124,0,124,124,124,124,124,0,0,0,0,124,124,0,0,124,0
150,150,150,150,150,0,150,150,150,150,0,150,150,150,150,150,0,0,0,0,150,150,0,0,150,0
135,135,135,135,135,0,135,135,135,135,0,135,135,135,135,135,0,0,0,0,135,135,0,0,135,0
119,119,119,119,119,0,119,119,119,119,0,119,119,119,119,119,0,0,0,0,119,119,0,0,119,0
168,168,168,168,168,0,168,168,168,168,0,168,168,168,168,168,0,0,0,0,168,168,0,0,168,0
190,190,190,190,190,0,190,190,190,190,0,190,190,190,190,190,0,0,0,0,190,190,0,0,190,0
182,182,182,182,182,0,182,182,182,182,0,182,182,182,182,182,0,0,0,0,182,182,0,0,182,0
180,180,180,180,180,0,180,180,180,180,0,180,180,180,180,180,0,0,0,0,180,180,0,0,180,0
128,128,128,128,128,0,128,128,128,128,0,128,128,128,128,128,0,0,0,0,128,128,0,0,128,0
163,163,163,163,163,0,163,163,163,163,0,163,163,163,163,163,0,0,0,0,163,163,0,0,163,0
133,133,133,133,133,0,133,133,133,133,0,133,133,133,133,133,0,0,0,0,133,133,0,0,133,0
133,133,133,133,133,0,133,133,133,133,0,133,133,133,133,133,0,0,0,0,133,133,0,0,133,0
147,147,147,147,147,0,147,147,147,147,0,147,147,147,147,147,0,0,0,0,147,147,0,0,147,0
148,148,148,148,148,0,148,148,148,148,0,148,148,148,148,148,0,0,0,0,148,148,0,0,148,0
102,102,102,102,102,0,102,102,102,102,0,102,102,102,102,102,0,0,0,0,102,102,0,0,102,0
99,99,99,99,99,0,99,99,99,99,0,99,99,99,99,99,0,0,0,0,99,99,0,0,99,0
76,76,76,76,76,0,76,76,76,76,0,76,76,76,76,76,0,0,0,0,76,76,0,0,76,0
85,85,85,85,85,0,85,85,85,85,0,85,85,85,85,85,0,0,0,0,85,85,0,0,85,0
122,122,122,122,122,0,122,122,122,122,0,122,122,122,122,122,0,0,0,0,122,122,0,0,122,0
138,138,138,138,138,0,138,138,138,138,0,138,138,138,138,138,0,0,0,0,138,138,0,0,138,0
171,171,171,171,171,0,171,171,171,171,0,171,171,171,171,171,0,0,0,0,171,171,0,0,171,0
128,128,128,128,128,0,128,128,128,128,0,128,128,128,128,128,0,0,0,0,128,128,0,0,128,0
140,140,140,140,140,0,140,140,140,140,0,140,140,140,140,140,0,0,0,0,140,140,0,0,140,0
106,106,106,106,106,0,106,106,106,106,0,106,106,106,106,106,0,0,0,0,106,106,0,0,106,0
127,127,127,127,127,0,127,127,127,127,0,127,127,127,127,127,0,0,0,0,127,127,0,0,127,0
106,106,106,106,106,0,106,106,106,106,0,106,106,106,106,106,0,0,0,0,106,106,0,0,106,0
126,126,126,126,126,0,126,126,126,126,0,126,126,126,126,126,0,0,0,0,126,126,0,0,126,0
100,100,100,100,100,0,100,100,100,100,0,100,100,100,100,100,0,0,0,0,100,100,0,0,100,0
80,80,80,80,80,0,80,80,80,80,0,80,80,80,80,80,0,0,0,0,80,80,0,0,80,0
64,64,64,64,64,0,64,64,64,64,0,64,64,64,64,64,0,0,0,0,64,64,0,0,64,0
72,72,72,72,72,0,72,72,72,72,0,72,72,72,72,72,0,0,0,0,72,72,0,0,72,0
35,35,35,35,35,0,35,35,35,35,0,35,35,35,35,35,0,0,0,0,35,35,0,0,35,0
61,61,61,61,61,0,61,61,61,61,0,61,61,61,61,61,0,0,0,0,61,61,0,0,61,0
32,32,32,32,32,0,32,32,32,32,0,32,32,32,32,32,0,0,0,0,32,32,0,0,32,0
32,32,32,32,32,0,32,32,32,32,0,32,32,32,32,32,0,0,0,0,32,32,0,0,32,0
22,22,22,22,22,0,22,22,22,22,0,22,22,22,22,22,0,0,0,0,22,22,0,0,22,0
27,27,27,27,27,0,27,27,27,27,0,27,27,27,27,27,0,0,0,0,27,27,0,0,27,0
0,0,0,0,0,0,0,0,0,0,0,0,0,0,0,0,0,0,0,0,0,0,0,0,0,0
0,0,0,0,0,0,0,0,0,0,0,0,0,0,0,0,0,0,0,0,0,0,0,0,0,0
21,21,21,21,21,0,21,21,21,21,0,21,21,21,21,21,0,0,0,0,21,21,0,0,21,0
29,29,29,29,29,0,29,29,29,29,0,29,29,29,29,29,0,0,0,0,29,29,0,0,29,0
31,31,31,31,31,0,31,31,31,31,0,31,31,31,31,31,0,0,0,0,31,31,0,0,31,0
43,43,43,43,43,0,43,43,43,43,0,43,43,43,43,43,0,0,0,0,43,43,0,0,43,0
20,20,20,20,20,0,20,20,20,20,0,20,20,20,20,20,0,0,0,0,20,20,0,0,20,0
0,0,0,0,0,0,0,0,0,0,0,0,0,0,0,0,0,0,0,0,0,0,0,0,0,0
0,0,0,0,0,0,0,0,0,0,0,0,0,0,0,0,0,0,0,0,0,0,0,0,0,0
0,0,0,0,0,0,0,0,0,0,0,0,0,0,0,0,0,0,0,0,0,0,0,0,0,0
24,24,24,24,24,0,24,24,24,24,0,24,24,24,24,24,0,0,0,0,24,24,0,0,24,0
45,45,45,45,45,0,45,45,45,45,0,45,45,45,45,45,0,0,0,0,45,45,0,0,45,0
26,26,26,26,26,0,26,26,26,26,0,26,26,26,26,26,0,0,0,0,26,26,0,0,26,0
23,23,23,23,23,0,23,23,23,23,0,23,23,23,23,23,0,0,0,0,23,23,0,0,23,0
23,23,23,23,23,0,23,23,23,23,0,23,23,23,23,23,0,0,0,0,23,23,0,0,23,0
26,26,26,26,26,0,26,26,26,26,0,26,26,26,26,26,0,0,0,0,26,26,0,0,26,0
40,40,40,40,40,0,40,40,40,40,0,40,40,40,40,40,0,0,0,0,40,40,0,0,40,0
33,33,33,33,33,0,33,33,33,33,0,33,33,33,33,33,0,0,0,0,33,33,0,0,33,0
34,34,34,34,34,0,34,34,34,34,0,34,34,34,34,34,0,0,0,0,34,34,0,0,34,0
34,34,34,34,34,0,34,34,34,34,0,34,34,34,34,34,0,0,0,0,34,34,0,0,34,0
37,37,37,37,37,0,37,37,37,37,0,37,37,37,37,37,0,0,0,0,37,37,0,0,37,0
33,33,33,33,33,0,33,33,33,33,0,33,33,33,33,33,0,0,0,0,33,33,0,0,33,0
40,40,40,40,40,0,40,40,40,40,0,40,40,40,40,40,0,0,0,0,40,40,0,0,40,0
42,42,42,42,42,0,42,42,42,42,0,42,42,42,42,42,0,0,0,0,42,42,0,0,42,0
58,58,58,58,58,0,58,58,58,58,0,58,58,58,58,58,0,0,0,0,58,58,0,0,58,0
27,27,27,27,27,0,27,27,27,27,0,27,27,27,27,27,0,0,0,0,27,27,0,0,27,0
35,35,35,35,35,0,35,35,35,35,0,35,35,35,35,35,0,0,0,0,35,35,0,0,35,0
0,0,0,0,0,0,0,0,0,0,0,0,0,0,0,0,0,0,0,0,0,0,0,0,0,0
0,0,0,0,0,0,0,0,0,0,0,0,0,0,0,0,0,0,0,0,0,0,0,0,0,0
0,0,0,0,0,0,0,0,0,0,0,0,0,0,0,0,0,0,0,0,0,0,0,0,0,0
0,0,0,0,0,0,0,0,0,0,0,0,0,0,0,0,0,0,0,0,0,0,0,0,0,0
25,25,25,25,25,0,25,25,25,25,0,25,25,25,25,25,0,0,0,0,25,25,0,0,25,0
28,28,28,28,28,0,28,28,28,28,0,28,28,28,28,28,0,0,0,0,28,28,0,0,28,0
0,0,0,0,0,0,0,0,0,0,0,0,0,0,0,0,0,0,0,0,0,0,0,0,0,0
0,0,0,0,0,0,0,0,0,0,0,0,0,0,0,0,0,0,0,0,0,0,0,0,0,0
0,0,0,0,0,0,0,0,0,0,0,0,0,0,0,0,0,0,0,0,0,0,0,0,0,0
0,0,0,0,0,0,0,0,0,0,0,0,0,0,0,0,0,0,0,0,0,0,0,0,0,0
0,0,0,0,0,0,0,0,0,0,0,0,0,0,0,0,0,0,0,0,0,0,0,0,0,0
0,0,0,0,0,0,0,0,0,0,0,0,0,0,0,0,0,0,0,0,0,0,0,0,0,0
0,0,0,0,0,0,0,0,0,0,0,0,0,0,0,0,0,0,0,0,0,0,0,0,0,0
0,0,0,0,0,0,0,0,0,0,0,0,0,0,0,0,0,0,0,0,0,0,0,0,0,0
0,0,0,0,0,0,0,0,0,0,0,0,0,0,0,0,0,0,0,0,0,0,0,0,0,0
0,0,0,0,0,0,0,0,0,0,0,0,0,0,0,0,0,0,0,0,0,0,0,0,0,0
0,0,0,0,0,0,0,0,0,0,0,0,0,0,0,0,0,0,0,0,0,0,0,0,0,0
0,0,0,0,0,0,0,0,0,0,0,0,0,0,0,0,0,0,0,0,0,0,0,0,0,0
0,0,0,0,0,0,0,0,0,0,0,0,0,0,0,0,0,0,0,0,0,0,0,0,0,0
0,0,0,0,0,0,0,0,0,0,0,0,0,0,0,0,0,0,0,0,0,0,0,0,0,0
0,0,0,0,0,0,0,0,0,0,0,0,0,0,0,0,0,0,0,0,0,0,0,0,0,0
0,0,0,0,0,0,0,0,0,0,0,0,0,0,0,0,0,0,0,0,0,0,0,0,0,0
0,0,0,0,0,0,0,0,0,0,0,0,0,0,0,0,0,0,0,0,0,0,0,0,0,0
0,0,0,0,0,0,0,0,0,0,0,0,0,0,0,0,0,0,0,0,0,0,0,0,0,0
22,22,22,22,22,0,22,22,22,22,0,22,22,22,22,22,0,0,0,0,22,22,0,0,22,0
25,25,25,25,25,0,25,25,25,25,0,25,25,25,25,25,0,0,0,0,25,25,0,0,25,0
0,0,0,0,0,0,0,0,0,0,0,0,0,0,0,0,0,0,0,0,0,0,0,0,0,0
0,0,0,0,0,0,0,0,0,0,0,0,0,0,0,0,0,0,0,0,0,0,0,0,0,0
0,0,0,0,0,0,0,0,0,0,0,0,0,0,0,0,0,0,0,0,0,0,0,0,0,0
22,22,22,22,22,0,22,22,22,22,0,22,22,22,22,22,0,0,0,0,22,22,0,0,22,0
23,23,23,23,23,0,23,23,23,23,0,23,23,23,23,23,0,0,0,0,23,23,0,0,23,0
23,23,23,23,23,0,23,23,23,23,0,23,23,23,23,23,0,0,0,0,23,23,0,0,23,0
20,20,20,20,20,0,20,20,20,20,0,20,20,20,20,20,0,0,0,0,20,20,0,0,20,0
0,0,0,0,0,0,0,0,0,0,0,0,0,0,0,0,0,0,0,0,0,0,0,0,0,0
46,46,46,46,46,0,46,46,46,46,0,46,46,46,46,46,0,0,0,0,46,46,0,0,46,0
20,20,20,20,20,0,20,20,20,20,0,20,20,20,20,20,0,0,0,0,20,20,0,0,20,0
24,24,24,24,24,0,24,24,24,24,0,24,24,24,24,24,0,0,0,0,24,24,0,0,24,0
24,24,24,24,24,0,24,24,24,24,0,24,24,24,24,24,0,0,0,0,24,24,0,0,24,0
39,39,39,39,39,0,39,39,39,39,0,39,39,39,39,39,0,0,0,0,39,39,0,0,39,0
0,0,0,0,0,0,0,0,0,0,0,0,0,0,0,0,0,0,0,0,0,0,0,0,0,0
0,0,0,0,0,0,0,0,0,0,0,0,0,0,0,0,0,0,0,0,0,0,0,0,0,0
0,0,0,0,0,0,0,0,0,0,0,0,0,0,0,0,0,0,0,0,0,0,0,0,0,0
0,0,0,0,0,0,0,0,0,0,0,0,0,0,0,0,0,0,0,0,0,0,0,0,0,0
0,0,0,0,0,0,0,0,0,0,0,0,0,0,0,0,0,0,0,0,0,0,0,0,0,0
0,0,0,0,0,0,0,0,0,0,0,0,0,0,0,0,0,0,0,0,0,0,0,0,0,0
24,24,24,24,24,0,24,24,24,24,0,24,24,24,24,24,0,0,0,0,24,24,0,0,24,0
35,35,35,35,35,0,35,35,35,35,0,35,35,35,35,35,0,0,0,0,35,35,0,0,35,0
47,47,47,47,47,0,47,47,47,47,0,47,47,47,47,47,0,0,0,0,47,47,0,0,47,59
49,49,49,49,49,0,49,49,49,49,0,49,49,49,49,49,0,0,0,0,49,49,0,0,49,75
62,62,62,62,62,0,62,62,62,62,0,62,62,62,62,62,0,0,0,0,62,62,0,0,62,29
61,61,61,61,61,0,61,61,61,61,0,61,61,61,61,61,0,0,0,0,61,61,0,0,61,39
57,57,57,57,57,0,57,57,57,57,0,57,57,57,57,57,0,0,0,0,57,57,0,0,57,137
70,70,70,70,70,0,70,70,70,70,0,70,70,70,70,70,0,0,0,0,70,70,0,0,70,133
62,62,62,62,62,0,62,62,62,62,0,62,62,62,62,62,0,0,0,0,62,62,0,0,62,129
60,60,60,60,60,0,60,60,60,60,0,60,60,60,60,60,0,0,0,0,60,60,0,0,60,122
77,77,77,77,77,0,77,77,77,77,0,77,77,77,77,77,0,0,0,0,77,77,0,0,77,169
51,51,51,51,51,0,51,51,51,51,0,51,51,51,51,51,0,0,0,0,51,51,0,0,51,225
37,37,37,37,37,0,37,37,37,37,0,37,37,37,37,37,0,0,0,0,37,37,0,0,37,357
23,23,23,23,23,0,23,23,23,23,0,23,23,23,23,23,0,0,0,0,23,23,0,0,23,258
23,23,23,23,23,0,23,23,23,23,0,23,23,23,23,23,0,0,0,0,23,23,0,0,23,257
23,23,23,23,23,0,23,23,23,23,0,23,23,23,23,23,0,0,0,0,23,23,0,0,23,344
40,40,40,40,40,0,40,40,40,40,0,40,40,40,40,40,0,0,0,0,40,40,0,0,40,251
27,27,27,27,27,0,27,27,27,27,0,27,27,27,27,27,0,0,0,0,27,27,0,0,27,185
172,172,172,172,172,0,172,172,172,172,0,172,172,172,172,172,0,0,0,0,172,172,0,0,172,172
228,228,228,228,228,0,228,228,228,228,0,228,228,228,228,228,0,0,0,0,228,228,0,0,228,228
286,286,286,286,286,0,286,286,286,286,0,286,286,286,286,286,0,0,0,0,286,286,0,0,286,286
325,325,325,325,325,0,325,325,325,325,0,325,325,325,325,325,0,0,0,0,325,325,0,0,325,325
295,295,295,295,295,0,295,295,295,295,0,295,295,295,295,295,0,0,0,0,295,295,0,0,295,295
163,163,163,163,163,0,163,163,163,163,0,163,163,163,163,163,0,0,0,0,163,163,0,0,163,163
205,205,205,205,205,0,205,205,205,205,0,205,205,205,205,205,0,0,0,0,205,205,0,0,205,205
149,149,149,149,149,0,149,149,149,149,0,149,149,149,149,149,0,0,0,0,149,149,0,0,149,149
180,180,180,180,180,0,180,180,180,180,0,180,180,180,180,180,0,0,0,0,180,180,0,0,180,180
187,187,187,187,187,0,187,187,187,187,0,187,187,187,187,187,0,0,0,0,187,187,0,0,187,187
142,142,142,142,142,0,142,142,142,142,0,142,142,142,142,142,0,0,0,0,142,142,0,0,142,142
133,133,133,133,133,0,133,133,133,133,0,133,133,133,133,133,0,0,0,0,133,133,0,0,133,133
173,173,173,173,173,0,173,173,173,173,0,173,173,173,173,173,0,0,0,0,173,173,0,0,173,173
181,181,181,181,181,0,181,181,181,181,0,181,181,181,181,181,0,0,0,0,181,181,0,0,181,181
129,129,129,129,129,0,129,129,129,129,0,129,129,129,129,129,0,0,0,0,129,129,0,0,129,129
114,114,114,114,114,0,114,114,114,114,0,114,114,114,114,114,0,0,0,0,114,114,0,0,114,114
124,124,124,124,124,0,124,124,124,124,0,124,124,124,124,124,0,0,0,0,124,124,0,0,124,124
98,98,98,98,98,0,98,98,98,98,0,98,98,98,98,98,0,0,0,0,98,98,0,0,98,98
108,108,108,108,108,0,108,108,108,108,0,108,108,108,108,108,0,0,0,0,108,108,0,0,108,108
129,129,129,129,129,0,129,129,129,129,0,129,129,129,129,129,0,0,0,0,129,129,0,0,129,129
124,124,124,124,124,0,124,124,124,124,0,124,124,124,124,124,0,0,0,0,124,124,0,0,124,124
115,115,115,115,115,0,115,115,115,115,0,115,115,115,115,115,0,0,0,0,115,115,0,0,115,115
144,144,144,144,144,0,144,144,144,144,0,144,144,144,144,144,0,0,0,0,144,144,0,0,144,144
221,221,221,221,221,0,221,221,221,221,0,221,221,221,221,221,0,0,0,0,221,221,0,0,221,221
226,226,226,226,226,0,226,226,226,226,0,226,226,226,226,226,0,0,0,0,226,226,0,0,226,226
215,215,215,215,215,0,215,215,215,215,0,215,215,215,215,215,0,0,0,0,215,215,0,0,215,215
202,202,202,202,202,0,202,202,202,202,0,202,202,202,202,202,0,0,0,0,202,202,0,0,202,202
179,179,179,179,179,0,179,179,179,179,0,179,179,179,179,179,0,0,0,0,179,179,0,0,179,179
207,207,207,207,207,0,207,207,207,207,0,207,207,207,207,207,0,0,0,0,207,207,0,0,207,207
248,248,248,248,248,0,248,248,248,248,0,248,248,248,248,248,0,0,0,0,248,248,0,0,248,248
309,309,309,309,309,0,309,309,309,309,0,309,309,309,309,309,0,0,0,0,309,309,0,0,309,309
217,217,217,217,217,0,217,217,217,217,0,217,217,217,217,217,0,0,0,0,217,217,0,0,217,217
204,204,204,204,204,0,204,204,204,204,0,204,204,204,204,204,0,0,0,0,204,204,0,0,204,204
179,179,179,179,179,0,179,179,179,179,0,179,179,179,179,179,0,0,0,0,179,179,0,0,179,179
262,262,262,262,262,0,262,262,262,262,0,262,262,262,262,262,0,0,0,0,262,262,0,0,262,262
303,303,303,303,303,0,303,303,303,303,0,303,303,303,303,303,0,0,0,0,303,303,0,0,303,303
271,271,271,271,271,0,271,271,271,271,0,271,271,271,271,271,0,0,0,0,271,271,0,0,271,271
238,238,238,238,238,0,238,238,238,238,0,238,238,238,238,238,0,0,0,0,238,238,0,0,238,238
217,217,217,217,217,0,217,217,217,217,0,217,217,217,217,217,0,0,0,0,217,217,0,0,217,217
153,153,153,153,153,0,153,153,153,153,0,153,153,153,153,153,0,0,0,0,153,153,0,0,153,153
283,283,283,283,283,0,283,283,283,283,0,283,283,283,283,283,0,0,0,0,283,283,0,0,283,283
282,282,282,282,282,0,282,282,282,282,0,282,282,282,282,282,0,0,0,0,282,282,0,0,282,282
335,335,335,335,335,0,335,335,335,335,0,335,335,335,335,335,0,0,0,0,335,335,0,0,335,335
137,137,137,137,137,0,137,137,137,137,0,137,137,137,137,137,0,0,0,0,137,137,0,0,137,137
112,112,112,112,112,0,112,112,112,112,0,112,112,112,112,112,0,0,0,0,112,112,0,0,112,112
173,173,173,173,173,0,173,173,173,173,0,173,173,173,173,173,0,0,0,0,173,173,0,0,173,173
235,235,235,235,235,0,235,235,235,235,0,235,235,235,235,235,0,0,0,0,235,235,0,0,235,235
143,143,143,143,143,0,143,143,143,143,0,143,143,143,143,143,0,0,0,0,143,143,0,0,143,143
92,92,92,92,92,0,92,92,92,92,0,92,92,92,92,92,0,0,0,0,92,92,0,0,92,92
115,115,115,115,115,0,115,115,115,115,0,115,115,115,115,115,0,0,0,0,115,115,0,0,115,115
91,91,91,91,91,0,91,91,91,91,0,91,91,91,91,91,0,0,0,0,91,91,0,0,91,91
121,121,121,121,121,0,121,121,121,121,0,121,121,121,121,121,0,0,0,0,121,121,0,0,121,121
81,81,81,81,81,0,81,81,81,81,0,81,81,81,81,81,0,0,0,0,81,81,0,0,81,81
107,107,107,107,107,0,107,107,107,107,0,107,107,107,107,107,0,0,0,0,107,107,0,0,107,107
132,132,132,132,132,0,132,132,132,132,0,132,132,132,132,132,0,0,0,0,132,132,0,0,132,132
103,103,103,103,103,0,103,103,103,103,0,103,103,103,103,103,0,0,0,0,103,103,0,0,103,103
147,147,147,147,147,0,147,147,147,147,0,147,147,147,147,147,0,0,0,0,147,147,0,0,147,147
85,85,85,85,85,0,85,85,85,85,0,85,85,85,85,85,23,23,23,23,85,85,23,0,85,85
77,77,77,77,77,0,77,77,77,77,0,77,77,77,77,77,0,0,0,0,77,77,0,0,77,77
81,81,81,81,81,0,81,81,81,81,0,81,81,81,81,81,0,0,0,0,81,81,0,0,81,81
53,53,53,53,53,0,53,53,53,53,0,53,53,53,53,53,0,0,0,0,53,53,0,0,53,53
57,57,57,57,57,0,57,57,57,57,0,57,57,57,57,57,0,0,0,0,57,57,0,0,57,57
74,74,74,74,74,0,74,74,74,74,0,74,74,74,74,74,0,0,0,0,74,74,0,0,74,74
72,72,72,72,72,0,72,72,72,72,0,72,72,72,72,72,0,0,0,0,72,72,0,0,72,72
82,82,82,82,82,0,82,82,82,82,0,82,82,82,82,82,0,0,0,0,82,82,0,0,82,82
78,78,78,78,78,0,78,78,78,78,0,78,78,78,78,78,0,0,0,0,78,78,0,0,78,78
90,90,90,90,90,0,90,90,90,90,0,90,90,90,90,90,0,0,0,0,90,90,0,0,90,90
61,61,61,61,61,0,61,61,61,61,0,61,61,61,61,61,0,0,0,0,61,61,0,0,61,61
80,80,80,80,80,0,80,80,80,80,0,80,80,80,80,80,0,0,0,0,80,80,0,0,80,80
50,50,50,50,50,0,50,50,50,50,0,50,50,50,50,50,0,0,0,0,50,50,0,0,50,50
27,27,27,27,27,0,27,27,27,27,0,27,27,27,27,27,0,0,0,0,27,27,0,0,27,27
33,33,33,33,33,0,33,33,33,33,0,33,33,33,33,33,0,0,0,0,33,33,0,0,33,33
23,23,23,23,23,0,23,23,23,23,0,23,23,23,23,23,0,0,0,0,23,23,0,0,23,23
27,27,27,27,27,0,27,27,27,27,0,27,27,27,27,27,0,0,0,0,27,27,0,0,27,27
31,31,31,31,31,0,31,31,31,31,0,31,31,31,31,31,0,0,0,0,31,31,0,0,31,31
37,37,37,37,37,0,37,37,37,37,0,37,37,37,37,37,0,0,0,0,37,37,0,0,37,37
28,28,28,28,28,0,28,28,28,28,0,28,28,28,28,28,0,0,0,0,28,28,0,0,28,28
0,0,0,0,0,0,0,0,0,0,0,0,0,0,0,0,0,0,0,0,0,0,0,0,0,0
25,25,25,25,25,0,25,25,25,25,0,25,25,25,25,25,0,0,0,0,25,25,0,0,25,25
0,0,0,0,0,0,0,0,0,0,0,0,0,0,0,0,0,0,0,0,0,0,0,0,0,0
0,0,0,0,0,0,0,0,0,0,0,0,0,0,0,0,33,33,33,33,0,0,33,0,0,0
0,0,0,0,0,0,0,0,0,0,0,0,0,0,0,0,25,25,25,25,0,0,25,0,0,0
0,0,0,0,0,0,0,0,0,0,0,0,0,0,0,0,0,0,0,0,0,0,0,0,0,0
0,0,0,0,0,0,0,0,0,0,0,0,0,0,0,0,0,0,0,0,0,0,0,0,0,0
35,35,35,35,35,0,35,35,35,35,0,35,35,35,35,35,0,0,0,0,35,35,0,0,35,35
39,39,39,39,39,0,39,39,39,39,0,39,39,39,39,39,30,30,30,30,39,39,30,0,39,39
47,47,47,47,47,0,47,47,47,47,0,47,47,47,47,47,0,0,0,0,47,47,0,0,47,47
51,51,51,51,51,0,51,51,51,51,0,51,51,51,51,51,0,0,0,0,51,51,0,0,51,51
94,94,94,94,94,0,94,94,94,94,0,94,94,94,94,94,0,0,0,0,94,94,0,0,94,94
104,104,104,104,104,0,104,104,104,104,0,104,104,104,104,104,0,0,0,0,104,104,0,0,104,104
79,79,79,79,79,0,79,79,79,79,0,79,79,79,79,79,0,0,0,0,79,79,0,0,79,79
72,72,72,72,72,0,72,72,72,72,0,72,72,72,72,72,0,0,0,0,72,72,0,0,72,72
66,66,66,66,66,0,66,66,66,66,0,66,66,66,66,66,0,0,0,0,66,66,0,0,66,66
58,58,58,58,58,0,58,58,58,58,0,58,58,58,58,58,0,0,0,0,58,58,0,0,58,58
49,49,49,49,49,0,49,49,49,49,0,49,49,49,49,49,0,0,0,0,49,49,0,0,49,49
70,70,70,70,70,0,70,70,70,70,0,70,70,70,70,70,0,0,0,0,70,70,0,0,70,70
40,40,40,40,40,0,40,40,40,40,0,40,40,40,40,40,0,0,0,0,40,40,0,0,40,40
40,40,40,40,40,0,40,40,40,40,0,40,40,40,40,40,0,0,0,0,40,40,0,0,40,40
0,0,0,0,0,0,0,0,0,0,0,0,0,0,0,0,0,0,0,0,0,0,0,0,0,0
0,0,0,0,0,0,0,0,0,0,0,0,0,0,0,0,0,0,0,0,0,0,0,0,0,0
0,0,0,0,0,0,0,0,0,0,0,0,0,0,0,0,20,20,20,20,0,0,20,0,0,0
0,0,0,0,0,0,0,0,0,0,0,0,0,0,0,0,55,55,55,55,0,0,55,0,0,0
0,0,0,0,0,0,0,0,0,0,0,0,0,0,0,0,59,59,59,59,0,0,59,0,0,0
0,0,0,0,0,0,0,0,0,0,0,0,0,0,0,0,43,43,43,43,0,0,43,0,0,0
0,0,0,0,0,0,0,0,0,0,0,0,0,0,0,0,46,46,46,46,0,0,46,0,0,0
0,0,0,0,0,0,0,0,0,0,0,0,0,0,0,0,61,61,61,61,0,0,61,0,0,0
0,0,0,0,0,0,0,0,0,0,0,0,0,0,0,0,62,62,62,62,0,0,62,0,0,0
0,0,0,0,0,0,0,0,0,0,0,0,0,0,0,0,48,48,48,48,0,0,48,0,0,0
0,0,0,0,0,0,0,0,0,0,0,0,0,0,0,0,69,69,69,69,0,0,69,0,0,0
0,0,0,0,0,0,0,0,0,0,0,0,0,0,0,0,78,78,78,78,0,0,78,0,0,0
0,0,0,0,0,0,0,0,0,0,0,0,0,0,0,0,82,82,82,82,0,0,82,0,0,0
0,0,0,0,0,0,0,0,0,0,0,0,0,0,0,0,71,71,71,71,0,0,71,0,0,0
0,0,0,0,0,0,0,0,0,0,0,0,0,0,0,0,43,43,43,43,0,0,43,0,0,0
0,0,0,0,0,0,0,0,0,0,0,0,0,0,0,0,0,0,0,0,0,0,0,0,0,0
0,0,0,0,0,0,0,0,0,0,0,0,0,0,0,0,0,0,0,0,0,0,0,0,0,0
0,0,0,0,0,0,0,0,0,0,0,0,0,0,0,0,0,0,0,0,0,0,0,0,0,0
0,0,0,0,0,0,0,0,0,0,0,0,0,0,0,0,0,0,0,0,0,0,0,0,0,0
0,0,0,0,0,0,0,0,0,0,0,0,0,0,0,0,0,0,0,0,0,0,0,0,0,0
0,0,0,0,0,0,0,0,0,0,0,0,0,0,0,0,0,0,0,0,0,0,0,0,0,0
0,0,0,0,0,0,0,0,0,0,0,0,0,0,0,0,0,0,0,0,0,0,0,0,0,0
0,0,0,0,0,0,0,0,0,0,0,0,0,0,0,0,0,0,0,0,0,0,0,0,0,0
0,0,0,0,0,0,0,0,0,0,0,0,0,0,0,0,0,0,0,0,0,0,0,0,0,0
0,0,0,0,0,0,0,0,0,0,0,0,0,0,0,0,0,0,0,0,0,0,0,0,0,0
0,0,0,0,0,0,0,0,0,0,0,0,0,0,0,0,0,0,0,0,0,0,0,0,0,0
0,0,0,0,0,0,0,0,0,0,0,0,0,0,0,0,0,0,0,0,0,0,0,0,0,0
0,0,0,0,0,0,0,0,0,0,0,0,0,0,0,0,0,0,0,0,0,0,0,0,0,0
0,0,0,0,0,0,0,0,0,0,0,0,0,0,0,0,0,0,0,0,0,0,0,0,0,0
0,0,0,0,0,0,0,0,0,0,0,0,0,0,0,0,0,0,0,0,0,0,0,0,0,0
0,0,0,0,0,0,0,0,0,0,0,0,0,0,0,0,0,0,0,0,0,0,0,0,0,0
0,0,0,0,0,0,0,0,0,0,0,0,0,0,0,0,0,0,0,0,0,0,0,0,0,0
0,0,0,0,0,0,0,0,0,0,0,0,0,0,0,0,0,0,0,0,0,0,0,0,0,0
0,0,0,0,0,0,0,0,0,0,0,0,0,0,0,0,0,0,0,0,0,0,0,0,0,0
