0,1,2,3,4,5,6,7,8,9,10,11,12,13,14,15,16,17,18,19,20,21,22,23,24,25,26,27,28,29,30,31,32,33,34,35,36,37,38,39,40,41,42,43,44,45,46,47,48,49,50,51,52,53,54,55
96,0,0,0,0,0,0,0,0,0,0,0,0,0,0,0,0,0,0,0,0,0,0,0,0,0,0,0,0,0,0,0,0,0,0,0,0,0,0,0,0,0,0,0,0,0,0,0,0,0,0,0,0,0,0,0
111,30,33,59,53,44,44,24,0,0,0,0,0,0,0,0,0,0,0,0,0,0,0,0,0,0,0,0,0,0,0,0,0,0,0,0,0,0,0,0,0,0,0,0,0,0,0,0,0,0,0,0,0,0,0,0
78,0,32,48,54,28,54,0,24,21,0,0,0,0,0,0,0,0,0,0,0,0,0,0,0,0,0,0,0,0,0,0,0,0,0,0,0,0,0,0,0,0,0,0,0,0,0,0,0,0,0,0,0,0,0,0
109,24,42,76,34,21,64,0,23,23,0,0,0,0,0,0,0,0,0,0,0,0,0,0,0,0,0,0,0,0,0,0,0,0,0,0,0,0,0,0,0,0,0,0,0,0,0,0,0,0,0,0,0,0,0,0
77,62,60,62,36,49,54,0,0,0,0,0,0,0,0,0,0,0,0,0,0,0,0,0,0,0,0,0,0,0,0,0,0,0,0,0,0,0,0,0,0,0,0,0,0,0,0,0,0,0,0,0,0,0,0,0
78,80,62,80,42,20,0,0,23,23,0,0,0,0,0,0,0,0,0,0,0,0,0,0,0,0,0,0,0,0,0,0,0,0,0,0,0,0,0,0,0,0,0,0,0,0,0,0,0,0,0,0,0,0,0,0
63,95,71,95,54,29,56,0,0,0,20,0,0,0,0,0,0,0,0,0,0,0,0,0,0,0,0,0,0,0,0,0,0,0,0,0,0,0,0,0,0,0,0,0,0,0,0,0,0,0,0,0,0,0,0,0
124,74,35,74,31,45,40,23,0,0,0,0,0,0,0,0,0,0,0,0,0,0,0,0,0,0,0,0,0,0,0,0,0,0,0,0,0,0,0,0,0,0,0,0,0,0,0,0,0,0,0,0,0,0,0,0
92,77,43,77,46,29,57,20,0,0,0,0,0,0,0,0,0,0,0,0,0,0,0,0,0,0,0,0,0,0,0,0,0,0,0,0,0,0,0,0,0,0,0,0,0,0,0,0,0,0,0,0,0,0,0,0
91,56,41,56,89,42,70,0,0,0,0,0,0,0,0,0,0,0,0,0,0,0,0,0,0,0,0,0,0,0,0,0,0,0,0,0,0,0,0,0,0,0,0,0,0,0,0,0,0,0,0,0,0,0,0,0
68,69,41,69,143,30,52,0,0,0,0,23,0,0,0,0,0,0,0,0,0,0,0,0,0,0,0,0,0,0,0,0,0,0,0,0,0,0,0,0,0,0,0,0,0,0,0,0,0,0,0,0,0,0,0,0
51,79,44,79,122,38,65,0,0,0,0,0,0,0,0,0,0,0,0,0,0,0,0,0,0,0,0,0,0,0,0,0,0,0,0,0,0,0,0,0,0,0,0,0,0,0,0,0,0,0,0,0,0,0,0,0
61,72,76,72,150,59,61,0,0,0,0,27,0,0,0,0,0,0,0,0,0,0,0,0,0,0,0,0,0,0,0,0,0,0,0,0,0,0,0,0,0,0,0,0,0,0,0,0,0,0,0,0,0,0,0,0
94,78,57,78,161,70,70,0,0,0,0,0,0,0,0,0,0,0,0,0,0,0,0,0,0,0,0,0,0,0,0,0,0,0,0,0,0,0,0,0,0,0,0,0,0,0,0,0,0,0,0,0,0,0,0,0
44,48,54,48,136,65,65,0,0,0,0,0,0,0,0,0,0,0,0,0,0,0,0,0,0,0,0,0,0,0,0,0,0,0,0,0,0,0,0,0,0,0,0,0,0,0,0,0,0,0,0,0,0,0,0,0
44,72,54,72,177,68,68,0,0,0,0,0,0,0,0,0,0,0,0,0,0,0,0,0,0,0,0,0,0,0,0,0,0,0,0,0,0,0,0,0,0,0,0,0,0,0,0,0,0,0,0,0,0,0,0,0
55,48,71,48,295,35,35,0,0,0,0,23,31,0,0,0,0,0,0,0,0,0,0,0,0,0,0,0,0,0,0,0,0,0,0,0,0,0,0,0,0,0,0,0,0,0,0,0,0,0,0,0,0,0,0,0
92,45,73,45,274,59,59,0,0,0,0,40,43,0,0,0,0,0,0,0,0,0,0,0,0,0,0,0,0,0,0,0,0,0,0,0,0,0,0,0,0,0,0,0,0,0,0,0,0,0,0,0,0,0,0,0
59,45,52,45,289,43,43,0,29,29,0,29,54,0,0,0,0,0,0,0,0,0,0,0,0,0,0,0,0,0,0,0,0,0,0,0,0,0,0,0,0,0,0,0,0,0,0,0,0,0,0,0,0,0,0,0
116,47,73,47,290,72,72,0,21,21,0,21,55,0,0,0,0,0,0,0,0,0,0,0,0,0,0,0,0,0,0,0,0,0,0,0,0,0,0,0,0,0,0,0,0,0,0,0,0,0,0,0,0,0,0,0
150,33,46,33,285,69,69,0,40,40,0,40,54,0,0,0,0,0,0,0,0,0,0,0,0,0,0,0,0,0,0,0,0,0,0,0,0,0,0,0,0,0,0,0,0,0,0,0,0,0,0,0,0,0,0,0
115,54,69,54,304,92,92,0,26,26,0,26,62,0,0,0,0,0,0,0,0,0,0,0,0,0,0,0,0,0,0,0,0,0,0,0,0,0,0,0,0,0,0,0,0,0,0,0,0,0,0,0,0,0,0,0
120,0,121,0,220,54,54,0,25,25,0,25,64,0,0,0,0,0,0,0,0,0,0,0,0,0,0,0,0,0,0,0,0,0,0,0,0,0,0,0,0,0,0,0,0,0,0,0,0,0,0,0,0,0,0,0
179,0,136,0,278,61,61,0,31,31,0,31,105,0,0,0,0,0,0,0,0,0,0,0,0,0,0,0,0,0,0,0,0,0,0,0,0,0,0,0,0,0,0,0,0,0,0,0,0,0,0,0,0,0,0,0
114,0,111,0,189,73,73,0,56,56,0,56,38,0,0,0,0,0,0,0,0,0,0,0,0,0,0,0,0,0,0,0,0,0,0,0,0,0,0,0,0,0,0,0,0,0,0,0,0,0,0,0,0,0,0,0
145,31,111,31,181,34,34,0,33,33,0,33,67,0,0,0,0,0,0,0,0,0,0,0,0,0,0,0,0,0,0,0,0,0,0,0,0,0,0,0,0,0,0,0,0,0,0,0,0,0,0,0,0,0,0,0
102,0,101,0,175,51,51,0,46,46,0,46,92,0,0,0,0,0,0,0,0,0,0,0,0,0,0,0,0,0,0,0,0,0,0,0,0,0,0,0,0,0,0,0,0,0,0,0,0,0,0,0,0,0,0,0
117,33,101,33,148,27,27,0,64,64,0,64,79,0,0,0,0,0,0,0,0,0,0,0,0,0,0,0,0,0,0,0,0,0,0,0,0,0,0,0,0,0,0,0,0,0,0,0,0,0,0,0,0,0,0,0
92,0,115,0,177,64,64,0,67,67,0,67,28,0,0,0,0,0,0,0,0,0,0,0,0,0,0,0,0,0,0,0,0,0,0,0,0,0,0,0,0,0,0,0,0,0,0,0,0,0,0,0,0,0,0,0
132,23,108,23,146,46,46,0,29,29,0,29,44,0,0,0,0,0,0,0,0,0,0,0,0,0,0,0,0,0,0,0,0,0,0,0,0,0,0,0,0,0,0,0,0,0,0,0,0,0,0,0,0,0,0,0
100,0,100,0,172,43,43,0,68,68,0,68,126,0,0,0,0,0,0,0,0,0,0,0,0,0,0,0,0,0,0,0,0,0,0,0,0,0,0,0,0,0,0,0,0,0,0,0,0,0,0,0,0,0,0,0
116,0,101,0,161,30,30,0,79,79,0,79,74,0,0,0,0,0,0,0,0,0,0,0,0,0,0,0,0,0,0,0,0,0,0,0,0,0,0,0,0,0,0,0,0,0,0,0,0,0,0,0,0,0,0,0
88,0,89,0,156,38,38,0,34,34,0,34,79,0,0,0,0,0,0,0,0,0,0,0,0,0,0,0,0,0,0,0,0,0,0,0,0,0,0,0,0,0,0,0,0,0,0,0,0,0,0,0,0,0,0,0
56,0,77,0,140,34,34,0,79,79,0,79,78,0,0,0,0,0,0,0,0,0,0,0,0,0,0,0,0,0,0,0,0,0,0,0,0,0,0,0,0,0,0,0,0,0,0,0,0,0,0,0,0,0,0,0
90,0,90,0,180,26,26,0,44,44,0,44,93,0,0,0,0,0,0,0,0,0,0,0,0,0,0,0,0,0,0,0,0,0,0,0,0,0,0,0,0,0,0,0,0,0,0,0,0,0,0,0,0,0,0,0
58,0,110,0,189,40,40,0,33,33,0,33,97,0,0,0,0,0,0,0,0,0,0,0,0,0,0,0,0,0,0,0,0,0,0,0,0,0,0,0,0,0,0,0,0,0,0,0,0,0,0,0,0,0,0,0
465,0,117,0,191,44,44,0,34,34,0,34,106,0,0,0,0,0,0,0,0,0,0,0,0,0,0,0,0,0,0,0,0,0,0,0,0,0,0,0,0,0,0,0,0,0,0,0,0,0,0,0,0,0,0,0
466,0,121,0,214,56,56,0,45,45,0,45,133,0,0,0,0,0,0,0,0,0,0,0,0,0,0,0,0,0,0,0,0,0,0,0,0,0,0,0,0,0,0,0,0,0,0,0,0,0,0,0,0,0,0,0
481,0,105,0,218,43,43,0,56,56,0,56,136,0,0,0,0,0,0,0,0,0,0,0,0,0,0,0,0,0,0,0,0,0,0,0,0,0,0,0,0,0,0,0,0,0,0,0,0,0,0,0,0,0,0,0
438,0,114,0,159,36,36,0,39,39,0,39,154,0,0,0,0,0,0,0,0,0,0,0,0,0,0,0,0,0,0,0,0,0,0,0,0,0,0,0,0,0,0,0,0,0,0,0,0,0,0,0,0,0,0,0
417,0,133,0,127,21,21,0,64,64,0,64,112,0,0,0,0,0,0,0,0,0,0,0,0,0,0,0,0,0,0,0,0,0,0,0,0,0,0,0,0,0,0,0,0,0,0,0,0,0,0,0,0,0,0,0
339,0,128,0,151,28,28,0,35,35,0,35,129,0,0,0,0,0,0,0,0,0,0,0,0,0,0,0,0,0,0,0,0,0,0,0,0,0,0,0,0,0,0,0,0,0,0,0,0,0,0,0,0,0,0,0
349,0,156,0,90,49,49,0,62,62,0,62,93,0,0,0,0,0,0,0,0,0,0,0,0,0,0,0,0,0,0,0,0,0,0,0,0,0,0,0,0,0,0,0,0,0,0,0,0,0,0,0,0,0,0,0
287,0,155,0,80,53,53,0,65,65,0,65,56,0,0,0,0,0,0,0,0,0,0,0,0,0,0,0,0,0,0,0,0,0,0,0,0,0,0,0,0,0,0,0,0,0,0,0,0,0,0,0,0,0,0,0
298,0,139,0,95,45,45,0,68,68,0,68,75,0,0,0,0,0,0,0,0,0,0,0,0,0,0,0,0,0,0,0,0,0,0,0,0,0,0,0,0,0,0,0,0,0,0,0,0,0,0,0,0,0,0,0
323,0,155,0,80,51,51,0,50,50,0,50,51,0,0,0,0,0,0,0,0,0,0,0,0,0,0,0,0,0,0,0,0,0,0,0,0,0,0,0,0,0,0,0,0,0,0,0,0,0,0,0,0,0,0,0
349,0,179,0,257,94,94,0,58,58,0,58,56,21,0,0,0,0,0,0,0,0,0,0,0,0,0,0,0,0,0,0,0,0,0,0,0,0,0,0,0,0,0,0,0,0,0,0,0,0,0,0,0,0,0,0
233,0,156,0,127,86,86,0,105,105,0,105,93,0,0,0,0,0,0,0,0,0,0,0,0,0,0,0,0,0,0,0,0,0,0,0,0,0,0,0,0,0,0,0,0,0,0,0,0,0,0,0,0,0,0,0
251,0,148,0,292,75,75,0,40,40,0,40,69,0,0,0,0,0,0,0,0,0,0,0,0,0,0,0,0,0,0,0,0,0,0,0,0,0,0,0,0,0,0,0,0,0,0,0,0,0,0,0,0,0,0,0
265,0,154,0,209,52,52,0,51,51,0,51,70,32,0,0,0,0,0,0,0,0,0,0,0,0,0,0,0,0,0,0,0,0,0,0,0,0,0,0,0,0,0,0,0,0,0,0,0,0,0,0,0,0,0,0
233,0,152,0,226,40,40,0,50,50,0,50,61,30,0,0,0,0,0,0,0,0,0,0,0,0,0,0,0,0,0,0,0,0,0,0,0,0,0,0,0,0,0,0,0,0,0,0,0,0,0,0,0,0,0,0
203,0,176,0,294,37,37,0,70,70,0,70,59,31,0,0,0,0,0,0,0,0,0,0,0,0,0,0,0,0,0,0,0,0,0,0,0,0,0,0,0,0,0,0,0,0,0,0,0,0,0,0,0,0,0,0
215,0,185,0,322,34,34,0,77,77,0,77,73,0,0,0,0,0,0,0,0,0,0,0,0,0,0,0,0,0,0,0,0,0,0,0,0,0,0,0,0,0,0,0,0,0,0,0,0,0,0,0,0,0,0,0
231,0,186,0,354,33,33,0,29,29,0,29,56,0,0,0,0,0,0,0,0,0,0,0,0,0,0,0,0,0,0,0,0,0,0,0,0,0,0,0,0,0,0,0,0,0,0,0,0,0,0,0,0,0,0,0
200,0,241,0,308,27,27,0,24,24,0,24,60,0,0,0,0,0,0,0,0,0,0,0,0,0,0,0,0,0,0,0,0,0,0,0,0,0,0,0,0,0,0,0,0,0,0,0,0,0,0,0,0,0,0,0
203,0,255,0,385,22,22,0,23,23,0,23,45,0,0,0,0,0,0,0,0,0,0,0,0,0,0,0,0,0,0,0,0,0,0,0,0,0,0,0,0,0,0,0,0,0,0,0,0,0,0,0,0,0,0,0
242,0,213,0,410,49,49,0,27,27,0,27,35,0,0,0,0,0,0,0,0,0,0,0,0,0,0,0,0,0,0,0,0,0,0,0,0,0,0,0,0,0,0,0,0,0,0,0,0,0,0,0,0,0,0,0
140,0,243,0,456,81,81,0,0,0,0,0,37,0,0,0,0,0,0,0,0,0,0,0,0,0,0,0,0,0,0,0,0,0,0,0,0,0,0,0,0,0,0,0,0,0,0,0,0,0,0,0,0,0,0,0
731,0,267,0,731,52,52,0,0,0,0,0,38,27,0,0,0,0,0,0,0,0,0,0,0,0,0,0,0,0,0,0,0,0,0,0,0,0,0,0,0,0,0,0,0,0,0,0,0,0,0,0,0,0,0,0
528,0,306,0,528,29,29,0,0,0,0,0,29,0,22,0,0,0,0,0,0,0,0,0,0,0,0,0,0,0,0,0,0,0,0,0,0,0,0,0,0,0,0,0,0,0,0,0,0,0,0,0,0,0,0,0
709,0,278,0,709,28,28,0,0,0,0,0,28,26,0,0,0,0,0,0,0,0,0,0,0,0,0,0,0,0,0,0,0,0,0,0,0,0,0,0,0,0,0,0,0,0,0,0,0,0,0,0,0,0,0,0
697,0,271,0,697,58,58,0,0,0,0,0,58,23,0,24,0,0,0,0,0,0,0,0,0,0,0,0,0,0,0,0,0,0,0,0,0,0,0,0,0,0,0,0,0,0,0,0,0,0,0,0,0,0,0,0
781,0,247,0,781,38,38,0,31,31,0,31,38,0,0,42,0,0,0,0,0,0,0,0,0,0,0,0,0,0,0,0,0,0,0,0,0,0,0,0,0,0,0,0,0,0,0,0,0,0,0,0,0,0,0,0
849,0,227,0,849,45,45,0,0,0,0,0,45,27,0,32,0,0,0,0,0,0,0,0,0,0,0,0,0,0,0,0,0,0,0,0,0,0,0,0,0,0,0,0,0,0,0,0,0,0,0,0,0,0,0,0
950,0,282,0,950,55,55,0,0,0,0,0,55,24,0,42,0,0,0,0,0,0,0,0,0,0,0,0,0,0,0,0,0,0,0,0,0,0,0,0,0,0,0,0,0,0,0,0,0,0,0,0,0,0,0,0
833,0,207,0,833,59,59,0,0,0,0,0,59,0,0,23,0,0,0,0,0,0,0,0,0,0,0,0,0,0,0,0,0,0,0,0,0,0,0,0,0,0,0,0,0,0,0,0,0,0,0,0,0,0,0,0
876,0,273,0,876,59,59,0,0,0,0,0,59,0,0,76,0,0,0,0,0,0,0,0,0,0,0,0,0,0,0,0,0,0,0,0,0,0,0,0,0,0,0,0,0,0,0,0,0,0,0,0,0,0,0,0
859,0,302,0,859,70,70,0,0,0,0,0,70,37,0,44,0,0,0,0,0,0,0,0,0,0,0,0,0,0,0,0,0,0,0,0,0,0,0,0,0,0,0,0,0,0,0,0,0,0,0,0,0,0,0,0
853,0,306,0,853,40,40,0,0,0,0,0,40,51,19,35,0,0,0,0,0,0,0,0,0,0,0,0,0,0,0,0,0,0,0,0,0,0,0,0,0,0,0,0,0,0,0,0,0,0,0,0,0,0,0,0
776,0,299,0,776,56,56,38,25,25,0,25,56,64,0,56,0,0,0,0,0,0,0,0,0,0,0,0,0,0,0,0,0,0,0,0,0,0,0,0,0,0,0,0,0,0,0,0,0,0,0,0,0,0,0,0
809,0,354,0,809,45,45,20,0,0,0,0,45,46,0,42,0,0,0,0,0,0,0,0,0,0,0,0,0,0,0,0,0,0,0,0,0,0,0,0,0,0,0,0,0,0,0,0,0,0,0,0,0,0,0,0
837,0,397,0,837,75,75,0,0,0,0,0,75,43,0,31,22,49,0,0,0,0,0,0,0,0,0,0,0,0,0,0,0,0,0,0,0,0,0,0,0,0,0,0,0,0,0,0,0,0,0,0,0,0,0,0
797,0,363,0,797,90,90,0,0,0,0,0,90,36,0,43,37,76,0,0,0,0,0,0,0,0,0,0,0,0,0,0,0,0,0,0,0,0,0,0,0,0,0,0,0,0,0,0,0,0,0,0,0,0,0,0
846,0,426,0,846,70,70,0,0,0,0,0,70,64,0,25,43,86,0,0,0,0,0,0,0,0,0,0,0,0,0,0,0,0,0,0,0,0,0,0,0,0,0,0,0,0,0,0,0,0,0,0,0,0,0,0
861,0,296,0,861,38,38,0,0,0,0,0,38,35,0,31,56,99,0,0,0,0,0,0,0,0,0,0,0,0,0,0,0,0,0,0,0,0,0,0,0,0,0,0,0,0,0,0,0,0,0,0,0,0,0,0
781,0,291,0,781,58,58,0,0,0,0,0,58,36,0,38,65,120,0,0,0,0,0,0,0,0,0,0,0,0,0,0,0,0,0,0,0,0,0,0,0,0,0,0,0,0,0,0,0,0,0,0,0,0,0,0
713,0,287,0,713,49,49,0,0,0,0,0,49,46,0,49,75,130,0,0,0,0,0,0,0,0,0,0,0,0,0,0,0,0,0,0,0,0,0,0,0,0,0,0,0,0,0,0,0,0,0,0,0,0,0,0
693,0,290,0,693,92,92,0,0,0,0,0,92,50,0,92,102,152,0,0,0,0,0,0,0,0,0,0,0,0,0,0,0,0,0,0,0,0,0,0,0,0,0,0,0,0,0,0,0,0,0,0,0,0,0,0
794,0,400,0,794,50,50,0,0,0,0,0,50,24,0,50,128,179,0,0,0,0,0,0,0,0,0,0,0,0,0,0,0,0,0,0,0,0,0,0,0,0,0,0,0,0,0,0,0,0,0,0,0,0,0,0
822,0,392,0,822,68,68,0,0,0,0,0,68,37,0,68,143,186,43,0,0,0,0,0,0,0,0,0,0,0,0,0,0,0,0,0,0,0,0,0,0,0,0,0,0,0,0,0,0,0,0,0,0,0,0,0
816,0,320,0,816,32,32,0,21,21,0,21,32,47,0,32,126,211,0,0,0,0,0,0,0,0,0,0,0,0,0,0,0,0,0,0,0,0,0,0,0,0,0,0,0,0,0,0,0,0,0,0,0,0,0,0
807,0,367,0,807,33,33,0,0,0,0,0,33,35,0,33,153,236,0,0,0,0,0,0,0,0,0,0,0,0,0,0,0,0,0,0,0,0,0,0,0,0,0,0,0,0,0,0,0,0,0,0,0,0,0,0
801,0,429,0,801,26,26,0,0,0,0,0,26,52,0,26,203,215,26,0,0,0,0,0,0,0,0,0,0,0,0,0,0,0,0,0,0,0,0,0,0,0,0,0,0,0,0,0,0,0,0,0,0,0,0,0
890,0,437,0,890,42,42,0,30,30,0,30,42,62,0,42,242,259,42,22,0,0,0,0,0,0,0,0,0,0,0,0,0,0,0,0,0,0,0,0,0,0,0,0,0,0,0,0,0,0,0,0,0,0,0,0
836,0,400,0,836,72,72,0,25,25,0,25,72,49,26,72,281,286,72,26,0,0,0,0,0,0,0,0,0,0,0,0,0,0,0,0,0,0,0,0,0,0,0,0,0,0,0,0,0,0,0,0,0,0,0,0
784,0,383,0,784,53,53,0,0,0,0,0,53,43,0,53,300,305,53,0,28,0,0,0,0,0,0,0,0,0,0,0,0,0,0,0,0,0,0,0,0,0,0,0,0,0,0,0,0,0,0,0,0,0,0,0
747,0,450,0,747,38,38,0,48,48,0,48,38,60,0,38,285,337,38,0,28,0,0,0,0,0,0,0,0,0,0,0,0,0,0,0,0,0,0,0,0,0,0,0,0,0,0,0,0,0,0,0,0,0,0,0
729,0,430,0,729,59,59,0,55,55,0,55,59,62,0,59,272,374,59,0,25,0,0,0,0,0,0,0,0,0,0,0,0,0,0,0,0,0,0,0,0,0,0,0,0,0,0,0,0,0,0,0,0,0,0,0
614,0,402,0,614,43,43,0,58,58,0,58,43,48,20,43,279,456,43,20,29,0,0,0,0,0,0,0,0,0,0,0,0,0,0,0,0,0,0,0,0,0,0,0,0,0,0,0,0,0,0,0,0,0,0,0
737,0,421,0,737,70,70,0,32,32,0,32,70,42,70,70,263,404,70,70,25,0,0,0,0,0,0,0,0,0,0,0,0,0,0,0,0,0,0,0,0,0,0,0,0,0,0,0,0,0,0,0,0,0,0,0
1211,0,1211,0,1211,56,56,0,66,66,0,66,56,47,56,56,271,452,56,56,25,0,0,0,0,0,0,0,0,0,0,0,0,0,0,0,0,0,0,0,0,0,0,0,0,0,0,0,0,0,0,0,0,0,0,0
725,0,725,0,725,66,66,0,32,32,0,32,66,49,66,66,256,481,66,66,29,0,0,0,0,0,0,0,0,0,0,0,0,0,0,0,0,0,0,0,0,0,0,0,0,0,0,0,0,0,0,0,0,0,0,0
922,0,922,0,922,44,44,0,66,66,0,66,44,45,44,44,279,494,44,44,42,0,0,0,0,0,0,0,0,0,0,0,0,0,0,0,0,0,0,0,0,0,0,0,0,0,0,0,0,0,0,0,0,0,0,0
892,0,892,0,892,61,61,0,27,27,0,27,61,44,61,61,321,493,61,61,43,0,0,0,0,0,0,0,0,0,0,0,0,0,0,0,0,0,0,0,0,0,0,0,0,0,0,0,0,0,0,0,0,0,0,0
785,0,785,0,785,49,49,0,35,35,0,35,49,51,49,49,409,626,49,49,38,99,0,0,0,0,0,0,0,0,0,0,0,0,0,0,0,0,0,0,0,0,0,0,0,0,0,0,0,0,0,0,0,0,0,0
852,0,852,0,852,101,101,0,34,34,0,34,101,34,101,101,397,619,101,101,28,852,0,0,0,0,0,0,0,0,0,0,0,0,0,0,0,0,0,0,0,0,0,0,0,0,0,0,0,0,0,0,0,0,0,0
867,0,867,0,867,113,113,0,0,0,0,0,113,23,113,113,406,651,113,113,27,867,0,0,0,0,0,0,0,0,0,0,0,0,0,0,0,0,0,0,0,0,0,0,0,0,0,0,0,0,0,0,0,0,0,0
405,0,405,0,405,43,43,0,34,34,0,34,43,38,43,43,375,560,43,43,36,405,0,0,0,0,0,0,0,0,0,0,0,0,0,0,0,0,0,0,0,0,0,0,0,0,0,0,0,0,0,0,0,0,0,0
453,0,453,0,453,74,74,0,20,20,0,20,74,52,74,74,427,506,74,74,32,453,0,0,0,0,0,0,0,0,0,0,0,0,0,0,0,0,0,0,0,0,0,0,0,0,0,0,0,0,0,0,0,0,0,0
1023,0,1023,0,1023,54,54,0,22,22,0,22,54,15,54,54,382,608,54,54,29,1023,0,0,0,0,0,0,0,0,0,0,0,0,0,0,0,0,0,0,0,0,0,0,0,0,0,0,0,0,0,0,0,0,0,0
1018,0,1018,0,1018,83,83,0,24,24,0,24,83,83,83,83,429,569,83,83,28,1018,0,0,0,0,0,0,0,0,0,0,0,0,0,0,0,0,0,0,0,0,0,0,0,0,0,0,0,0,0,0,0,0,0,0
1084,0,1084,0,1084,74,74,0,0,0,0,0,74,37,74,74,425,728,74,74,38,1084,0,0,0,0,0,0,0,0,0,0,0,0,0,0,0,0,0,0,0,0,0,0,0,0,0,0,0,0,0,0,0,0,0,0
1005,0,1005,0,1005,56,56,0,31,31,0,31,56,43,56,56,468,616,56,56,30,1005,0,0,0,0,0,0,0,0,0,0,0,0,0,0,0,0,0,0,0,0,0,0,0,0,0,0,0,0,0,0,0,0,0,0
896,0,896,0,896,75,75,0,0,0,0,0,75,38,75,75,505,610,75,75,31,896,0,0,0,0,0,0,0,0,0,0,0,0,0,0,0,0,0,0,0,0,0,0,0,0,0,0,0,0,0,0,0,0,0,0
904,0,904,0,904,723,723,0,0,0,0,0,723,65,723,723,532,723,723,723,35,904,0,0,0,0,0,0,0,0,0,0,0,0,0,0,0,0,0,0,0,0,0,0,0,0,0,0,0,0,0,0,0,0,0,0
755,0,755,0,755,676,676,0,0,0,0,0,676,46,676,676,521,676,676,676,27,755,0,0,0,0,0,0,0,0,0,0,0,0,0,0,0,0,0,0,0,0,0,0,0,0,0,0,0,0,0,0,0,0,0,0
809,0,809,0,809,716,716,0,809,809,0,809,716,45,716,716,536,716,716,716,22,809,0,0,0,0,0,0,0,0,0,0,0,0,0,0,0,0,0,0,0,0,0,0,0,0,0,0,0,0,0,0,0,0,0,0
799,0,799,0,799,735,735,0,799,799,0,799,735,34,735,735,416,735,735,735,29,799,0,0,0,0,0,0,0,0,0,0,0,0,0,0,0,0,0,0,0,0,0,0,0,0,0,0,0,0,0,0,0,0,0,0
633,0,633,0,633,905,905,0,633,633,0,633,905,59,905,905,373,905,905,905,31,633,0,0,0,0,0,0,0,0,0,0,0,0,0,0,0,0,0,0,0,0,0,0,0,0,0,0,0,0,0,0,0,0,0,0
510,0,510,0,510,866,866,0,510,510,0,510,866,27,866,866,328,866,866,866,35,510,136,0,0,0,0,0,0,0,0,0,0,0,0,0,0,0,0,0,0,0,0,0,0,0,0,0,0,0,0,0,0,0,0,0
550,0,550,0,550,911,911,0,550,550,0,550,911,28,911,911,336,911,911,911,71,550,130,0,0,0,0,0,0,0,0,0,0,0,0,0,0,0,0,0,0,0,0,0,0,0,0,0,0,0,0,0,0,0,0,0
597,0,597,0,597,914,914,0,597,597,0,597,914,29,914,914,438,914,914,914,30,597,156,0,0,0,0,0,0,0,0,0,0,0,0,0,0,0,0,0,0,0,0,0,0,0,0,0,0,0,0,0,0,0,0,0
623,0,623,0,623,882,882,0,623,623,0,623,882,22,882,882,468,882,882,882,20,623,102,0,0,0,0,0,0,0,0,0,0,0,0,0,0,0,0,0,0,0,0,0,0,0,0,0,0,0,0,0,0,0,0,0
584,0,584,0,584,872,872,0,584,584,0,584,872,28,872,872,656,872,872,872,61,584,140,0,0,0,0,0,0,0,0,0,0,0,0,0,0,0,0,0,0,0,0,0,0,0,0,0,0,0,0,0,0,0,0,0
527,0,527,0,527,999,999,0,527,527,0,527,999,31,999,999,606,999,999,999,38,527,999,0,0,0,0,0,0,0,0,0,0,0,0,0,0,0,0,0,0,0,0,0,0,0,0,0,0,0,0,0,0,0,0,0
549,0,549,0,549,1050,1050,0,549,549,0,549,1050,30,1050,1050,493,1050,1050,1050,36,549,1050,0,0,0,0,0,0,0,0,0,0,0,0,0,0,0,0,0,0,0,0,0,0,0,0,0,0,0,0,0,0,0,0,0
547,0,547,0,547,1178,1178,0,547,547,0,547,1178,41,1178,1178,448,1178,1178,1178,43,547,1178,0,0,0,0,0,0,0,0,0,0,0,0,0,0,0,0,0,0,0,0,0,0,0,0,0,0,0,0,0,0,0,0,0
590,0,590,0,590,1391,1391,0,590,590,0,590,1391,36,1391,1391,476,1391,1391,1391,27,590,1391,0,0,0,0,0,0,0,0,0,0,0,0,0,0,0,0,0,0,0,0,0,0,0,0,0,0,0,0,0,0,0,0,0
674,0,674,0,674,1491,1491,0,674,674,0,674,1491,26,1491,1491,705,1491,1491,1491,33,674,1491,22,0,0,0,0,0,0,0,0,0,0,0,0,0,0,0,0,0,0,0,0,0,0,0,0,0,0,0,0,0,0,0,0
744,0,744,0,744,1439,1439,0,744,744,0,744,1439,41,1439,1439,521,1439,1439,1439,26,744,1439,0,0,0,0,0,0,0,0,0,0,0,0,0,0,0,0,0,0,0,0,0,0,0,0,0,0,0,0,0,0,0,0,0
739,0,739,0,739,1453,1453,0,739,739,0,739,1453,23,1453,1453,721,1453,1453,1453,42,739,1453,0,0,0,0,0,0,0,0,0,0,0,0,0,0,0,0,0,0,0,0,0,0,0,0,0,0,0,0,0,0,0,0,0
757,0,757,0,757,1182,1182,0,757,757,0,757,1182,41,1182,1182,468,1182,1182,1182,33,757,1182,0,0,0,0,0,0,0,0,0,0,0,0,0,0,0,0,0,0,0,0,0,0,0,0,0,0,0,0,0,0,0,0,0
734,0,734,0,734,1565,1565,0,734,734,0,734,1565,30,1565,1565,427,1565,1565,1565,28,734,1565,0,0,0,0,0,0,0,0,0,0,0,0,0,0,0,0,0,0,0,0,0,0,0,0,0,0,0,0,0,0,0,0,0
794,0,794,0,794,1135,1135,0,794,794,0,794,1135,46,1135,1135,451,1135,1135,1135,80,794,1135,0,0,0,0,0,0,0,0,0,0,0,0,0,0,0,0,0,0,0,0,0,0,0,0,0,0,0,0,0,0,0,0,0
714,0,714,0,714,1134,1134,0,714,714,0,714,1134,40,1134,1134,493,1134,1134,1134,114,714,1134,0,0,0,0,0,0,0,0,0,0,0,0,0,0,0,0,0,0,0,0,0,0,0,0,0,0,0,0,0,0,0,0,0
738,0,738,0,738,1089,1089,0,738,738,0,738,1089,48,1089,1089,519,1089,1089,1089,60,738,1089,0,0,0,0,0,0,0,0,0,0,0,0,0,0,0,0,0,0,0,0,0,0,0,0,0,0,0,0,0,0,0,0,0
713,0,713,0,713,949,949,0,713,713,0,713,949,45,949,949,464,949,949,949,67,713,949,26,0,0,0,0,0,0,0,0,0,0,0,0,0,0,0,0,0,0,0,0,0,0,0,0,0,0,0,0,0,0,0,0
692,0,692,0,692,1127,1127,0,692,692,0,692,1127,30,1127,1127,706,1127,1127,1127,73,692,1127,85,0,0,0,0,0,0,0,0,0,0,0,0,0,0,0,0,0,0,0,0,0,0,0,0,0,0,0,0,0,0,0,0
720,0,720,0,720,908,908,0,720,720,0,720,908,0,908,908,529,908,908,908,62,720,908,720,0,0,0,0,0,0,0,0,0,0,0,0,0,0,0,0,0,0,0,0,0,0,0,0,0,0,0,0,0,0,0,0
638,0,638,0,638,948,948,0,638,638,0,638,948,28,948,948,502,948,948,948,58,638,948,638,0,0,0,0,0,0,0,0,0,0,0,0,0,0,0,0,0,0,0,0,0,0,0,0,0,0,0,0,0,0,0,0
534,0,534,0,534,791,791,0,534,534,0,534,791,35,791,791,438,791,791,791,61,534,791,534,0,0,0,0,0,0,0,0,0,0,0,0,0,0,0,0,0,0,0,0,0,0,0,0,0,0,0,0,0,0,0,0
561,0,561,0,561,787,787,0,561,561,0,561,787,45,787,787,469,787,787,787,48,561,787,561,0,0,0,0,0,0,0,0,0,0,0,0,0,0,0,0,0,0,0,0,0,0,0,0,0,0,0,0,0,0,0,0
650,0,650,0,650,1179,1179,0,650,650,0,650,1179,23,1179,1179,562,1179,1179,1179,53,650,1179,650,0,0,0,0,0,0,0,0,0,0,0,0,0,0,0,0,0,0,0,0,0,0,0,0,0,0,0,0,0,0,0,0
670,0,670,0,670,870,870,0,670,670,0,670,870,23,870,870,575,870,870,870,77,670,870,670,0,0,0,0,0,0,0,0,0,0,0,0,0,0,0,0,0,0,0,0,0,0,0,0,0,0,0,0,0,0,0,0
621,0,621,0,621,1561,1561,0,621,621,0,621,1561,22,1561,1561,557,1561,1561,1561,93,621,1561,621,0,0,0,0,0,0,0,0,0,0,0,0,0,0,0,0,0,0,0,0,0,0,0,0,0,0,0,0,0,0,0,0
670,0,670,0,670,1570,1570,0,670,670,0,670,1570,34,1570,1570,503,1570,1570,1570,78,670,1570,670,0,0,0,0,0,0,0,0,0,0,0,0,0,0,0,0,0,0,0,0,0,0,0,0,0,0,0,0,0,0,0,0
633,0,633,0,633,1365,1365,0,633,633,0,633,1365,35,1365,1365,497,1365,1365,1365,58,633,1365,633,0,0,0,0,0,0,0,0,0,0,0,0,0,0,0,0,0,0,0,0,0,0,0,0,0,0,0,0,0,0,0,0
583,0,583,0,583,1188,1188,0,583,583,0,583,1188,21,1188,1188,557,1188,1188,1188,80,583,1188,583,0,0,0,0,0,0,0,0,0,0,0,0,0,0,0,0,0,0,0,0,0,0,0,0,0,0,0,0,0,0,0,0
641,0,641,0,641,1222,1222,0,641,641,0,641,1222,44,1222,1222,573,1222,1222,1222,105,641,1222,641,0,0,0,0,0,0,0,0,0,0,0,0,0,0,0,0,0,0,0,0,0,0,0,0,0,0,0,0,0,0,0,0
994,0,994,0,994,1291,1291,0,994,994,0,994,1291,27,1291,1291,994,1291,1291,1291,110,994,1291,994,0,0,0,0,0,0,0,0,0,0,0,0,0,0,0,0,0,0,0,0,0,0,0,0,0,0,0,0,0,0,0,0
1147,0,1147,0,1147,1068,1068,0,1147,1147,22,1147,1068,32,1068,1068,1147,1068,1068,1068,120,1147,1068,1147,155,0,0,0,0,0,0,0,0,0,0,0,0,0,0,0,0,0,0,0,0,0,0,0,0,0,0,0,0,0,0,0
1253,0,1253,0,1253,1070,1070,0,1253,1253,0,1253,1070,28,1070,1070,1253,1070,1070,1070,95,1253,1070,1253,125,111,20,0,0,0,0,0,0,0,0,0,0,0,0,0,0,0,0,0,0,0,0,0,0,0,0,0,0,0,0,0
1211,0,1211,0,1211,1053,1053,0,1211,1211,41,1211,1053,28,1053,1053,1211,1053,1053,1053,101,1211,1053,1211,119,218,83,0,0,0,0,0,0,0,0,0,0,0,0,0,0,0,0,0,0,0,0,0,0,0,0,0,0,0,0,0
1250,0,1250,0,1250,1115,1115,0,1250,1250,42,1250,1115,29,1115,1115,1250,1115,1115,1115,122,1250,1115,1250,120,216,0,0,0,0,0,0,0,0,0,0,0,0,0,0,0,0,0,0,0,0,0,0,0,0,0,0,0,0,0,0
1239,0,1239,0,1239,813,813,0,1239,1239,32,1239,813,37,813,813,1239,813,813,813,130,1239,813,1239,81,205,53,0,0,0,0,0,0,0,0,0,0,0,0,0,0,0,0,0,0,0,0,0,0,0,0,0,0,0,0,0
747,0,747,0,747,1073,1073,0,747,747,34,747,1073,28,1073,1073,747,1073,1073,1073,123,747,1073,747,77,248,63,0,0,0,0,0,0,0,0,0,0,0,0,0,0,0,0,0,0,0,0,0,0,0,0,0,0,0,0,0
795,0,795,0,795,1047,1047,0,795,795,28,795,1047,26,1047,1047,795,1047,1047,1047,133,795,1047,795,64,198,38,0,0,0,0,0,0,0,0,0,0,0,0,0,0,0,0,0,0,0,0,0,0,0,0,0,0,0,0,0
1414,0,1414,0,1414,462,462,0,1414,1414,24,1414,462,24,462,462,1414,462,462,462,143,1414,462,1414,46,542,0,0,0,0,0,0,0,0,0,0,0,0,0,0,0,0,0,0,0,0,0,0,0,0,0,0,0,0,0,0
1525,0,1525,0,1525,469,469,0,1525,1525,24,1525,469,24,469,469,1525,469,469,469,128,1525,469,1525,41,542,23,25,0,0,0,0,0,0,0,0,0,0,0,0,0,0,0,0,0,0,0,0,0,0,0,0,0,0,0,0
1261,0,1261,0,1261,1112,1112,0,1261,1261,26,1261,1112,26,1112,1112,1261,1112,1112,1112,144,1261,1112,1261,47,1112,0,33,0,0,0,0,0,0,0,0,0,0,0,0,0,0,0,0,0,0,0,0,0,0,0,0,0,0,0,0
666,0,666,0,666,435,435,0,666,666,35,666,435,35,435,435,666,435,435,435,115,666,435,666,84,435,23,0,209,0,0,0,0,0,0,0,0,0,0,0,0,0,0,0,0,0,0,0,0,0,0,0,0,0,0,0
586,0,586,0,586,1091,1091,0,586,586,34,586,1091,34,1091,1091,586,1091,1091,1091,171,586,1091,586,71,1091,0,0,0,0,0,0,0,0,0,0,0,0,0,0,0,0,0,0,0,0,0,0,0,0,0,0,0,0,0,0
611,0,611,0,611,921,921,0,611,611,29,611,921,29,921,921,611,921,921,921,148,611,921,611,85,921,36,0,201,0,0,0,0,0,0,0,0,0,0,0,0,0,0,0,0,0,0,0,0,0,0,0,0,0,0,0
1336,0,1336,0,1336,1082,1082,0,1336,1336,21,1336,1082,21,1082,1082,1336,1082,1082,1082,154,1336,1082,1336,85,1082,0,0,1082,0,0,0,0,0,0,0,0,0,0,0,0,0,0,0,0,0,0,0,0,0,0,0,0,0,0,0
1349,0,1349,0,1349,702,702,0,1349,1349,28,1349,702,28,702,702,1349,702,702,702,183,1349,702,1349,96,702,57,0,702,0,0,0,0,0,0,0,0,0,0,0,0,0,0,0,0,0,0,0,0,0,0,0,0,0,0,0
707,0,707,0,707,786,786,0,707,707,21,707,786,21,786,786,707,786,786,786,191,707,786,707,116,786,0,0,786,0,0,0,0,0,0,0,0,0,0,0,0,0,0,0,0,0,0,0,0,0,0,0,0,0,0,0
1247,0,1247,0,1247,826,826,0,1247,1247,26,1247,826,26,826,826,1247,826,826,826,169,1247,826,1247,117,826,28,0,826,118,0,0,0,0,0,0,0,0,0,0,0,0,0,0,0,0,0,0,0,0,0,0,0,0,0,0
757,0,757,0,757,785,785,0,757,757,24,757,785,24,785,785,757,785,785,785,177,757,785,757,151,785,0,0,785,179,0,0,0,0,0,0,0,0,0,0,0,0,0,0,0,0,0,0,0,0,0,0,0,0,0,0
1052,0,1052,0,1052,750,750,0,1052,1052,27,1052,750,27,750,750,1052,750,750,750,208,1052,750,1052,148,750,37,0,750,145,0,0,0,0,0,0,0,0,0,0,0,0,0,0,0,0,0,0,0,0,0,0,0,0,0,0
788,0,788,0,788,776,776,0,788,788,28,788,776,28,776,776,788,776,776,776,213,788,776,788,120,776,26,0,776,156,0,0,0,0,0,0,0,0,0,0,0,0,0,0,0,0,0,0,0,0,0,0,0,0,0,0
799,0,799,0,799,787,787,0,799,799,53,799,787,53,787,787,799,787,787,787,261,799,787,799,156,787,20,20,787,124,0,0,0,0,0,0,0,0,0,0,0,0,0,0,0,0,0,0,0,0,0,0,0,0,0,0
1386,0,1386,0,1386,826,826,0,1386,1386,72,1386,826,72,826,826,1386,826,826,826,225,1386,826,1386,146,826,0,0,826,105,0,0,0,0,0,0,0,0,0,0,0,0,0,0,0,0,0,0,0,0,0,0,0,0,0,0
1312,0,1312,0,1312,467,467,0,1312,1312,49,1312,467,49,467,467,1312,467,467,467,184,1312,467,1312,141,467,0,0,467,55,0,0,0,0,0,0,0,0,0,0,0,0,0,0,0,0,0,0,0,0,0,0,0,0,0,0
1281,0,1281,0,1281,713,713,0,1281,1281,46,1281,713,46,713,713,1281,713,713,713,168,1281,713,1281,148,713,0,0,713,87,0,0,0,0,0,0,0,0,0,0,0,0,0,0,0,0,0,0,0,0,0,0,0,0,0,0
1252,0,1252,0,1252,726,726,0,1252,1252,51,1252,726,51,726,726,1252,726,726,726,196,1252,726,1252,152,726,32,0,726,75,0,0,0,0,0,0,0,0,0,0,0,0,0,0,0,0,0,0,0,0,0,0,0,0,0,0
1212,0,1212,0,1212,567,567,0,1212,1212,46,1212,567,46,567,567,1212,567,567,567,128,1212,567,1212,164,567,34,0,567,117,0,0,0,0,0,0,0,0,0,0,0,0,0,0,0,0,0,0,0,0,0,0,0,0,0,0
1473,0,1473,0,1473,943,943,0,1473,1473,142,1473,943,142,943,943,1473,943,943,943,159,1473,943,1473,185,943,23,0,943,115,0,0,0,0,0,0,0,0,0,0,0,0,0,0,0,0,0,0,0,0,0,0,0,0,0,0
1349,0,1349,0,1349,968,968,0,1349,1349,38,1349,968,38,968,968,1349,968,968,968,227,1349,968,1349,163,968,28,0,968,91,0,0,0,0,0,0,0,0,0,0,0,0,0,0,0,0,0,0,0,0,0,0,0,0,0,0
1284,0,1284,0,1284,697,697,0,1284,1284,119,1284,697,119,697,697,1284,697,697,697,200,1284,697,1284,291,697,36,0,697,64,0,0,0,0,0,0,0,0,0,0,0,0,0,0,0,0,0,0,0,0,0,0,0,0,0,0
1185,0,1185,0,1185,832,832,0,1185,1185,68,1185,832,68,832,832,1185,832,832,832,228,1185,832,1185,247,832,52,0,832,104,0,0,0,0,0,0,0,0,0,0,0,0,0,0,0,0,0,0,0,0,0,0,0,0,0,0
1153,0,1153,0,1153,872,872,0,1153,1153,74,1153,872,74,872,872,1153,872,872,872,207,1153,872,1153,189,872,23,0,872,49,0,0,0,0,0,0,0,0,0,0,0,0,0,0,0,0,0,0,0,0,0,0,0,0,0,0
1142,0,1142,0,1142,730,730,0,1142,1142,93,1142,730,93,730,730,1142,730,730,730,287,1142,730,1142,275,730,23,0,730,41,0,0,0,0,0,0,0,0,0,0,0,0,0,0,0,0,0,0,0,0,0,0,0,0,0,0
1216,0,1216,0,1216,687,687,0,1216,1216,116,1216,687,116,687,687,1216,687,687,687,287,1216,687,1216,285,687,43,0,687,65,0,0,0,0,0,0,0,0,0,0,0,0,0,0,0,0,0,0,0,0,0,0,0,0,0,0
1328,0,1328,0,1328,716,716,0,1328,1328,173,1328,716,173,716,716,1328,716,716,716,278,1328,716,1328,156,716,38,0,716,34,0,0,0,0,0,0,0,0,0,0,0,0,0,0,0,0,0,0,0,0,0,0,0,0,0,0
1273,0,1273,0,1273,602,602,0,1273,1273,128,1273,602,128,602,602,1273,602,602,602,251,1273,602,1273,250,602,29,0,602,132,0,0,0,0,0,0,0,0,0,0,0,0,0,0,0,0,0,0,0,0,0,0,0,0,0,0
1464,0,1464,0,1464,501,501,0,1464,1464,141,1464,501,141,501,501,1464,501,501,501,252,1464,501,1464,274,501,40,0,501,22,0,0,0,0,0,0,0,0,0,0,0,0,0,0,0,0,0,0,0,0,0,0,0,0,0,0
1673,0,1673,0,1673,650,650,0,1673,1673,111,1673,650,111,650,650,1673,650,650,650,289,1673,650,1673,250,650,39,0,650,0,0,0,0,0,0,0,0,0,0,0,0,0,0,0,0,0,0,0,0,0,0,0,0,0,0,0
1581,0,1581,0,1581,641,641,0,1581,1581,79,1581,641,79,641,641,1581,641,641,641,307,1581,641,1581,176,641,27,0,641,0,0,0,0,0,0,0,0,0,0,0,0,0,0,0,0,0,0,0,0,0,0,0,0,0,0,0
1583,0,1583,0,1583,487,487,0,1583,1583,110,1583,487,110,487,487,1583,487,487,487,318,1583,487,1583,217,487,34,0,487,0,0,0,0,0,0,0,0,0,0,0,0,0,0,0,0,0,0,0,0,0,0,0,0,0,0,0
1506,0,1506,0,1506,510,510,0,1506,1506,105,1506,510,105,510,510,1506,510,510,510,323,1506,510,1506,143,510,33,0,510,0,0,0,0,0,0,0,0,0,0,0,0,0,0,0,0,0,0,0,0,0,0,0,0,0,0,0
1599,0,1599,0,1599,373,373,0,1599,1599,57,1599,373,57,373,373,1599,373,373,373,293,1599,373,1599,187,373,21,0,373,0,0,0,0,0,0,0,0,0,0,0,0,0,0,0,0,0,0,0,0,0,0,0,0,0,0,0
1687,0,1687,0,1687,305,305,0,1687,1687,58,1687,305,58,305,305,1687,305,305,305,261,1687,305,1687,249,305,21,0,305,0,0,0,0,0,0,0,0,0,0,0,0,0,0,0,0,0,0,0,0,0,0,0,0,0,0,0
1607,0,1607,0,1607,404,404,0,1607,1607,31,1607,404,31,404,404,1607,404,404,404,263,1607,404,1607,273,404,27,0,404,0,0,0,0,0,0,0,0,0,0,0,0,0,0,0,0,0,0,0,0,0,0,0,0,0,0,0
1575,22,1575,22,1575,322,322,0,1575,1575,29,1575,322,29,322,322,1575,322,322,322,293,1575,322,1575,296,322,22,0,322,0,0,0,0,0,0,0,0,0,0,0,0,0,0,0,0,0,0,0,0,0,0,0,0,0,0,0
1712,0,1712,0,1712,292,292,0,1712,1712,24,1712,292,24,292,292,1712,292,292,292,317,1712,292,1712,368,292,33,0,292,0,0,0,0,0,0,0,0,0,0,0,0,0,0,0,0,0,0,0,0,0,0,0,0,0,0,0
1797,0,1797,0,1797,13,13,0,1797,1797,30,1797,13,30,13,13,1797,13,13,13,295,1797,13,1797,431,13,50,0,13,63,0,0,0,0,0,0,0,0,0,0,0,0,0,0,0,0,0,0,0,0,0,0,0,0,0,0
1881,0,1881,0,1881,289,289,0,1881,1881,41,1881,289,41,289,289,1881,289,289,289,284,1881,289,1881,420,289,21,0,289,289,0,0,0,0,0,0,0,0,0,0,0,0,0,0,0,0,0,0,0,0,0,0,0,0,0,0
1841,0,1841,0,1841,163,163,0,1841,1841,25,1841,163,25,163,163,1841,163,163,163,312,1841,163,1841,415,163,0,0,163,163,0,0,0,0,0,0,0,0,0,0,0,0,0,0,0,0,0,0,0,0,0,0,0,0,0,0
1977,0,1977,0,1977,134,134,0,1977,1977,0,1977,134,0,134,134,1977,134,134,134,287,1977,134,1977,379,134,0,0,134,134,0,0,0,0,0,0,0,0,0,0,0,0,0,0,0,0,0,0,0,0,0,0,0,0,0,0
1968,0,1968,0,1968,260,260,0,1968,1968,0,1968,260,0,260,260,1968,260,260,260,281,1968,260,1968,430,260,0,0,260,260,0,0,0,0,0,0,0,0,0,0,0,0,0,0,0,0,0,0,0,0,0,0,0,0,0,0
2019,0,2019,0,2019,254,254,0,2019,2019,0,2019,254,0,254,254,2019,254,254,254,232,2019,254,2019,395,254,0,0,254,254,0,0,0,0,0,0,0,0,0,0,0,0,0,0,0,0,0,0,0,0,0,0,0,0,0,0
1773,0,1773,0,1773,93,93,0,1773,1773,31,1773,93,31,93,93,1773,93,93,93,182,1773,93,1773,354,93,0,0,93,93,0,0,0,0,0,0,0,0,0,0,0,0,0,0,0,0,0,0,0,0,0,0,0,0,0,0
1793,0,1793,0,1793,102,102,0,1793,1793,30,1793,102,30,102,102,1793,102,102,102,179,1793,102,1793,502,102,0,0,102,102,130,0,0,0,0,0,0,0,0,0,0,0,0,0,0,0,0,0,0,0,0,0,0,0,0,0
1649,0,1649,0,1649,77,77,0,1649,1649,0,1649,77,0,77,77,1649,77,77,77,210,1649,77,1649,546,77,0,0,77,77,118,0,0,0,0,0,0,0,0,0,0,0,0,0,0,0,0,0,0,0,0,0,0,0,0,0
1538,0,1538,0,1538,203,203,0,1538,1538,30,1538,203,30,203,203,1538,203,203,203,212,1538,203,1538,566,203,0,0,203,203,203,0,0,0,0,0,0,0,0,0,0,0,0,0,0,0,0,0,0,0,0,0,0,0,0,0
1746,0,1746,0,1746,239,239,0,1746,1746,0,1746,239,0,239,239,1746,239,239,239,176,1746,239,1746,527,239,0,0,239,239,239,0,0,0,0,0,0,0,0,0,0,0,0,0,0,0,0,0,0,0,0,0,0,0,0,0
1563,0,1563,0,1563,128,128,0,1563,1563,22,1563,128,22,128,128,1563,128,128,128,226,1563,128,1563,529,128,0,0,128,128,128,0,0,0,0,0,0,0,0,0,0,0,0,0,0,0,0,0,0,0,0,0,0,0,0,0
1627,0,1627,0,1627,169,169,0,1627,1627,0,1627,169,0,169,169,1627,169,169,169,235,1627,169,1627,533,169,21,0,169,169,169,0,0,0,0,0,0,0,0,0,0,0,0,0,0,0,0,0,0,0,0,0,0,0,0,0
1429,0,1429,0,1429,229,229,0,1429,1429,0,1429,229,0,229,229,1429,229,229,229,199,1429,229,1429,533,229,0,0,229,229,229,0,0,0,0,0,0,0,0,0,0,0,0,0,0,0,0,0,0,0,0,0,0,0,0,0
1456,0,1456,0,1456,115,115,0,1456,1456,0,1456,115,0,115,115,1456,115,115,115,198,1456,115,1456,451,115,0,0,115,115,115,0,0,0,0,0,0,0,0,0,0,0,0,0,0,0,0,0,0,0,0,0,0,0,0,0
1524,0,1524,0,1524,72,72,0,1524,1524,0,1524,72,0,72,72,1524,72,72,72,153,1524,72,1524,419,72,0,0,72,72,72,0,0,0,0,0,0,0,0,0,0,0,0,0,0,0,0,0,0,0,0,0,0,0,0,0
1607,0,1607,0,1607,24,24,0,1607,1607,0,1607,24,0,24,24,1607,24,24,24,169,1607,24,1607,388,24,21,0,24,24,24,0,0,0,0,0,0,0,0,0,0,0,0,0,0,0,0,0,0,0,0,0,0,0,0,0
1412,0,1412,0,1412,80,80,0,1412,1412,0,1412,80,0,80,80,1412,80,80,80,140,1412,80,1412,448,80,22,0,80,80,80,133,0,0,0,0,0,0,0,0,0,0,0,0,0,0,0,0,0,0,0,0,0,0,0,0
1407,0,1407,0,1407,171,171,0,1407,1407,0,1407,171,0,171,171,1407,171,171,171,162,1407,171,1407,442,171,0,0,171,171,171,171,0,0,0,0,0,0,0,0,0,0,0,0,0,0,0,0,0,0,0,0,0,0,0,0
1425,0,1425,0,1425,168,168,0,1425,1425,0,1425,168,0,168,168,1425,168,168,168,129,1425,168,1425,432,168,0,0,168,168,168,168,21,0,0,0,0,0,0,0,0,0,0,0,0,0,0,0,0,0,0,0,0,0,0,0
793,0,793,0,793,140,140,0,793,793,0,793,140,0,140,140,793,140,140,140,171,793,140,793,549,140,576,0,140,140,140,140,22,0,0,0,0,0,0,0,0,0,0,0,0,0,0,0,0,0,0,0,0,0,0,0
1483,0,1483,0,1483,97,97,0,1483,1483,0,1483,97,0,97,97,1483,97,97,97,173,1483,97,1483,616,97,1483,0,97,97,97,97,50,0,0,0,0,0,0,0,0,0,0,0,0,0,0,0,0,0,0,0,0,0,0,0
2025,0,2025,0,2025,27,27,0,2025,2025,0,2025,27,0,27,27,2025,27,27,27,156,2025,27,2025,2025,27,2025,0,27,27,27,27,160,0,0,0,0,0,0,0,0,0,0,0,0,0,0,0,0,0,0,0,0,0,0,0
1477,0,1477,0,1477,119,119,0,1477,1477,0,1477,119,0,119,119,1477,119,119,119,111,1477,119,1477,1477,119,1477,0,119,119,119,119,119,0,0,0,0,0,0,0,0,0,0,0,0,0,0,0,0,0,0,0,0,0,0,0
1584,0,1584,0,1584,189,189,0,1584,1584,0,1584,189,0,189,189,1584,189,189,189,152,1584,189,1584,1584,189,1584,0,189,189,189,189,189,22,0,0,0,0,0,0,0,0,0,0,0,0,0,0,0,0,0,0,0,0,0,0
705,0,705,0,705,68,68,0,705,705,0,705,68,0,68,68,705,68,68,68,90,705,68,705,705,68,705,0,68,68,68,68,68,62,0,0,0,0,0,0,0,0,0,0,0,0,0,0,0,0,0,0,0,0,0,0
2153,0,2153,0,2153,121,121,0,2153,2153,0,2153,121,0,121,121,2153,121,121,121,82,2153,121,2153,2153,121,2153,0,121,121,121,121,121,63,0,0,0,0,0,0,0,0,0,0,0,0,0,0,0,0,0,0,0,0,0,0
1575,0,1575,0,1575,53,53,0,1575,1575,0,1575,53,0,53,53,1575,53,53,53,56,1575,53,1575,1575,53,1575,0,53,53,53,53,53,34,0,0,0,0,0,0,0,0,0,0,0,0,0,0,0,0,0,0,0,0,0,0
2414,0,2414,0,2414,0,0,0,2414,2414,0,2414,0,0,0,0,2414,0,0,0,79,2414,0,2414,2414,0,2414,0,0,0,0,0,0,0,0,0,0,0,0,0,0,0,0,0,0,0,0,0,0,0,0,0,0,0,0,0
2196,0,2196,0,2196,47,47,0,2196,2196,0,2196,47,0,47,47,2196,47,47,47,78,2196,47,2196,2196,47,2196,0,47,47,47,47,47,22,0,0,0,0,0,0,0,0,0,0,0,0,0,0,0,0,0,0,0,0,0,0
1753,0,1753,0,1753,158,158,0,1753,1753,0,1753,158,0,158,158,1753,158,158,158,67,1753,158,1753,1753,158,1753,0,158,158,158,158,158,40,0,0,0,0,0,0,0,0,0,0,0,0,0,0,0,0,0,0,0,0,0,0
2265,0,2265,0,2265,46,46,0,2265,2265,0,2265,46,0,46,46,2265,46,46,46,49,2265,46,2265,2265,46,2265,0,46,46,46,46,46,28,0,0,0,0,0,0,0,0,0,0,0,0,0,0,0,0,0,0,0,0,0,0
2163,0,2163,0,2163,63,63,0,2163,2163,0,2163,63,0,63,63,2163,63,63,63,71,2163,63,2163,2163,63,2163,0,63,63,63,63,63,23,0,0,0,0,0,0,0,0,0,0,0,0,0,0,0,0,0,0,0,0,0,0
2058,0,2058,0,2058,20,20,0,2058,2058,0,2058,20,0,20,20,2058,20,20,20,37,2058,20,2058,2058,20,2058,0,20,20,20,20,20,0,0,0,0,0,0,0,0,0,0,0,0,0,0,0,0,0,0,0,0,0,0,0
2305,0,2305,0,2305,24,24,0,2305,2305,0,2305,24,0,24,24,2305,24,24,24,58,2305,24,2305,2305,24,2305,0,24,24,24,24,24,37,0,0,0,0,0,0,0,0,0,0,0,0,0,0,0,0,0,0,0,0,0,0
2248,0,2248,0,2248,42,42,0,2248,2248,0,2248,42,0,42,42,2248,42,42,42,33,2248,42,2248,2248,42,2248,0,42,42,42,42,42,23,0,0,0,0,0,0,0,0,0,0,0,0,0,0,0,0,0,0,0,0,0,0
2177,0,2177,0,2177,26,26,0,2177,2177,0,2177,26,0,26,26,2177,26,26,26,34,2177,26,2177,2177,26,2177,0,26,26,26,26,26,22,0,0,0,0,0,0,0,0,0,0,0,0,0,0,0,0,0,0,0,0,0,0
2132,0,2132,0,2132,70,70,0,2132,2132,0,2132,70,0,70,70,2132,70,70,70,33,2132,70,2132,2132,70,2132,0,70,70,70,70,70,70,0,0,0,0,0,0,0,0,0,0,0,0,0,0,0,0,0,0,0,0,0,0
2176,0,2176,0,2176,74,74,0,2176,2176,0,2176,74,0,74,74,2176,74,74,74,22,2176,74,2176,2176,74,2176,0,74,74,74,74,74,74,0,0,0,0,0,0,0,0,0,0,0,0,0,0,0,0,0,0,0,0,0,0
2216,0,2216,0,2216,0,0,0,2216,2216,0,2216,0,0,0,0,2216,0,0,0,0,2216,0,2216,2216,0,2216,0,0,0,0,0,0,0,20,0,0,0,0,0,0,0,0,0,0,0,0,0,0,0,0,0,0,0,0,0
2258,0,2258,0,2258,26,26,0,2258,2258,0,2258,26,0,26,26,2258,26,26,26,29,2258,26,2258,2258,26,2258,0,26,26,26,26,26,26,0,0,0,0,0,0,0,0,0,0,0,0,0,0,0,0,0,0,0,0,0,0
2024,0,2024,0,2024,0,0,0,2024,2024,0,2024,0,0,0,0,2024,0,0,0,24,2024,0,2024,2024,0,2024,0,0,0,0,0,0,0,20,0,0,0,0,0,0,0,0,0,0,0,0,0,0,0,0,0,0,0,0,0
2333,0,2333,0,2333,0,0,0,2333,2333,0,2333,0,0,0,0,2333,0,0,0,24,2333,0,2333,2333,0,2333,0,0,0,0,0,0,0,99,0,0,0,0,0,0,0,0,0,0,0,0,0,0,0,0,0,0,0,0,0
2043,0,2043,0,2043,36,36,0,2043,2043,0,2043,36,0,36,36,2043,36,36,36,20,2043,36,2043,2043,36,2043,0,36,36,36,36,36,36,93,0,0,0,0,0,0,0,0,0,0,0,0,0,0,0,0,0,0,0,0,0
2498,0,2498,0,2498,0,0,0,2498,2498,0,2498,0,0,0,0,2498,0,0,0,0,2498,0,2498,2498,0,2498,0,0,0,0,0,0,0,105,0,0,0,0,0,0,0,0,0,0,0,0,0,0,0,0,0,0,0,0,0
2497,0,2497,0,2497,0,0,0,2497,2497,0,2497,0,0,0,0,2497,0,0,0,24,2497,0,2497,2497,0,2497,0,0,0,0,0,0,0,124,0,0,0,0,0,0,0,0,0,0,0,0,0,0,0,0,0,0,0,0,0
2352,0,2352,0,2352,0,0,0,2352,2352,0,2352,0,0,0,0,2352,0,0,0,33,2352,0,2352,2352,0,2352,0,0,0,0,0,0,0,140,28,0,0,0,0,0,0,0,0,0,0,0,0,0,0,0,0,0,0,0,0
2472,0,2472,0,2472,0,0,0,2472,2472,0,2472,0,0,0,0,2472,0,0,0,38,2472,0,2472,2472,0,2472,20,0,0,0,0,0,0,120,0,0,0,0,0,0,0,0,0,0,0,0,0,0,0,0,0,0,0,0,0
2292,0,2292,0,2292,0,0,0,2292,2292,0,2292,0,0,0,0,2292,0,0,0,45,2292,0,2292,2292,0,2292,0,0,0,0,0,0,0,147,0,0,0,0,0,0,0,0,0,0,0,0,0,0,0,0,0,0,0,0,0
2276,0,2276,0,2276,0,0,0,2276,2276,0,2276,0,0,0,0,2276,0,0,0,41,2276,0,2276,2276,0,2276,0,0,0,0,0,0,0,122,0,0,0,0,0,0,0,0,0,0,0,0,0,0,0,0,0,0,0,0,0
2371,0,2371,0,2371,0,0,0,2371,2371,0,2371,0,0,0,0,2371,0,0,0,54,2371,0,2371,2371,0,2371,0,0,0,0,0,0,0,141,0,0,0,0,0,0,0,0,0,0,0,0,0,0,0,0,0,0,0,0,0
2415,0,2415,0,2415,0,0,0,2415,2415,0,2415,0,0,0,0,2415,0,0,0,55,2415,0,2415,2415,0,2415,0,0,0,0,0,0,0,151,0,0,0,0,0,0,0,0,0,0,0,0,0,0,0,0,0,0,0,0,0
2254,0,2254,0,2254,21,21,0,2254,2254,0,2254,21,0,21,21,2254,21,21,21,38,2254,21,2254,2254,21,2254,0,21,21,21,21,21,21,173,0,0,0,0,0,0,0,0,0,0,0,0,0,0,0,0,0,0,0,0,0
2246,0,2246,0,2246,0,0,0,2246,2246,0,2246,0,0,0,0,2246,0,0,0,29,2246,0,2246,2246,0,2246,0,0,0,0,0,0,0,144,0,0,0,0,0,0,0,0,0,0,0,0,0,0,0,0,0,0,0,0,0
1782,0,1782,0,1782,0,0,0,1782,1782,0,1782,0,0,0,0,1782,0,0,0,0,1782,0,1782,1782,0,1782,0,0,0,0,0,0,0,212,267,0,0,0,0,0,0,0,0,0,0,0,0,0,0,0,0,0,0,0,0
1337,0,1337,0,1337,0,0,0,1337,1337,0,1337,0,0,0,0,1337,0,0,0,25,1337,0,1337,1337,0,1337,0,0,0,0,0,0,0,154,659,0,0,0,0,0,0,0,0,0,0,0,0,0,0,0,0,0,0,0,0
1935,0,1935,0,1935,0,0,0,1935,1935,0,1935,0,0,0,0,1935,0,0,0,34,1935,0,1935,1935,0,1935,0,0,0,0,0,0,0,197,1935,0,0,0,0,0,0,0,0,0,0,0,0,0,0,0,0,0,0,0,0
1812,0,1812,0,1812,0,0,0,1812,1812,0,1812,0,0,0,0,1812,0,0,0,40,1812,0,1812,1812,0,1812,0,0,0,0,0,0,0,205,1812,215,0,0,0,0,0,0,0,0,0,0,0,0,0,0,0,0,0,0,0
1716,0,1716,0,1716,0,0,0,1716,1716,0,1716,0,0,0,0,1716,0,0,0,0,1716,0,1716,1716,0,1716,0,0,0,0,0,0,0,231,1716,173,0,0,0,0,0,0,0,0,0,0,0,0,0,0,0,0,0,0,0
1649,0,1649,0,1649,0,0,0,1649,1649,0,1649,0,0,0,0,1649,0,0,0,0,1649,0,1649,1649,0,1649,21,0,0,0,0,0,0,300,1649,213,0,0,0,0,0,0,0,0,0,0,0,0,0,0,0,0,0,0,0
1831,0,1831,0,1831,0,0,0,1831,1831,0,1831,0,0,0,0,1831,0,0,0,0,1831,0,1831,1831,0,1831,20,0,0,0,0,0,0,312,1831,0,0,0,0,0,0,0,0,0,0,0,0,0,0,0,0,0,0,0,0
1825,0,1825,0,1825,0,0,0,1825,1825,0,1825,0,0,0,0,1825,0,0,0,24,1825,0,1825,1825,0,1825,0,0,0,0,0,0,0,316,1825,22,0,0,0,0,0,0,0,0,0,0,0,0,0,0,0,0,0,0,0
1631,0,1631,0,1631,0,0,0,1631,1631,0,1631,0,0,0,0,1631,0,0,0,55,1631,0,1631,1631,0,1631,0,0,0,0,0,0,0,334,1631,334,0,0,0,0,0,0,0,0,0,0,0,0,0,0,0,0,0,0,0
1640,0,1640,0,1640,0,0,0,1640,1640,0,1640,0,0,0,0,1640,0,0,0,75,1640,0,1640,1640,0,1640,0,0,0,0,0,0,0,297,1640,297,194,0,0,0,0,0,0,0,0,0,0,0,0,0,0,0,0,0,0
1603,0,1603,0,1603,0,0,0,1603,1603,0,1603,0,0,0,0,1603,0,0,0,34,1603,0,1603,1603,0,1603,20,0,0,0,0,0,0,319,1603,319,147,20,0,0,0,0,0,0,0,0,0,0,0,0,0,0,0,0,0
1708,0,1708,0,1708,0,0,0,1708,1708,0,1708,0,0,0,0,1708,0,0,0,34,1708,0,1708,1708,0,1708,0,0,0,0,0,0,0,259,1708,259,0,0,0,0,0,0,0,0,0,0,0,0,0,0,0,0,0,0,0
1860,0,1860,0,1860,0,0,0,1860,1860,0,1860,0,0,0,0,1860,0,0,0,0,1860,0,1860,1860,0,1860,29,0,0,0,0,0,0,357,1860,357,0,0,0,0,0,0,0,0,0,0,0,0,0,0,0,0,0,0,0
1819,0,1819,0,1819,0,0,0,1819,1819,0,1819,0,0,0,0,1819,0,0,0,22,1819,0,1819,1819,0,1819,0,0,0,0,0,0,0,308,1819,308,174,0,0,0,0,0,0,0,0,0,0,0,0,0,0,0,0,0,0
1878,0,1878,0,1878,0,0,0,1878,1878,0,1878,0,0,0,0,1878,0,0,0,28,1878,0,1878,1878,0,1878,0,0,0,0,0,0,0,309,1878,309,0,0,27,0,0,0,0,0,0,0,0,0,0,0,0,0,0,0,0
1843,0,1843,0,1843,0,0,0,1843,1843,0,1843,0,0,0,0,1843,0,0,0,36,1843,0,1843,1843,0,1843,29,0,0,0,0,0,0,349,1843,349,0,0,0,0,0,0,0,0,0,0,0,0,0,0,0,0,0,0,0
1727,0,1727,0,1727,0,0,0,1727,1727,0,1727,0,0,0,0,1727,0,0,0,20,1727,0,1727,1727,0,1727,20,0,0,0,0,0,0,324,1727,324,0,0,0,20,26,0,0,0,0,0,0,0,0,0,0,0,0,0,0
1798,0,1798,0,1798,0,0,0,1798,1798,0,1798,0,0,0,0,1798,0,0,0,21,1798,0,1798,1798,0,1798,0,0,0,0,0,0,0,338,1798,338,0,0,0,0,0,0,0,0,0,0,0,0,0,0,0,0,0,0,0
1583,0,1583,0,1583,0,0,0,1583,1583,0,1583,0,0,0,0,1583,0,0,0,21,1583,0,1583,1583,0,1583,0,0,0,0,0,0,0,274,1583,274,142,0,0,22,23,0,0,0,0,0,0,0,0,0,0,0,0,0,0
1570,0,1570,0,1570,0,0,0,1570,1570,0,1570,0,0,0,0,1570,0,0,0,0,1570,0,1570,1570,0,1570,36,0,0,0,0,0,0,301,1570,301,82,0,0,40,28,0,0,0,0,0,0,0,0,0,0,0,0,0,0
1491,0,1491,0,1491,0,0,0,1491,1491,0,1491,0,0,0,0,1491,0,0,0,0,1491,0,1491,1491,0,1491,34,0,0,0,0,0,0,282,1491,282,60,0,0,34,29,0,0,0,0,0,0,0,0,0,0,0,0,0,0
1631,0,1631,0,1631,0,0,0,1631,1631,0,1631,0,0,0,0,1631,0,0,0,0,1631,0,1631,1631,0,1631,42,0,0,0,0,0,0,311,1631,311,0,0,0,42,39,0,0,0,0,0,0,0,0,0,0,0,0,0,0
1356,0,1356,0,1356,0,0,0,1356,1356,0,1356,0,0,0,0,1356,0,0,0,23,1356,0,1356,1356,0,1356,23,0,0,0,0,0,0,360,1356,360,52,0,0,23,21,0,0,0,0,0,0,0,0,0,0,0,0,0,0
1352,0,1352,0,1352,0,0,0,1352,1352,0,1352,0,0,0,0,1352,0,0,0,0,1352,0,1352,1352,0,1352,40,0,0,0,0,0,0,318,1352,318,0,0,0,40,40,0,0,0,0,0,0,0,0,0,0,0,0,0,0
1151,0,1151,0,1151,0,0,0,1151,1151,0,1151,0,0,0,0,1151,0,0,0,0,1151,0,1151,1151,0,1151,45,0,0,0,0,0,0,393,1151,393,117,0,0,45,45,0,0,0,0,0,0,0,0,0,0,0,0,0,0
646,0,646,0,646,0,0,0,646,646,0,646,0,0,0,0,646,0,0,0,0,646,0,646,646,0,646,32,0,0,0,0,0,0,286,646,286,127,0,0,32,32,0,0,0,0,0,0,0,0,0,0,0,0,0,0
907,0,907,0,907,0,0,0,907,907,0,907,0,0,0,0,907,0,0,0,0,907,0,907,907,0,907,31,0,0,0,0,0,0,309,907,309,333,0,0,31,31,0,0,0,0,0,0,0,0,0,0,0,0,0,0
879,0,879,0,879,0,0,0,879,879,0,879,0,0,0,0,879,0,0,0,0,879,0,879,879,0,879,27,0,0,0,0,0,0,290,879,290,54,0,0,27,27,0,0,0,0,0,0,0,0,0,0,0,0,0,0
691,0,691,0,691,0,0,0,691,691,0,691,0,0,0,0,691,0,0,0,0,691,0,691,691,0,691,71,0,0,0,0,0,0,217,691,217,124,0,0,71,71,0,0,0,0,0,0,0,0,0,0,0,0,0,0
959,0,959,0,959,0,0,0,959,959,0,959,0,0,0,0,959,0,0,0,0,959,0,959,959,0,959,74,0,0,0,0,0,0,215,959,215,0,0,0,74,74,0,0,0,0,0,0,0,0,0,0,0,0,0,0
523,0,523,0,523,0,0,0,523,523,0,523,0,0,0,0,523,0,0,0,21,523,0,523,523,0,523,64,0,0,0,0,0,0,206,523,206,70,0,0,64,64,0,0,0,0,0,0,0,0,0,0,0,0,0,0
707,0,707,0,707,0,0,0,707,707,0,707,0,0,0,0,707,0,0,0,20,707,0,707,707,0,707,78,0,0,0,0,0,0,272,707,272,146,0,0,78,78,0,0,0,0,0,0,0,0,0,0,0,0,0,0
667,0,667,0,667,0,0,0,667,667,0,667,0,0,0,0,667,0,0,0,21,667,0,667,667,0,667,88,0,0,0,0,0,0,216,667,216,108,0,0,88,88,0,0,0,0,0,0,0,0,0,0,0,0,0,0
631,0,631,0,631,0,0,0,631,631,0,631,0,0,0,0,631,0,0,0,37,631,0,631,631,0,631,72,0,0,0,0,0,0,199,631,199,17,0,0,72,72,0,0,0,0,0,0,0,0,0,0,0,0,0,0
922,0,922,0,922,0,0,0,922,922,0,922,0,0,0,0,922,0,0,0,29,922,0,922,922,0,922,69,0,0,0,0,0,0,243,922,243,87,0,0,69,69,0,0,0,0,0,0,0,0,0,0,0,0,0,0
635,0,635,0,635,0,0,0,635,635,0,635,0,0,0,0,635,0,0,0,22,635,0,635,635,0,635,121,0,0,0,0,0,0,224,635,224,34,0,0,121,121,0,0,0,0,0,0,0,0,0,0,0,0,0,0
796,0,796,0,796,0,0,0,796,796,0,796,0,0,0,0,796,0,0,0,23,796,0,796,796,0,796,127,0,0,0,0,0,0,220,796,220,21,0,0,127,127,0,0,0,0,0,0,0,0,0,0,0,0,0,0
1098,0,1098,0,1098,0,0,0,1098,1098,0,1098,0,0,0,0,1098,0,0,0,33,1098,0,1098,1098,0,1098,123,0,0,0,0,0,0,226,1098,226,0,0,0,123,123,0,0,0,0,0,0,0,0,0,0,0,0,0,0
788,0,788,0,788,0,0,0,788,788,0,788,0,0,0,0,788,0,0,0,0,788,0,788,788,0,788,191,0,0,0,0,0,0,210,788,210,258,0,0,191,191,0,0,0,0,0,0,0,0,0,0,0,0,0,0
1025,0,1025,0,1025,0,0,0,1025,1025,0,1025,0,0,0,0,1025,0,0,0,26,1025,0,1025,1025,0,1025,115,0,0,0,0,0,0,199,1025,199,1025,0,0,115,115,0,0,0,0,0,0,0,0,0,0,0,0,0,0
629,0,629,0,629,0,0,0,629,629,0,629,0,0,0,0,629,0,0,0,26,629,0,629,629,0,629,125,0,0,0,0,0,0,172,629,172,629,0,0,125,125,0,0,0,0,0,0,0,0,0,0,0,0,0,0
1011,0,1011,0,1011,0,0,0,1011,1011,0,1011,0,0,0,0,1011,0,0,0,21,1011,0,1011,1011,0,1011,108,0,0,0,0,0,0,143,1011,143,1011,0,21,108,108,24,0,0,0,0,0,0,0,0,0,0,0,0,0
935,0,935,0,935,0,0,0,935,935,0,935,0,0,0,0,935,0,0,0,23,935,0,935,935,0,935,114,0,0,0,0,0,0,173,935,173,935,0,23,114,114,0,0,0,0,0,0,0,0,0,0,0,0,0,0
119,0,119,0,119,0,0,0,119,119,0,119,0,0,0,0,119,0,0,0,28,119,0,119,119,0,119,89,0,0,0,0,0,0,144,119,144,119,0,28,89,89,193,23,0,0,0,0,0,0,0,0,0,0,0,0
86,0,86,0,86,0,0,0,86,86,0,86,0,0,0,0,86,0,0,0,32,86,0,86,86,0,86,102,0,0,0,0,0,0,156,86,156,86,0,32,102,102,230,21,0,0,0,0,0,0,0,0,0,0,0,0
269,0,269,0,269,0,0,0,269,269,0,269,0,0,0,0,269,0,0,0,23,269,0,269,269,0,269,66,0,0,0,0,0,0,168,269,168,269,0,23,66,66,269,34,88,0,0,0,0,0,0,0,0,0,0,0
171,0,171,0,171,0,0,0,171,171,0,171,0,0,0,0,171,0,0,0,0,171,0,171,171,0,171,61,0,0,0,0,0,0,207,171,207,171,0,0,61,61,171,35,807,0,0,0,0,0,0,0,0,0,0,0
207,0,207,0,207,0,0,0,207,207,0,207,0,0,0,0,207,0,0,0,33,207,0,207,207,0,207,112,0,0,0,0,0,0,170,207,170,207,0,33,112,112,207,37,807,0,0,0,0,0,0,0,0,0,0,0
146,0,146,0,146,0,0,0,146,146,0,146,0,0,0,0,146,0,0,0,31,146,0,146,146,0,146,70,0,0,0,0,0,0,185,146,185,146,0,31,70,70,146,33,635,0,0,0,0,0,0,0,0,0,0,0
129,0,129,0,129,0,0,0,129,129,0,129,0,0,0,0,129,0,0,0,30,129,0,129,129,0,129,100,0,0,0,0,0,0,189,129,189,129,0,30,100,100,129,39,741,0,0,0,0,0,0,0,0,0,0,0
132,0,132,0,132,0,0,0,132,132,0,132,0,0,0,0,132,0,0,0,21,132,0,132,132,0,132,104,0,0,0,0,0,0,190,132,190,132,0,21,104,104,132,21,764,0,0,0,0,0,0,0,0,0,0,0
117,0,117,0,117,0,0,0,117,117,0,117,0,0,0,0,117,0,0,0,0,117,0,117,117,0,117,127,0,0,0,0,0,0,184,117,184,117,0,0,127,127,117,0,725,46,0,0,0,0,0,0,0,0,0,0
118,0,118,0,118,0,0,0,118,118,0,118,0,0,0,0,118,0,0,0,21,118,0,118,118,0,118,142,0,0,0,0,0,0,186,118,186,118,0,21,142,142,118,21,815,30,0,0,0,0,0,0,0,0,0,0
91,0,91,0,91,0,0,0,91,91,0,91,0,0,0,0,91,0,0,0,26,91,0,91,91,0,91,119,0,0,0,0,0,0,210,91,210,91,0,26,119,119,91,26,938,39,0,0,0,0,0,0,0,0,0,0
176,0,176,0,176,0,0,0,176,176,0,176,0,0,0,0,176,0,0,0,36,176,0,176,176,0,176,92,0,0,0,0,0,0,213,176,213,176,0,36,92,92,176,36,942,22,0,0,0,0,0,0,0,0,0,0
82,21,82,21,82,0,0,0,82,82,0,82,0,0,0,0,82,0,0,0,0,82,0,82,82,0,82,149,0,0,0,0,0,0,251,82,251,82,0,0,149,149,82,0,903,26,0,0,0,0,0,0,0,0,0,0
179,23,179,23,179,0,0,0,179,179,0,179,0,0,0,0,179,0,0,0,0,179,0,179,179,0,179,135,0,0,0,0,0,0,322,179,322,179,0,0,135,135,179,0,901,23,0,0,0,0,0,0,0,0,0,0
89,28,89,28,89,0,0,0,89,89,0,89,0,0,0,0,89,0,0,0,43,89,0,89,89,0,89,129,0,0,0,0,0,0,353,89,353,89,0,43,129,129,89,43,883,28,0,0,0,0,0,0,0,0,0,0
47,37,47,37,47,0,0,0,47,47,0,47,0,0,0,0,47,0,0,0,34,47,0,47,47,0,47,167,0,0,0,0,0,0,379,47,379,47,0,34,167,167,47,34,781,37,0,0,0,0,0,0,0,0,0,0
63,43,63,43,63,0,0,0,63,63,0,63,0,0,0,0,63,0,0,0,23,63,0,63,63,0,63,136,0,0,0,0,0,0,364,63,364,63,0,23,136,136,63,23,631,43,0,0,0,0,0,0,0,0,0,0
67,0,67,0,67,0,0,0,67,67,0,67,0,0,0,0,67,0,0,0,34,67,0,67,67,0,67,116,0,0,0,0,0,0,367,67,367,67,0,34,116,116,67,34,662,0,0,0,0,0,0,0,0,0,0,0
101,37,101,37,101,0,0,0,101,101,0,101,0,0,0,0,101,0,0,0,35,101,0,101,101,0,101,130,0,0,0,0,0,0,336,101,336,101,0,35,130,130,101,35,663,37,0,0,0,0,0,0,0,0,0,0
66,0,66,0,66,0,0,0,66,66,0,66,0,0,0,0,66,0,0,0,56,66,0,66,66,0,66,59,0,0,0,0,0,0,345,66,345,66,0,56,59,59,66,56,675,0,0,0,0,0,0,0,0,0,0,0
75,31,75,31,75,0,0,0,75,75,0,75,0,0,0,0,75,0,0,0,59,75,0,75,75,0,75,86,0,0,0,0,0,0,388,75,388,75,0,59,86,86,75,59,669,31,0,0,0,0,0,0,0,0,0,0
71,26,71,26,71,0,0,0,71,71,0,71,0,0,0,0,71,0,0,0,42,71,0,71,71,0,71,73,0,0,0,0,0,0,414,71,414,71,0,42,73,73,71,42,514,26,0,0,0,0,0,0,0,0,0,0
77,31,77,31,77,0,0,0,77,77,0,77,0,0,0,0,77,0,0,0,66,77,0,77,77,0,77,94,0,0,0,0,0,0,512,77,512,77,0,66,94,94,77,66,377,31,0,0,0,0,0,0,0,0,0,0
72,32,72,32,72,0,0,0,72,72,0,72,0,0,0,0,72,0,0,0,61,72,0,72,72,0,72,58,0,0,0,0,0,0,372,72,372,72,0,61,58,58,72,61,410,32,0,0,0,0,0,0,0,0,0,0
148,29,148,29,148,0,0,0,148,148,0,148,0,0,0,0,148,0,0,0,68,148,0,148,148,0,148,83,0,0,0,0,0,0,465,148,465,148,0,68,83,83,148,68,449,29,0,0,0,0,0,0,0,0,0,0
76,24,76,24,76,0,0,0,76,76,0,76,0,0,0,0,76,0,0,0,81,76,0,76,76,0,76,42,0,0,0,0,0,0,446,76,446,76,0,81,42,42,76,81,446,24,0,0,0,0,0,0,0,0,0,0
54,119,54,119,54,0,0,0,54,54,0,54,0,0,0,0,54,0,0,0,119,54,0,54,54,0,54,46,0,0,0,0,0,0,490,54,490,54,0,119,46,46,54,119,406,119,0,0,0,0,0,0,0,0,0,0
56,81,56,81,56,0,0,0,56,56,0,56,0,0,0,0,56,0,0,0,81,56,0,56,56,0,56,36,0,0,0,0,0,0,517,56,517,56,0,81,36,36,56,81,339,81,0,0,0,0,0,0,0,0,0,0
89,59,89,59,89,0,0,0,89,89,0,89,0,0,0,0,89,0,0,0,59,89,0,89,89,0,89,42,0,0,0,0,0,0,600,89,600,89,0,59,42,42,89,59,364,59,0,0,0,0,0,0,0,0,0,0
38,40,38,40,38,0,0,0,38,38,0,38,0,0,0,0,38,0,0,0,40,38,0,38,38,0,38,44,0,0,0,0,0,0,471,38,471,38,0,40,44,44,38,40,360,40,0,0,0,0,0,0,0,0,0,0
52,39,52,39,52,0,0,0,52,52,0,52,0,0,0,0,52,0,0,0,39,52,0,52,52,0,52,38,0,0,0,0,0,0,573,52,573,52,0,39,38,38,52,39,334,39,0,0,0,0,0,0,0,0,0,0
40,45,40,45,40,0,0,0,40,40,0,40,0,0,0,0,40,0,0,0,45,40,0,40,40,0,40,44,0,0,0,0,0,0,573,40,573,40,0,45,44,44,40,45,365,45,0,0,0,0,0,0,0,0,0,0
47,23,47,23,47,0,0,0,47,47,0,47,0,0,0,0,47,0,0,0,23,47,0,47,47,0,47,53,0,0,0,0,0,0,571,47,571,47,0,23,53,53,47,23,279,23,0,0,0,0,0,0,0,0,0,0
27,43,27,43,27,0,0,0,27,27,0,27,0,0,0,0,27,0,0,0,43,27,0,27,27,0,27,47,0,0,0,0,0,0,633,27,633,27,0,43,47,47,27,43,318,43,0,0,0,0,0,0,0,0,0,0
45,40,45,40,45,0,0,0,45,45,0,45,0,0,0,0,45,0,0,0,40,45,0,45,45,0,45,69,0,0,0,0,0,0,857,45,857,45,0,40,69,69,45,40,308,40,50,0,0,0,0,0,0,0,0,0
41,46,41,46,41,0,0,0,41,41,0,41,0,0,0,0,41,0,0,0,46,41,0,41,41,0,41,69,0,0,0,0,0,0,886,41,886,41,0,46,69,69,41,46,288,46,52,0,0,0,0,0,0,0,0,0
38,52,38,52,38,0,0,0,38,38,0,38,0,0,0,0,38,0,0,0,52,38,0,38,38,0,38,24,0,0,0,0,0,0,892,38,892,38,0,52,24,24,38,52,282,52,65,0,0,0,0,0,0,0,0,0
44,36,44,36,44,0,0,0,44,44,0,44,0,0,0,0,44,0,0,0,36,44,0,44,44,0,44,80,0,0,0,0,0,0,850,44,850,44,0,36,80,80,44,36,316,36,59,0,0,0,0,0,0,0,0,0
28,35,28,35,28,0,0,0,28,28,0,28,0,0,0,0,28,0,0,0,35,28,0,28,28,0,28,63,0,0,0,0,0,0,877,28,877,28,0,35,63,63,28,35,341,35,62,0,0,0,0,0,0,0,0,0
35,38,35,38,35,0,0,0,35,35,0,35,0,0,0,0,35,0,0,0,38,35,0,35,35,0,35,74,0,0,0,0,0,0,881,35,881,35,0,38,74,74,35,38,327,38,87,0,0,0,0,0,0,0,0,0
26,35,26,35,26,0,0,0,26,26,0,26,0,0,0,0,26,0,0,0,35,26,0,26,26,0,26,59,0,0,0,0,0,0,766,26,766,26,0,35,59,59,26,35,273,35,86,0,0,0,0,0,0,0,0,0
305,22,305,22,305,0,0,0,305,305,0,305,0,0,0,0,305,0,0,0,22,305,0,305,305,0,305,61,0,0,0,0,0,0,739,305,739,305,0,22,61,61,305,22,305,22,58,0,0,0,0,0,0,0,0,0
252,29,252,29,252,0,0,0,252,252,0,252,0,0,0,0,252,0,0,0,29,252,0,252,252,0,252,61,0,0,0,0,0,0,722,252,722,252,0,29,61,61,252,29,252,29,47,34,0,0,0,0,0,0,0,0
213,0,213,0,213,0,0,0,213,213,0,213,0,0,0,0,213,0,0,0,0,213,0,213,213,0,213,76,0,0,0,0,0,0,676,213,676,213,0,0,76,76,213,0,213,0,50,34,0,0,0,0,0,0,0,0
148,0,148,0,148,0,0,0,148,148,0,148,0,0,0,0,148,0,0,0,0,148,0,148,148,0,148,0,0,0,0,0,0,0,387,148,387,148,0,0,0,0,148,0,148,0,20,37,0,0,0,0,0,0,0,0
0,0,0,0,0,0,0,0,0,0,0,0,0,0,0,0,0,0,0,0,0,0,0,0,0,0,0,0,0,0,0,0,0,0,0,0,0,0,0,0,0,0,0,0,0,0,0,0,0,0,0,0,0,0,0,0
0,0,0,0,0,0,0,0,0,0,0,0,0,0,0,0,0,0,0,0,0,0,0,0,0,0,0,0,0,0,0,0,0,0,0,0,0,0,0,0,0,0,0,0,0,0,0,0,0,0,0,0,0,0,0,0
0,0,0,0,0,0,0,0,0,0,0,0,0,0,0,0,0,0,0,0,0,0,0,0,0,0,0,0,0,0,0,0,0,0,0,0,0,0,0,0,0,0,0,0,0,0,0,0,0,0,0,0,0,0,0,0
0,0,0,0,0,0,0,0,0,0,0,0,0,0,0,0,0,0,0,0,0,0,0,0,0,0,0,0,0,0,0,0,0,0,0,0,0,0,0,0,0,0,0,0,0,0,0,0,0,0,0,0,0,0,0,0
0,0,0,0,0,0,0,0,0,0,0,0,0,0,0,0,0,0,0,0,0,0,0,0,0,0,0,0,0,0,0,0,0,0,0,0,0,0,0,0,0,0,0,0,0,0,0,0,0,0,0,0,0,0,0,0
0,0,0,0,0,0,0,0,0,0,0,0,0,0,0,0,0,0,0,0,0,0,0,0,0,0,0,0,0,0,0,0,0,0,0,0,0,0,0,0,0,0,0,0,0,0,0,0,0,0,0,0,0,0,0,0
0,0,0,0,0,0,0,0,0,0,0,0,0,0,0,0,0,0,0,0,0,0,0,0,0,0,0,0,0,0,0,0,0,0,0,0,0,0,0,0,0,0,0,0,0,0,0,0,0,0,0,0,0,0,0,0
0,0,0,0,0,0,0,0,0,0,0,0,0,0,0,0,0,0,0,0,0,0,0,0,0,0,0,0,0,0,0,0,0,0,0,0,0,0,0,0,0,0,0,0,0,0,0,0,0,0,0,0,0,0,0,0
0,0,0,0,0,0,0,0,0,0,0,0,0,0,0,0,0,0,0,0,0,0,0,0,0,0,0,0,0,0,0,0,0,0,0,0,0,0,0,0,0,0,0,0,0,0,0,0,0,0,0,0,0,0,0,0
0,0,0,0,0,0,0,0,0,0,0,0,0,0,0,0,0,0,0,0,0,0,0,0,0,0,0,0,0,0,0,0,0,0,0,0,0,0,0,0,0,0,0,0,0,0,0,0,0,0,0,0,0,0,0,0
0,0,0,0,0,0,0,0,0,0,0,0,0,0,0,0,0,0,0,0,0,0,0,0,0,0,0,0,0,0,0,0,0,0,0,0,0,0,0,0,0,0,0,0,0,0,0,0,0,0,0,0,0,0,0,0
0,0,0,0,0,0,0,0,0,0,0,0,0,0,0,0,0,0,0,0,0,0,0,0,0,0,0,0,0,0,0,0,0,0,0,0,0,0,0,0,0,0,0,0,0,0,0,0,0,0,0,0,0,0,0,0
0,0,0,0,0,0,0,0,0,0,0,0,0,0,0,0,0,0,0,0,0,0,0,0,0,0,0,0,0,0,0,0,0,0,0,0,0,0,0,0,0,0,0,0,0,0,0,0,0,0,0,0,0,0,0,0
0,0,0,0,0,0,0,0,0,0,0,0,0,0,0,0,0,0,0,0,0,0,0,0,0,0,0,0,0,0,0,0,0,0,0,0,0,0,0,0,0,0,0,0,0,0,0,0,0,0,0,0,0,0,0,0
0,0,0,0,0,0,0,0,0,0,0,0,0,0,0,0,0,0,0,0,0,0,0,0,0,0,0,0,0,0,0,0,0,0,0,0,0,0,0,0,0,0,0,0,0,0,0,0,0,0,0,0,0,0,0,0
0,0,0,0,0,0,0,0,0,0,0,0,0,0,0,0,0,0,0,0,0,0,0,0,0,0,0,0,0,0,0,0,0,0,0,0,0,0,0,0,0,0,0,0,0,0,0,0,0,0,0,0,0,0,0,0
45,0,45,0,45,0,0,0,45,45,0,45,0,0,0,0,45,0,0,0,0,45,0,45,45,0,45,40,0,0,0,0,0,0,426,45,426,45,0,0,40,40,45,0,45,0,0,20,0,0,0,0,0,0,0,0
56,0,56,0,56,0,0,0,56,56,0,56,0,0,0,0,56,0,0,0,0,56,0,56,56,0,56,63,0,0,0,0,0,0,670,56,670,56,0,0,63,63,56,0,56,0,22,48,0,0,0,0,0,0,0,0
62,0,62,0,62,0,0,0,62,62,0,62,0,0,0,0,62,0,0,0,0,62,0,62,62,0,62,84,0,0,0,0,0,0,702,62,702,62,0,0,84,84,62,0,62,0,0,56,33,0,0,0,0,0,0,0
36,0,36,0,36,0,0,0,36,36,0,36,0,0,0,0,36,0,0,0,0,36,0,36,36,0,36,70,0,0,0,0,0,0,745,36,745,36,0,0,70,70,36,0,36,0,23,36,0,0,0,0,0,0,0,0
33,0,33,0,33,0,0,0,33,33,0,33,0,0,0,0,33,0,0,0,0,33,0,33,33,0,33,69,0,0,0,0,0,0,526,33,526,33,0,0,69,69,33,0,33,0,0,33,0,0,0,0,0,0,0,0
29,0,29,0,29,0,0,0,29,29,0,29,0,0,0,0,29,0,0,0,0,29,0,29,29,0,29,58,0,0,0,0,0,0,549,29,549,29,0,0,58,58,29,0,29,0,0,29,36,0,0,0,0,0,0,0
496,0,496,0,496,0,0,0,496,496,0,496,0,0,0,0,496,0,0,0,0,496,0,496,496,0,496,64,0,0,0,0,0,0,496,496,496,496,0,0,64,64,496,0,496,0,0,496,496,0,0,0,0,0,0,0
503,0,503,0,503,0,0,0,503,503,0,503,0,0,0,0,503,0,0,0,0,503,0,503,503,0,503,67,0,0,0,0,0,0,503,503,503,503,0,0,67,67,503,0,503,0,0,503,503,20,21,0,0,0,0,0
528,0,528,0,528,0,0,0,528,528,0,528,0,0,0,0,528,0,0,0,0,528,0,528,528,0,528,63,0,0,0,0,0,0,528,528,528,528,0,0,63,63,528,0,528,0,0,528,528,94,0,0,0,0,0,0
646,0,646,0,646,0,0,0,646,646,0,646,0,0,0,0,646,0,0,0,0,646,0,646,646,0,646,72,0,0,0,0,0,0,646,646,646,646,0,0,72,72,646,0,646,0,0,646,646,646,32,0,0,0,0,0
538,0,538,0,538,0,0,0,538,538,0,538,0,0,0,0,538,0,0,0,0,538,0,538,538,0,538,78,0,0,0,0,0,0,538,538,538,538,0,0,78,78,538,0,538,0,0,538,538,538,34,0,0,0,0,0
559,0,559,0,559,0,0,0,559,559,0,559,0,0,0,0,559,0,0,0,0,559,0,559,559,0,559,81,0,0,0,0,0,0,559,559,559,559,0,0,81,81,559,0,559,0,21,559,559,559,0,0,0,0,0,0
565,0,565,0,565,0,0,0,565,565,0,565,0,0,0,0,565,0,0,0,0,565,0,565,565,0,565,93,0,0,0,0,0,0,565,565,565,565,0,0,93,93,565,0,565,0,0,565,565,565,23,0,0,0,0,0
385,21,385,21,385,0,0,0,385,385,0,385,0,0,0,0,385,0,0,0,21,385,0,385,385,0,385,80,0,0,0,0,0,0,385,385,385,385,0,21,80,80,385,21,385,21,30,385,385,385,0,0,0,0,0,0
369,29,369,29,369,0,0,0,369,369,0,369,0,0,0,0,369,0,0,0,29,369,0,369,369,0,369,68,0,0,0,0,0,0,369,369,369,369,0,29,68,68,369,29,369,29,21,369,369,369,41,0,0,0,0,0
520,0,520,0,520,0,0,0,520,520,0,520,0,0,0,0,520,0,0,0,0,520,0,520,520,0,520,80,0,0,0,0,0,0,520,520,520,520,0,0,80,80,520,0,520,0,0,520,520,520,35,0,0,0,0,0
177,0,177,0,177,0,0,0,177,177,0,177,0,0,0,0,177,0,0,0,0,177,0,177,177,0,177,87,0,0,0,0,0,0,177,177,177,177,0,0,87,87,177,0,177,0,0,177,177,177,30,0,0,0,0,0
373,0,373,0,373,0,0,0,373,373,0,373,0,0,0,0,373,0,0,0,0,373,0,373,373,0,373,93,0,0,0,0,0,0,373,373,373,373,0,0,93,93,373,0,373,0,0,373,373,373,26,37,0,0,0,0
445,0,445,0,445,0,0,0,445,445,0,445,0,0,0,0,445,0,0,0,0,445,0,445,445,0,445,82,0,0,0,0,0,0,445,445,445,445,0,0,82,82,445,0,445,0,0,445,445,445,35,445,0,0,0,0
230,0,230,0,230,0,0,0,230,230,0,230,0,0,0,0,230,0,0,0,0,230,0,230,230,0,230,70,0,0,0,0,0,0,230,230,230,230,0,0,70,70,230,0,230,0,0,230,230,230,39,230,0,0,0,0
428,0,428,0,428,0,0,0,428,428,0,428,0,0,0,0,428,0,0,0,0,428,0,428,428,0,428,63,0,0,0,0,0,0,428,428,428,428,0,0,63,63,428,0,428,0,0,428,428,428,30,428,0,0,0,0
364,0,364,0,364,0,0,0,364,364,0,364,0,0,0,0,364,0,0,0,0,364,0,364,364,0,364,79,0,0,0,0,0,0,364,364,364,364,0,0,79,79,364,0,364,0,0,364,364,364,43,364,0,0,0,0
309,0,309,0,309,0,0,0,309,309,0,309,0,0,0,0,309,0,0,0,0,309,0,309,309,0,309,69,0,0,0,0,0,0,309,309,309,309,0,0,69,69,309,0,309,0,0,309,309,309,23,309,0,0,0,0
163,0,163,0,163,0,0,0,163,163,0,163,0,0,0,0,163,0,0,0,0,163,0,163,163,0,163,78,0,0,0,0,0,0,163,163,163,163,0,0,78,78,163,0,163,0,0,163,163,163,21,163,25,0,0,0
208,0,208,0,208,0,0,0,208,208,0,208,0,0,0,0,208,0,0,0,0,208,0,208,208,0,208,84,0,0,0,0,0,0,208,208,208,208,0,0,84,84,208,0,208,0,0,208,208,208,27,208,0,0,0,0
235,0,235,0,235,0,0,0,235,235,0,235,0,0,0,0,235,0,0,0,0,235,0,235,235,0,235,61,0,0,0,0,0,0,235,235,235,235,0,0,61,61,235,0,235,0,0,235,235,235,0,235,235,0,0,0
356,0,356,0,356,0,0,0,356,356,0,356,0,0,0,0,356,0,0,0,0,356,0,356,356,0,356,85,0,0,0,0,0,0,356,356,356,356,0,0,85,85,356,0,356,0,0,356,356,356,0,356,356,0,0,0
518,0,518,0,518,0,0,0,518,518,0,518,0,0,0,0,518,0,0,0,0,518,0,518,518,0,518,97,0,0,0,0,0,0,518,518,518,518,0,0,97,97,518,0,518,0,0,518,518,518,0,518,518,0,0,0
312,0,312,0,312,0,0,0,312,312,0,312,0,0,0,0,312,0,0,0,0,312,0,312,312,0,312,116,0,0,0,0,0,0,312,312,312,312,0,0,116,116,312,0,312,0,0,312,312,312,24,312,312,0,0,0
416,0,416,0,416,0,0,0,416,416,0,416,0,0,0,0,416,0,0,0,0,416,0,416,416,0,416,108,0,0,0,0,0,0,416,416,416,416,0,0,108,108,416,0,416,0,0,416,416,416,28,416,416,0,0,0
259,0,259,0,259,0,0,0,259,259,0,259,0,0,0,0,259,0,0,0,0,259,0,259,259,0,259,130,0,0,0,0,0,0,259,259,259,259,0,0,130,130,259,0,259,0,0,259,259,259,23,259,259,0,0,0
443,0,443,0,443,0,0,0,443,443,0,443,0,0,0,0,443,0,0,0,0,443,0,443,443,0,443,127,0,0,0,0,0,0,443,443,443,443,0,0,127,127,443,0,443,0,0,443,443,443,36,443,443,0,0,0
524,0,524,0,524,0,0,0,524,524,0,524,0,0,0,0,524,0,0,0,0,524,0,524,524,0,524,140,0,0,0,0,0,0,524,524,524,524,0,0,140,140,524,0,524,0,0,524,524,524,0,524,524,0,0,0
473,0,473,0,473,0,0,0,473,473,0,473,0,0,0,0,473,0,0,0,0,473,0,473,473,0,473,118,0,0,0,0,0,0,473,473,473,473,0,0,118,118,473,0,473,0,0,473,473,473,42,473,473,0,0,0
468,0,468,0,468,0,0,0,468,468,0,468,0,0,0,0,468,0,0,0,0,468,0,468,468,0,468,153,0,0,0,0,0,0,468,468,468,468,0,0,153,153,468,0,468,0,0,468,468,468,0,468,468,0,0,0
471,0,471,0,471,0,0,0,471,471,0,471,0,0,0,0,471,0,0,0,0,471,0,471,471,0,471,113,0,0,0,0,0,0,471,471,471,471,0,0,113,113,471,0,471,0,0,471,471,471,0,471,471,0,0,0
361,0,361,0,361,0,0,0,361,361,0,361,0,0,0,0,361,0,0,0,0,361,0,361,361,0,361,106,0,0,0,0,0,0,361,361,361,361,0,0,106,106,361,0,361,0,0,361,361,361,0,361,361,0,0,0
422,0,422,0,422,0,0,0,422,422,0,422,0,0,0,0,422,0,0,0,0,422,0,422,422,0,422,105,0,0,0,0,0,0,422,422,422,422,0,0,105,105,422,0,422,0,0,422,422,422,0,422,422,0,0,0
47,0,47,0,47,0,0,0,47,47,0,47,0,0,0,0,47,0,0,0,0,47,0,47,47,0,47,120,0,0,0,0,0,0,47,47,47,47,0,0,120,120,47,0,47,0,0,47,47,47,0,47,47,0,0,0
449,0,449,0,449,0,0,0,449,449,0,449,0,0,0,0,449,0,0,0,0,449,0,449,449,0,449,112,0,0,0,0,0,0,449,449,449,449,0,0,112,112,449,0,449,0,0,449,449,449,32,449,449,0,0,0
354,0,354,0,354,0,0,0,354,354,0,354,0,0,0,0,354,0,0,0,0,354,0,354,354,0,354,96,0,0,0,0,0,0,354,354,354,354,0,0,96,96,354,0,354,0,0,354,354,354,0,354,354,0,0,0
375,0,375,0,375,0,0,0,375,375,0,375,0,0,0,0,375,0,0,0,0,375,0,375,375,0,375,111,0,0,0,0,0,0,375,375,375,375,0,0,111,111,375,0,375,0,0,375,375,375,0,375,375,0,0,0
458,0,458,0,458,0,0,0,458,458,0,458,0,0,0,0,458,0,0,0,0,458,0,458,458,0,458,98,0,0,0,0,0,0,458,458,458,458,0,0,98,98,458,0,458,0,0,458,458,458,0,458,458,0,0,0
232,0,232,0,232,0,0,0,232,232,0,232,0,0,0,0,232,0,0,0,0,232,0,232,232,0,232,135,0,0,0,0,0,0,232,232,232,232,0,0,135,135,232,0,232,0,0,232,232,232,0,232,232,0,0,0
251,0,251,0,251,0,0,0,251,251,0,251,0,0,0,0,251,0,0,0,0,251,0,251,251,0,251,113,0,0,0,0,0,0,251,251,251,251,0,0,113,113,251,0,251,0,0,251,251,251,0,251,251,0,0,0
239,0,239,0,239,0,0,0,239,239,0,239,0,0,0,0,239,0,0,0,0,239,0,239,239,0,239,136,0,0,0,0,0,0,239,239,239,239,0,0,136,136,239,0,239,0,0,239,239,239,0,239,239,0,0,0
250,0,250,0,250,0,0,0,250,250,0,250,0,0,0,0,250,0,0,0,0,250,0,250,250,0,250,101,0,0,0,0,0,0,250,250,250,250,0,0,101,101,250,0,250,0,0,250,250,250,0,250,250,0,0,0
167,0,167,0,167,0,0,0,167,167,0,167,0,0,0,0,167,0,0,0,0,167,0,167,167,0,167,85,0,0,0,0,0,0,167,167,167,167,0,0,85,85,167,0,167,0,0,167,167,167,0,167,167,0,0,0
209,0,209,0,209,0,0,0,209,209,0,209,0,0,0,0,209,0,0,0,0,209,0,209,209,0,209,96,0,0,0,0,0,0,209,209,209,209,0,0,96,96,209,0,209,0,0,209,209,209,0,209,209,21,0,0
189,0,189,0,189,0,0,0,189,189,0,189,0,0,0,0,189,0,0,0,0,189,0,189,189,0,189,65,0,0,0,0,0,0,189,189,189,189,0,0,65,65,189,0,189,0,0,189,189,189,0,189,189,0,0,0
163,0,163,0,163,0,0,0,163,163,0,163,0,0,0,0,163,0,0,0,0,163,0,163,163,0,163,67,0,0,0,0,0,0,163,163,163,163,0,0,67,67,163,0,163,0,0,163,163,163,0,163,163,0,0,0
233,0,233,0,233,0,0,0,233,233,0,233,0,0,0,0,233,0,0,0,0,233,0,233,233,0,233,89,0,0,0,0,0,0,233,233,233,233,0,0,89,89,233,0,233,0,28,233,233,233,0,233,233,0,0,0
299,0,299,0,299,0,0,0,299,299,0,299,0,0,0,0,299,0,0,0,0,299,0,299,299,0,299,90,0,0,0,0,0,0,299,299,299,299,0,0,90,90,299,0,299,0,0,299,299,299,0,299,299,0,26,0
277,0,277,0,277,0,0,0,277,277,0,277,0,0,0,0,277,0,0,0,0,277,0,277,277,0,277,93,0,0,0,0,0,0,277,277,277,277,0,0,93,93,277,0,277,0,0,277,277,277,0,277,277,0,0,0
278,0,278,0,278,0,0,0,278,278,0,278,0,0,0,0,278,0,0,0,0,278,0,278,278,0,278,101,0,0,0,0,0,0,278,278,278,278,0,0,101,101,278,0,278,0,0,278,278,278,0,278,278,0,0,0
257,0,257,0,257,0,0,0,257,257,0,257,0,0,0,0,257,0,0,0,0,257,0,257,257,0,257,102,0,0,0,0,0,0,257,257,257,257,0,0,102,102,257,0,257,0,0,257,257,257,0,257,257,0,0,0
201,0,201,0,201,0,0,0,201,201,0,201,0,0,0,0,201,0,0,0,0,201,0,201,201,0,201,88,0,0,0,0,0,0,201,201,201,201,0,0,88,88,201,0,201,0,0,201,201,201,0,201,201,0,0,0
220,0,220,0,220,0,0,0,220,220,0,220,0,0,0,0,220,0,0,0,0,220,0,220,220,0,220,86,0,0,0,0,0,0,220,220,220,220,0,0,86,86,220,0,220,0,0,220,220,220,0,220,220,0,0,0
298,0,298,0,298,0,0,0,298,298,0,298,0,0,0,0,298,0,0,0,0,298,0,298,298,0,298,77,0,0,0,0,0,0,298,298,298,298,0,0,77,77,298,0,298,0,0,298,298,298,0,298,298,0,0,0
239,0,239,0,239,0,0,0,239,239,0,239,0,0,0,0,239,0,0,0,0,239,0,239,239,0,239,64,0,0,0,0,0,0,239,239,239,239,0,0,64,64,239,0,239,0,0,239,239,239,0,239,239,0,0,0
270,0,270,0,270,0,0,0,270,270,0,270,0,0,0,0,270,0,0,0,0,270,0,270,270,0,270,74,0,0,0,0,0,0,270,270,270,270,0,0,74,74,270,0,270,0,0,270,270,270,0,270,270,0,0,0
285,0,285,0,285,0,0,0,285,285,0,285,0,0,0,0,285,0,0,0,0,285,0,285,285,0,285,50,0,0,0,0,0,0,285,285,285,285,0,0,50,50,285,0,285,0,0,285,285,285,0,285,285,0,0,0
320,0,320,0,320,0,0,0,320,320,0,320,0,0,0,0,320,0,0,0,0,320,0,320,320,0,320,39,0,0,0,0,0,0,320,320,320,320,0,0,39,39,320,0,320,0,0,320,320,320,0,320,320,0,0,0
342,0,342,0,342,0,0,0,342,342,0,342,0,0,0,0,342,0,0,0,0,342,0,342,342,0,342,36,0,0,0,0,0,0,342,342,342,342,0,0,36,36,342,0,342,0,0,342,342,342,0,342,342,0,0,0
285,0,285,0,285,0,0,0,285,285,0,285,0,0,0,0,285,0,0,0,0,285,0,285,285,0,285,44,0,0,0,0,0,0,285,285,285,285,0,0,44,44,285,0,285,0,0,285,285,285,0,285,285,0,0,0
275,0,275,0,275,0,0,0,275,275,0,275,0,0,0,0,275,0,0,0,0,275,0,275,275,0,275,42,0,0,0,0,0,0,275,275,275,275,0,0,42,42,275,0,275,0,0,275,275,275,23,275,275,0,23,0
243,0,243,0,243,0,0,0,243,243,0,243,0,0,0,0,243,0,0,0,0,243,0,243,243,0,243,27,0,0,0,0,0,0,243,243,243,243,0,0,27,27,243,0,243,0,0,243,243,243,243,243,243,0,0,0
289,0,289,0,289,0,0,0,289,289,0,289,0,0,0,0,289,0,0,0,0,289,0,289,289,0,289,51,0,0,0,0,0,0,289,289,289,289,0,0,51,51,289,0,289,0,0,289,289,289,289,289,289,0,0,0
225,0,225,0,225,0,0,0,225,225,0,225,0,0,0,0,225,0,0,0,0,225,0,225,225,0,225,36,0,0,0,0,0,0,225,225,225,225,0,0,36,36,225,0,225,0,0,225,225,225,225,225,225,0,0,0
214,0,214,0,214,0,0,0,214,214,0,214,0,0,0,0,214,0,0,0,0,214,0,214,214,0,214,41,0,0,0,0,0,0,214,214,214,214,0,0,41,41,214,0,214,0,0,214,214,214,214,214,214,0,0,0
243,0,243,0,243,0,0,0,243,243,0,243,0,0,0,0,243,0,0,0,0,243,0,243,243,0,243,28,0,0,0,0,0,0,243,243,243,243,0,0,28,28,243,0,243,0,0,243,243,243,243,243,243,0,0,0
198,0,198,0,198,0,0,0,198,198,0,198,0,0,0,0,198,0,0,0,0,198,0,198,198,0,198,0,0,0,0,0,0,0,198,198,198,198,0,0,0,0,198,0,198,0,0,198,198,198,198,198,198,0,0,0
226,0,226,0,226,0,0,0,226,226,0,226,0,0,0,0,226,0,0,0,0,226,0,226,226,0,226,27,0,0,0,0,0,0,226,226,226,226,0,0,27,27,226,0,226,0,0,226,226,226,226,226,226,0,0,0
180,0,180,0,180,0,0,0,180,180,0,180,0,0,0,0,180,0,0,0,0,180,0,180,180,0,180,39,0,0,0,0,0,0,180,180,180,180,0,0,39,39,180,0,180,0,0,180,180,180,180,180,180,0,0,0
210,0,210,0,210,0,0,0,210,210,0,210,0,0,0,0,210,0,0,0,0,210,0,210,210,0,210,32,0,0,0,0,0,0,210,210,210,210,0,0,32,32,210,0,210,0,0,210,210,210,210,210,210,0,0,0
228,0,228,0,228,0,0,0,228,228,0,228,0,0,0,0,228,0,0,0,0,228,0,228,228,0,228,31,0,0,0,0,0,0,228,228,228,228,0,0,31,31,228,0,228,0,0,228,228,228,228,228,228,0,0,0
186,0,186,0,186,0,0,0,186,186,0,186,0,0,0,0,186,0,0,0,0,186,0,186,186,0,186,34,0,0,0,0,0,0,186,186,186,186,0,0,34,34,186,0,186,0,0,186,186,186,186,186,186,0,0,0
167,0,167,0,167,0,0,0,167,167,0,167,0,0,0,0,167,0,0,0,0,167,0,167,167,0,167,30,0,0,0,0,0,0,167,167,167,167,0,0,30,30,167,0,167,0,0,167,167,167,167,167,167,0,0,0
194,0,194,0,194,0,0,0,194,194,0,194,0,0,0,0,194,0,0,0,0,194,0,194,194,0,194,29,0,0,0,0,0,0,194,194,194,194,0,0,29,29,194,0,194,0,0,194,194,194,194,194,194,0,0,0
164,0,164,0,164,0,0,0,164,164,0,164,0,0,0,0,164,0,0,0,0,164,0,164,164,0,164,30,0,0,0,0,0,0,164,164,164,164,0,0,30,30,164,0,164,0,0,164,164,164,164,164,164,0,0,0
218,0,218,0,218,0,0,0,218,218,0,218,0,0,0,0,218,0,0,0,0,218,0,218,218,0,218,31,0,0,0,0,0,0,218,218,218,218,0,0,31,31,218,0,218,0,0,218,218,218,218,218,218,0,0,0
234,0,234,0,234,0,0,0,234,234,0,234,0,0,0,0,234,0,0,0,0,234,0,234,234,0,234,25,0,0,0,0,0,0,234,234,234,234,0,0,25,25,234,0,234,0,0,234,234,234,234,234,234,0,0,0
163,0,163,0,163,0,0,0,163,163,0,163,0,0,0,0,163,0,0,0,0,163,0,163,163,0,163,0,0,0,0,0,0,0,163,163,163,163,0,0,0,0,163,0,163,0,0,163,163,163,163,163,163,0,0,0
190,0,190,0,190,0,0,0,190,190,0,190,0,0,0,0,190,0,0,0,0,190,0,190,190,0,190,0,0,0,0,0,0,0,190,190,190,190,0,0,0,0,190,0,190,0,0,190,190,190,190,190,190,0,0,0
163,0,163,0,163,0,0,0,163,163,0,163,0,0,0,0,163,0,0,0,0,163,0,163,163,0,163,32,0,0,0,0,0,0,163,163,163,163,0,0,32,32,163,0,163,0,0,163,163,163,163,163,163,0,0,0
195,0,195,0,195,0,0,0,195,195,0,195,0,0,0,0,195,0,0,0,0,195,0,195,195,0,195,24,0,0,0,0,0,0,195,195,195,195,0,0,24,24,195,0,195,0,0,195,195,195,195,195,195,0,0,0
189,0,189,0,189,0,0,0,189,189,0,189,0,0,0,0,189,0,0,0,0,189,0,189,189,0,189,36,0,0,0,0,0,0,189,189,189,189,0,0,36,36,189,0,189,0,0,189,189,189,189,189,189,0,0,0
187,0,187,0,187,0,0,0,187,187,0,187,0,0,0,0,187,0,0,0,0,187,0,187,187,0,187,34,0,0,0,0,0,0,187,187,187,187,0,0,34,34,187,0,187,0,0,187,187,187,187,187,187,0,0,0
152,0,152,0,152,0,0,0,152,152,0,152,0,0,0,0,152,0,0,0,0,152,0,152,152,0,152,24,0,0,0,0,0,0,152,152,152,152,0,0,24,24,152,0,152,0,0,152,152,152,152,152,152,0,0,0
140,0,140,0,140,0,0,0,140,140,0,140,0,0,0,0,140,0,0,0,0,140,0,140,140,0,140,38,0,0,0,0,0,0,140,140,140,140,0,0,38,38,140,0,140,0,0,140,140,140,140,140,140,0,0,0
171,0,171,0,171,0,0,0,171,171,0,171,0,0,0,0,171,0,0,0,0,171,0,171,171,0,171,48,0,0,0,0,0,0,171,171,171,171,0,0,48,48,171,0,171,0,0,171,171,171,171,171,171,0,0,0
48,0,48,0,48,0,0,0,48,48,0,48,0,0,0,0,48,0,0,0,0,48,0,48,48,0,48,39,0,0,0,0,0,0,48,48,48,48,0,0,39,39,48,0,48,0,0,48,48,48,48,48,48,0,0,0
172,0,172,0,172,0,0,0,172,172,0,172,0,0,0,0,172,0,0,0,0,172,0,172,172,0,172,40,0,0,0,0,0,0,172,172,172,172,0,0,40,40,172,0,172,0,0,172,172,172,172,172,172,0,0,0
87,0,87,0,87,0,0,0,87,87,0,87,0,0,0,0,87,0,0,0,0,87,0,87,87,0,87,43,0,0,0,0,0,0,87,87,87,87,0,0,43,43,87,0,87,0,0,87,87,87,87,87,87,0,0,32
130,0,130,0,130,0,0,0,130,130,0,130,0,0,0,0,130,0,0,0,0,130,0,130,130,0,130,52,0,0,0,0,0,0,130,130,130,130,0,0,52,52,130,0,130,0,0,130,130,130,130,130,130,0,0,130
134,0,134,0,134,0,0,0,134,134,0,134,0,0,0,0,134,0,0,0,0,134,0,134,134,0,134,36,0,0,0,0,0,0,134,134,134,134,0,0,36,36,134,0,134,0,0,134,134,134,134,134,134,0,0,134
22,0,22,0,22,0,0,0,22,22,0,22,0,0,0,0,22,0,0,0,0,22,0,22,22,0,22,42,0,0,0,0,0,0,22,22,22,22,0,0,42,42,22,0,22,0,0,22,22,22,22,22,22,0,0,22
116,0,116,0,116,0,0,0,116,116,0,116,0,0,0,0,116,0,0,0,0,116,0,116,116,0,116,27,0,0,0,0,0,0,116,116,116,116,0,0,27,27,116,0,116,0,0,116,116,116,116,116,116,0,0,116
108,0,108,0,108,0,0,0,108,108,0,108,0,0,0,0,108,0,0,0,0,108,0,108,108,0,108,21,0,0,0,0,0,0,108,108,108,108,0,0,21,21,108,0,108,0,0,108,108,108,108,108,108,0,0,108
87,0,87,0,87,0,0,0,87,87,0,87,0,0,0,0,87,0,0,0,0,87,0,87,87,0,87,29,0,0,0,0,0,0,87,87,87,87,0,0,29,29,87,0,87,0,0,87,87,87,87,87,87,0,0,87
46,0,46,0,46,0,0,0,46,46,0,46,0,0,0,0,46,0,0,0,0,46,0,46,46,0,46,0,0,0,0,0,0,0,46,46,46,46,0,0,0,0,46,0,46,0,0,46,46,46,46,46,46,0,0,46
0,0,0,0,0,0,0,0,0,0,0,0,0,0,0,0,0,0,0,0,0,0,0,0,0,0,0,0,0,0,0,0,0,0,0,0,0,0,0,0,0,0,0,0,0,0,0,0,0,0,0,0,0,0,0,0
0,0,0,0,0,0,0,0,0,0,0,0,0,0,0,0,0,0,0,0,0,0,0,0,0,0,0,0,0,0,0,0,0,0,0,0,0,0,0,0,0,0,0,0,0,0,0,0,0,0,0,0,0,0,0,0
0,0,0,0,0,0,0,0,0,0,0,0,0,0,0,0,0,0,0,0,0,0,0,0,0,0,0,0,0,0,0,0,0,0,0,0,0,0,0,0,0,0,0,0,0,0,0,0,0,0,0,0,0,0,0,0
0,0,0,0,0,0,0,0,0,0,0,0,0,0,0,0,0,0,0,0,0,0,0,0,0,0,0,0,0,0,0,0,0,0,0,0,0,0,0,0,0,0,0,0,0,0,0,0,0,0,0,0,0,0,0,0
0,0,0,0,0,0,0,0,0,0,0,0,0,0,0,0,0,0,0,0,0,0,0,0,0,0,0,0,0,0,0,0,0,0,0,0,0,0,0,0,0,0,0,0,0,0,0,0,0,0,0,0,0,0,0,0
0,0,0,0,0,0,0,0,0,0,0,0,0,0,0,0,0,0,0,0,0,0,0,0,0,0,0,0,0,0,0,0,0,0,0,0,0,0,0,0,0,0,0,0,0,0,0,0,0,0,0,0,0,0,0,0
0,0,0,0,0,0,0,0,0,0,0,0,0,0,0,0,0,0,0,0,0,0,0,0,0,0,0,0,0,0,0,0,0,0,0,0,0,0,0,0,0,0,0,0,0,0,0,0,0,0,0,0,0,0,0,0
0,0,0,0,0,0,0,0,0,0,0,0,0,0,0,0,0,0,0,0,0,0,0,0,0,0,0,0,0,0,0,0,0,0,0,0,0,0,0,0,0,0,0,0,0,0,0,0,0,0,0,0,0,0,0,0
0,0,0,0,0,0,0,0,0,0,0,0,0,0,0,0,0,0,0,0,0,0,0,0,0,0,0,0,0,0,0,0,0,0,0,0,0,0,0,0,0,0,0,0,0,0,0,0,0,0,0,0,0,0,0,0
0,0,0,0,0,0,0,0,0,0,0,0,0,0,0,0,0,0,0,0,0,0,0,0,0,0,0,0,0,0,0,0,0,0,0,0,0,0,0,0,0,0,0,0,0,0,0,0,0,0,0,0,0,0,0,0
0,0,0,0,0,0,0,0,0,0,0,0,0,0,0,0,0,0,0,0,0,0,0,0,0,0,0,0,0,0,0,0,0,0,0,0,0,0,0,0,0,0,0,0,0,0,0,0,0,0,0,0,0,0,0,0
0,0,0,0,0,0,0,0,0,0,0,0,0,0,0,0,0,0,0,0,0,0,0,0,0,0,0,0,0,0,0,0,0,0,0,0,0,0,0,0,0,0,0,0,0,0,0,0,0,0,0,0,0,0,0,0
22,0,22,0,22,0,0,0,22,22,0,22,0,0,0,0,22,0,0,0,0,22,0,22,22,0,22,0,0,0,0,0,0,0,22,22,22,22,0,0,0,0,22,0,22,0,0,22,22,22,22,22,22,0,0,22
35,0,35,0,35,0,0,0,35,35,0,35,0,0,0,0,35,0,0,0,0,35,0,35,35,0,35,0,0,0,0,0,0,0,35,35,35,35,0,0,0,0,35,0,35,0,0,35,35,35,35,35,35,0,0,35
48,0,48,0,48,0,0,0,48,48,0,48,0,0,0,0,48,0,0,0,0,48,0,48,48,0,48,0,0,0,0,0,0,0,48,48,48,48,0,0,0,0,48,0,48,0,0,48,48,48,48,48,48,0,0,48
40,0,40,0,40,0,0,0,40,40,0,40,0,0,0,0,40,0,0,0,0,40,0,40,40,0,40,0,0,0,0,0,0,0,40,40,40,40,0,0,0,0,40,0,40,0,0,40,40,40,40,40,40,0,0,40
26,0,26,0,26,0,0,0,26,26,0,26,0,0,0,0,26,0,0,0,0,26,0,26,26,0,26,0,0,0,0,0,0,0,26,26,26,26,0,0,0,0,26,0,26,0,0,26,26,26,26,26,26,0,0,26
0,0,0,0,0,0,0,0,0,0,0,0,0,0,0,0,0,0,0,0,0,0,0,0,0,0,0,0,0,0,0,0,0,0,0,0,0,0,0,0,0,0,0,0,0,0,0,0,0,0,0,0,0,0,0,0
35,0,35,0,35,0,0,0,35,35,0,35,0,0,0,0,35,0,0,0,0,35,0,35,35,0,35,0,0,0,0,0,0,0,35,35,35,35,0,0,0,0,35,0,35,0,0,35,35,35,35,35,35,0,0,35
55,0,55,0,55,0,0,0,55,55,0,55,0,0,0,0,55,0,0,0,0,55,0,55,55,0,55,0,0,0,0,0,0,0,55,55,55,55,0,0,0,0,55,0,55,0,0,55,55,55,55,55,55,0,0,55
56,0,56,0,56,0,0,0,56,56,0,56,0,0,0,0,56,0,0,0,0,56,0,56,56,0,56,0,0,0,0,0,0,0,56,56,56,56,0,0,0,0,56,0,56,0,0,56,56,56,56,56,56,0,0,56
119,0,119,0,119,0,0,0,119,119,0,119,0,0,0,0,119,0,0,0,0,119,0,119,119,0,119,0,0,0,0,0,0,0,119,119,119,119,0,0,0,0,119,0,119,0,0,119,119,119,119,119,119,0,0,119
45,0,45,0,45,0,0,0,45,45,0,45,0,0,0,0,45,0,0,0,0,45,0,45,45,0,45,0,0,0,0,0,0,0,45,45,45,45,0,0,0,0,45,0,45,0,0,45,45,45,45,45,45,0,0,45
39,0,39,0,39,0,0,0,39,39,0,39,0,0,0,0,39,0,0,0,0,39,0,39,39,0,39,0,0,0,0,0,0,0,39,39,39,39,0,0,0,0,39,0,39,0,0,39,39,39,39,39,39,0,0,39
47,0,47,0,47,0,0,0,47,47,0,47,0,0,0,0,47,0,0,0,0,47,0,47,47,0,47,0,0,0,0,0,0,0,47,47,47,47,0,0,0,0,47,0,47,0,0,47,47,47,47,47,47,0,0,47
67,0,67,0,67,0,0,0,67,67,0,67,0,0,0,0,67,0,0,0,0,67,0,67,67,0,67,0,0,0,0,0,0,0,67,67,67,67,0,0,0,0,67,0,67,0,0,67,67,67,67,67,67,0,0,67
63,0,63,0,63,0,0,0,63,63,0,63,0,0,0,0,63,0,0,0,0,63,0,63,63,0,63,0,0,0,0,0,0,0,63,63,63,63,0,0,0,0,63,0,63,0,0,63,63,63,63,63,63,0,0,63
55,0,55,0,55,0,0,0,55,55,0,55,0,0,0,0,55,0,0,0,0,55,0,55,55,0,55,0,0,0,0,0,0,0,55,55,55,55,0,0,0,0,55,0,55,0,0,55,55,55,55,55,55,0,0,55
24,0,24,0,24,0,0,0,24,24,0,24,0,0,0,0,24,0,0,0,0,24,0,24,24,0,24,0,0,0,0,0,0,0,24,24,24,24,0,0,0,0,24,0,24,0,0,24,24,24,24,24,24,0,0,24
40,0,40,0,40,0,0,0,40,40,0,40,0,0,0,0,40,0,0,0,0,40,0,40,40,0,40,0,0,0,0,0,0,0,40,40,40,40,0,0,0,0,40,0,40,0,0,40,40,40,40,40,40,0,0,40
39,0,39,0,39,0,0,0,39,39,0,39,0,0,0,0,39,0,0,0,0,39,0,39,39,0,39,0,0,0,0,0,0,0,39,39,39,39,0,0,0,0,39,0,39,0,0,39,39,39,39,39,39,0,0,39
21,0,21,0,21,0,0,0,21,21,0,21,0,0,0,0,21,0,0,0,0,21,0,21,21,0,21,0,0,0,0,0,0,0,21,21,21,21,0,0,0,0,21,0,21,0,0,21,21,21,21,21,21,0,0,21
29,0,29,0,29,0,0,0,29,29,0,29,0,0,0,0,29,0,0,0,0,29,0,29,29,0,29,0,0,0,0,0,0,0,29,29,29,29,0,0,0,0,29,0,29,0,0,29,29,29,29,29,29,0,0,29
29,0,29,0,29,0,0,0,29,29,0,29,0,0,0,0,29,0,0,0,0,29,0,29,29,0,29,0,0,0,0,0,0,0,29,29,29,29,0,0,0,0,29,0,29,0,0,29,29,29,29,29,29,0,0,29
29,0,29,0,29,0,0,0,29,29,0,29,0,0,0,0,29,0,0,0,0,29,0,29,29,0,29,0,0,0,0,0,0,0,29,29,29,29,0,0,0,0,29,0,29,0,0,29,29,29,29,29,29,0,0,29
0,0,0,0,0,0,0,0,0,0,0,0,0,0,0,0,0,0,0,0,0,0,0,0,0,0,0,0,0,0,0,0,0,0,0,0,0,0,0,0,0,0,0,0,0,0,0,0,0,0,0,0,0,0,0,0
21,0,21,0,21,0,0,0,21,21,0,21,0,0,0,0,21,0,0,0,0,21,0,21,21,0,21,0,0,0,0,0,0,0,21,21,21,21,0,0,0,0,21,0,21,0,0,21,21,21,21,21,21,0,0,21
23,0,23,0,23,0,0,0,23,23,0,23,0,0,0,0,23,0,0,0,0,23,0,23,23,0,23,0,0,0,0,0,0,0,23,23,23,23,0,0,0,0,23,0,23,0,0,23,23,23,23,23,23,0,0,23
42,0,42,0,42,0,0,0,42,42,0,42,0,0,0,0,42,0,0,0,0,42,0,42,42,0,42,0,0,0,0,0,0,0,42,42,42,42,0,0,0,0,42,0,42,0,0,42,42,42,42,42,42,0,0,42
44,0,44,0,44,0,0,0,44,44,0,44,0,0,0,0,44,0,0,0,0,44,0,44,44,0,44,0,0,0,0,0,0,0,44,44,44,44,0,0,0,0,44,0,44,0,0,44,44,44,44,44,44,0,0,44
53,0,53,0,53,0,0,0,53,53,0,53,0,0,0,0,53,0,0,0,0,53,0,53,53,0,53,0,0,0,0,0,0,0,53,53,53,53,0,0,0,0,53,0,53,0,0,53,53,53,53,53,53,0,0,53
33,0,33,0,33,0,0,0,33,33,0,33,0,0,0,0,33,0,0,0,0,33,0,33,33,0,33,0,0,0,0,0,0,0,33,33,33,33,0,0,0,0,33,0,33,0,0,33,33,33,33,33,33,0,0,33
40,0,40,0,40,0,0,0,40,40,0,40,0,0,0,0,40,0,0,0,0,40,0,40,40,0,40,0,0,0,0,0,0,0,40,40,40,40,0,0,0,0,40,0,40,0,0,40,40,40,40,40,40,0,0,40
28,0,28,0,28,0,0,0,28,28,0,28,0,0,0,0,28,0,0,0,0,28,0,28,28,0,28,0,0,0,0,0,0,0,28,28,28,28,0,0,0,0,28,0,28,0,0,28,28,28,28,28,28,0,0,28
25,0,25,0,25,0,0,0,25,25,0,25,0,0,0,0,25,0,0,0,0,25,0,25,25,0,25,0,0,0,0,0,0,0,25,25,25,25,0,0,0,0,25,0,25,0,0,25,25,25,25,25,25,0,0,25
20,0,20,0,20,0,0,0,20,20,0,20,0,0,0,0,20,0,0,0,0,20,0,20,20,0,20,0,0,0,0,0,0,0,20,20,20,20,0,0,0,0,20,0,20,0,0,20,20,20,20,20,20,0,0,20
63,0,63,0,63,0,0,0,63,63,0,63,0,0,0,0,63,0,0,0,0,63,0,63,63,0,63,0,0,0,0,0,0,0,63,63,63,63,0,0,0,0,63,0,63,0,0,63,63,63,63,63,63,0,0,63
55,0,55,0,55,0,0,0,55,55,0,55,0,0,0,0,55,0,0,0,0,55,0,55,55,0,55,0,0,0,0,0,0,0,55,55,55,55,0,0,0,0,55,0,55,0,0,55,55,55,55,55,55,0,0,55
51,0,51,0,51,0,0,0,51,51,0,51,0,0,0,0,51,0,0,0,0,51,0,51,51,0,51,0,0,0,0,0,0,0,51,51,51,51,0,0,0,0,51,0,51,0,0,51,51,51,51,51,51,0,0,51
30,0,30,0,30,0,0,0,30,30,0,30,0,0,0,0,30,0,0,0,0,30,0,30,30,0,30,0,0,0,0,0,0,0,30,30,30,30,0,0,0,0,30,0,30,0,0,30,30,30,30,30,30,0,0,30
25,0,25,0,25,0,0,0,25,25,0,25,0,0,0,0,25,0,0,0,0,25,0,25,25,0,25,0,0,0,0,0,0,0,25,25,25,25,0,0,0,0,25,0,25,0,0,25,25,25,25,25,25,0,0,25
0,0,0,0,0,0,0,0,0,0,0,0,0,0,0,0,0,0,0,0,0,0,0,0,0,0,0,0,0,0,0,0,0,0,0,0,0,0,0,0,0,0,0,0,0,0,0,0,0,0,0,0,0,0,0,0
21,0,21,0,21,0,0,0,21,21,0,21,0,0,0,0,21,0,0,0,0,21,0,21,21,0,21,0,0,0,0,0,0,0,21,21,21,21,0,0,0,0,21,0,21,0,0,21,21,21,21,21,21,0,0,21
0,0,0,0,0,0,0,0,0,0,0,0,0,0,0,0,0,0,0,0,0,0,0,0,0,0,0,0,0,0,0,0,0,0,0,0,0,0,0,0,0,0,0,0,0,0,0,0,0,0,0,0,0,0,0,0
0,0,0,0,0,0,0,0,0,0,0,0,0,0,0,0,0,0,0,0,0,0,0,0,0,0,0,0,0,0,0,0,0,0,0,0,0,0,0,0,0,0,0,0,0,0,0,0,0,0,0,0,0,0,0,0
0,0,0,0,0,0,0,0,0,0,0,0,0,0,0,0,0,0,0,0,0,0,0,0,0,0,0,0,0,0,0,0,0,0,0,0,0,0,0,0,0,0,0,0,0,0,0,0,0,0,0,0,0,0,0,0
0,0,0,0,0,0,0,0,0,0,0,0,0,0,0,0,0,0,0,0,0,0,0,0,0,0,0,0,0,0,0,0,0,0,0,0,0,0,0,0,0,0,0,0,0,0,0,0,0,0,0,0,0,0,0,0
0,0,0,0,0,0,0,0,0,0,0,0,0,0,0,0,0,0,0,0,0,0,0,0,0,0,0,0,0,0,0,0,0,0,0,0,0,0,0,0,0,0,0,0,0,0,0,0,0,0,0,0,0,0,0,0
0,0,0,0,0,0,0,0,0,0,0,0,0,0,0,0,0,0,0,0,0,0,0,0,0,0,0,0,0,0,0,0,0,0,0,0,0,0,0,0,0,0,0,0,0,0,0,0,0,0,0,0,0,0,0,0
0,0,0,0,0,0,0,0,0,0,0,0,0,0,0,0,0,0,0,0,0,0,0,0,0,0,0,0,0,0,0,0,0,0,0,0,0,0,0,0,0,0,0,0,0,0,20,0,0,0,0,0,0,0,20,0
0,0,0,0,0,0,0,0,0,0,0,0,0,0,0,0,0,0,0,0,0,0,0,0,0,0,0,0,0,0,0,0,0,0,0,0,0,0,0,0,0,0,0,0,0,0,0,0,0,0,0,0,0,0,0,0
21,0,21,0,21,0,0,0,21,21,0,21,0,0,0,0,21,0,0,0,0,21,0,21,21,0,21,0,0,0,0,0,0,0,21,21,21,21,0,0,0,0,21,0,21,0,21,21,21,21,21,21,21,0,21,21
35,0,35,0,35,0,0,0,35,35,0,35,0,0,0,0,35,0,0,0,0,35,0,35,35,0,35,0,0,0,0,0,0,0,35,35,35,35,0,0,0,0,35,0,35,0,35,35,35,35,35,35,35,0,35,35
0,0,0,0,0,0,0,0,0,0,0,0,0,0,0,0,0,0,0,0,0,0,0,0,0,0,0,0,0,0,0,0,0,0,0,0,0,0,0,0,0,0,0,0,0,0,0,0,0,0,0,0,0,0,0,0
0,0,0,0,0,0,0,0,0,0,0,0,0,0,0,0,0,0,0,0,0,0,0,0,0,0,0,0,0,0,0,0,0,0,0,0,0,0,0,0,0,0,0,0,0,0,0,0,0,0,0,0,0,0,0,0
0,0,0,0,0,0,0,0,0,0,0,0,0,0,0,0,0,0,0,0,0,0,0,0,0,0,0,0,0,0,0,0,0,0,0,0,0,0,0,0,0,0,0,0,0,0,0,0,0,0,0,0,0,0,0,0
25,0,25,0,25,0,0,0,25,25,0,25,0,0,0,0,25,0,0,0,0,25,0,25,25,0,25,0,0,0,0,0,0,0,25,25,25,25,0,0,0,0,25,0,25,0,25,25,25,25,25,25,25,0,25,25
21,0,21,0,21,0,0,0,21,21,0,21,0,0,0,0,21,0,0,0,0,21,0,21,21,0,21,0,0,0,0,0,0,0,21,21,21,21,0,0,0,0,21,0,21,0,21,21,21,21,21,21,21,0,21,21
0,0,0,0,0,0,0,0,0,0,0,0,0,0,0,0,0,0,0,0,0,0,0,0,0,0,0,0,0,0,0,0,0,0,0,0,0,0,0,0,0,0,0,0,0,0,0,0,0,0,0,0,0,0,0,0
26,0,26,0,26,0,0,0,26,26,0,26,0,0,0,0,26,0,0,0,0,26,0,26,26,0,26,0,0,0,0,0,0,0,26,26,26,26,0,0,0,0,26,0,26,0,26,26,26,26,26,26,26,0,26,26
0,0,0,0,0,0,0,0,0,0,0,0,0,0,0,0,0,0,0,0,0,0,0,0,0,0,0,0,0,0,0,0,0,0,0,0,0,0,0,0,0,0,0,0,0,0,0,0,0,0,0,0,0,0,0,0
49,0,49,0,49,0,0,0,49,49,0,49,0,0,0,0,49,0,0,0,0,49,0,49,49,0,49,0,0,0,0,0,0,0,49,49,49,49,0,0,0,0,49,0,49,0,49,49,49,49,49,49,49,0,49,49
0,0,0,0,0,0,0,0,0,0,0,0,0,0,0,0,0,0,0,0,0,0,0,0,0,0,0,0,0,0,0,0,0,0,0,0,0,0,0,0,0,0,0,0,0,0,0,0,0,0,0,0,0,0,0,0
37,0,37,0,37,0,0,0,37,37,0,37,0,0,0,0,37,0,0,0,0,37,0,37,37,0,37,0,0,0,0,0,0,0,37,37,37,37,0,0,0,0,37,0,37,0,37,37,37,37,37,37,37,0,37,37
0,0,0,0,0,0,0,0,0,0,0,0,0,0,0,0,0,0,0,0,0,0,0,0,0,0,0,0,0,0,0,0,0,0,0,0,0,0,0,0,0,0,0,0,0,0,0,0,0,0,0,0,0,0,0,0
36,0,36,0,36,0,0,0,36,36,0,36,0,0,0,0,36,0,0,0,0,36,0,36,36,0,36,0,0,0,0,0,0,0,36,36,36,36,0,0,0,0,36,0,36,0,36,36,36,36,36,36,36,0,36,36
25,0,25,0,25,0,0,0,25,25,0,25,0,0,0,0,25,0,0,0,0,25,0,25,25,0,25,0,0,0,0,0,0,0,25,25,25,25,0,0,0,0,25,0,25,0,25,25,25,25,25,25,25,0,25,25
28,0,28,0,28,0,0,0,28,28,0,28,0,0,0,0,28,0,0,0,0,28,0,28,28,0,28,0,0,0,0,0,0,0,28,28,28,28,0,0,0,0,28,0,28,0,28,28,28,28,28,28,28,0,28,28
35,0,35,0,35,0,0,0,35,35,0,35,0,0,0,0,35,0,0,0,0,35,0,35,35,0,35,0,0,0,0,0,0,0,35,35,35,35,0,0,0,0,35,0,35,0,35,35,35,35,35,35,35,0,35,35
21,0,21,0,21,0,0,0,21,21,0,21,0,0,0,0,21,0,0,0,0,21,0,21,21,0,21,0,0,0,0,0,0,0,21,21,21,21,0,0,0,0,21,0,21,0,21,21,21,21,21,21,21,0,21,21
24,0,24,0,24,0,0,0,24,24,0,24,0,0,0,0,24,0,0,0,0,24,0,24,24,0,24,0,0,0,0,0,0,0,24,24,24,24,0,0,0,0,24,0,24,0,24,24,24,24,24,24,24,0,24,24
28,0,28,0,28,0,0,0,28,28,0,28,0,0,0,0,28,0,0,0,0,28,0,28,28,0,28,0,0,0,0,0,0,0,28,28,28,28,0,0,0,0,28,0,28,0,28,28,28,28,28,28,28,0,28,28
32,0,32,0,32,0,0,0,32,32,0,32,0,0,0,0,32,0,0,0,0,32,0,32,32,0,32,0,0,0,0,0,0,0,32,32,32,32,0,0,0,0,32,0,32,0,32,32,32,32,32,32,32,0,32,32
31,0,31,0,31,0,0,0,31,31,0,31,0,0,0,0,31,0,0,0,0,31,0,31,31,0,31,0,0,0,0,0,0,0,31,31,31,31,0,0,0,0,31,0,31,0,31,31,31,31,31,31,31,0,31,31
26,0,26,0,26,0,0,0,26,26,0,26,0,0,0,0,26,0,0,0,0,26,0,26,26,0,26,0,0,0,0,0,0,0,26,26,26,26,0,0,0,0,26,0,26,0,26,26,26,26,26,26,26,52,26,26
32,0,32,0,32,0,0,0,32,32,0,32,0,0,0,0,32,0,0,0,0,32,0,32,32,0,32,0,0,0,0,0,0,0,32,32,32,32,0,0,0,0,32,0,32,0,32,32,32,32,32,32,32,32,32,32
23,0,23,0,23,0,0,0,23,23,0,23,0,0,0,0,23,0,0,0,0,23,0,23,23,0,23,0,0,0,0,0,0,0,23,23,23,23,0,0,0,0,23,0,23,0,23,23,23,23,23,23,23,23,23,23
23,0,23,0,23,0,0,0,23,23,0,23,0,0,0,0,23,0,0,0,0,23,0,23,23,0,23,0,0,0,0,0,0,0,23,23,23,23,0,0,0,0,23,0,23,0,23,23,23,23,23,23,23,23,23,23
27,0,27,0,27,0,0,0,27,27,0,27,0,0,0,0,27,0,0,0,0,27,0,27,27,0,27,0,0,0,0,0,0,0,27,27,27,27,0,0,0,0,27,0,27,0,27,27,27,27,27,27,27,27,27,27
22,0,22,0,22,21,21,21,22,22,0,22,21,0,21,21,22,21,21,21,0,22,21,22,22,21,22,0,21,21,21,21,21,21,22,22,22,22,0,0,0,0,22,0,22,0,22,22,22,22,22,22,22,22,22,22
30,0,30,0,30,0,0,0,30,30,0,30,0,0,0,0,30,0,0,0,0,30,0,30,30,0,30,0,0,0,0,0,0,0,30,30,30,30,0,0,0,0,30,0,30,0,30,30,30,30,30,30,30,30,30,30
28,0,28,0,28,0,0,0,28,28,0,28,0,0,0,0,28,0,0,0,0,28,0,28,28,0,28,0,0,0,0,0,0,0,28,28,28,28,0,0,0,0,28,0,28,0,28,28,28,28,28,28,28,28,28,28
0,0,0,0,0,0,0,0,0,0,0,0,0,0,0,0,0,0,0,0,0,0,0,0,0,0,0,0,0,0,0,0,0,0,0,0,0,0,0,0,0,0,0,0,0,0,0,0,0,0,0,0,0,0,0,0
20,0,20,0,20,0,0,0,20,20,0,20,0,0,0,0,20,0,0,0,0,20,0,20,20,0,20,0,0,0,0,0,0,0,20,20,20,20,0,0,0,0,20,0,20,0,20,20,20,20,20,20,20,20,20,20
20,0,20,0,20,0,0,0,20,20,0,20,0,0,0,0,20,0,0,0,0,20,0,20,20,0,20,0,0,0,0,0,0,0,20,20,20,20,0,0,0,0,20,0,20,0,20,20,20,20,20,20,20,20,20,20
35,0,35,0,35,0,0,0,35,35,0,35,0,0,0,0,35,0,0,0,0,35,0,35,35,0,35,0,0,0,0,0,0,0,35,35,35,35,0,0,0,0,35,0,35,0,35,35,35,35,35,35,35,35,35,35
42,0,42,0,42,0,0,0,42,42,0,42,0,0,0,0,42,0,0,0,0,42,0,42,42,0,42,0,0,0,0,0,0,0,42,42,42,42,0,0,0,0,42,0,42,0,42,42,42,42,42,42,42,42,42,42
32,0,32,0,32,0,0,0,32,32,0,32,0,0,0,0,32,0,0,0,0,32,0,32,32,0,32,0,0,0,0,0,0,0,32,32,32,32,0,0,0,0,32,0,32,0,32,32,32,32,32,32,32,32,32,32
66,0,66,0,66,0,0,0,66,66,0,66,0,0,0,0,66,0,0,0,0,66,0,66,66,0,66,0,0,0,0,0,0,0,66,66,66,66,0,0,0,0,66,0,66,0,66,66,66,66,66,66,66,66,66,66
27,0,27,0,27,0,0,0,27,27,0,27,0,0,0,0,27,0,0,0,0,27,0,27,27,0,27,0,0,0,0,0,0,0,27,27,27,27,0,0,0,0,27,0,27,0,27,27,27,27,27,27,27,27,27,27
87,0,87,0,87,0,0,0,87,87,0,87,0,0,0,0,87,0,0,0,0,87,0,87,87,0,87,0,0,0,0,0,0,0,87,87,87,87,0,0,0,0,87,0,87,0,87,87,87,87,87,87,87,87,87,87
57,0,57,0,57,0,0,0,57,57,0,57,0,0,0,0,57,0,0,0,0,57,0,57,57,0,57,0,0,0,0,0,0,0,57,57,57,57,0,0,0,0,57,0,57,0,57,57,57,57,57,57,57,57,57,57
45,0,45,0,45,0,0,0,45,45,0,45,0,0,0,0,45,0,0,0,0,45,0,45,45,0,45,0,0,0,0,0,0,0,45,45,45,45,0,0,0,0,45,0,45,0,45,45,45,45,45,45,45,45,45,45
100,0,100,0,100,0,0,0,100,100,0,100,0,0,0,0,100,0,0,0,0,100,0,100,100,0,100,0,0,0,0,0,0,0,100,100,100,100,0,0,0,0,100,0,100,0,100,100,100,100,100,100,100,100,100,100
106,0,106,0,106,0,0,0,106,106,0,106,0,0,0,0,106,0,0,0,0,106,0,106,106,0,106,0,0,0,0,0,0,0,106,106,106,106,0,0,0,0,106,0,106,0,106,106,106,106,106,106,106,106,106,106
66,0,66,0,66,0,0,0,66,66,0,66,0,0,0,0,66,0,0,0,0,66,0,66,66,0,66,0,0,0,0,0,0,0,66,66,66,66,0,0,0,0,66,0,66,0,66,66,66,66,66,66,66,66,66,66
65,0,65,0,65,0,0,0,65,65,0,65,0,0,0,0,65,0,0,0,0,65,0,65,65,0,65,0,0,0,0,0,0,0,65,65,65,65,0,0,0,0,65,0,65,0,65,65,65,65,65,65,65,65,65,65
59,0,59,0,59,0,0,0,59,59,0,59,0,0,0,0,59,0,0,0,0,59,0,59,59,0,59,0,0,0,0,0,0,0,59,59,59,59,0,0,0,0,59,0,59,0,59,59,59,59,59,59,59,59,59,59
0,0,0,0,0,0,0,0,0,0,0,0,0,0,0,0,0,0,0,0,0,0,0,0,0,0,0,0,0,0,0,0,0,0,0,0,0,0,0,0,0,0,0,0,0,0,0,0,0,0,0,0,0,0,0,0
23,0,23,0,23,0,0,0,23,23,0,23,0,0,0,0,23,0,0,0,0,23,0,23,23,0,23,0,0,0,0,0,0,0,23,23,23,23,0,0,0,0,23,0,23,0,23,23,23,23,23,23,23,23,23,23
22,0,22,0,22,0,0,0,22,22,0,22,0,0,0,0,22,0,0,0,0,22,0,22,22,0,22,0,0,0,0,0,0,0,22,22,22,22,0,0,0,0,22,0,22,0,22,22,22,22,22,22,22,22,22,22
0,0,0,0,0,0,0,0,0,0,0,0,0,0,0,0,0,0,0,0,0,0,0,0,0,0,0,0,0,0,0,0,0,0,0,0,0,0,0,0,0,0,0,0,0,0,0,0,0,0,0,0,0,0,0,0
0,0,0,0,0,0,0,0,0,0,0,0,0,0,0,0,0,0,0,0,0,0,0,0,0,0,0,0,0,0,0,0,0,0,0,0,0,0,0,0,0,0,0,0,0,0,0,0,0,0,0,0,0,0,0,0
0,0,0,0,0,0,0,0,0,0,0,0,0,0,0,0,0,0,0,0,0,0,0,0,0,0,0,0,0,0,0,0,0,0,0,0,0,0,0,0,0,0,0,0,0,0,0,0,0,0,0,0,0,0,0,0
0,0,0,0,0,0,0,0,0,0,0,0,0,0,0,0,0,0,0,0,0,0,0,0,0,0,0,0,0,0,0,0,0,0,0,0,0,0,0,0,0,0,0,0,0,0,0,0,0,0,0,0,0,0,0,0
0,0,0,0,0,0,0,0,0,0,0,0,0,0,0,0,0,0,0,0,0,0,0,0,0,0,0,0,0,0,0,0,0,0,0,0,0,0,0,0,0,0,0,0,0,0,0,0,0,0,0,0,0,0,0,0
0,0,0,0,0,0,0,0,0,0,0,0,0,0,0,0,0,0,0,0,0,0,0,0,0,0,0,0,0,0,0,0,0,0,0,0,0,0,0,0,0,0,0,0,0,0,0,0,0,0,0,0,0,0,0,0
24,0,24,0,24,0,0,0,24,24,0,24,0,0,0,0,24,0,0,0,0,24,0,24,24,0,24,0,0,0,0,0,0,0,24,24,24,24,0,0,0,0,24,0,24,0,24,24,24,24,24,24,24,24,24,24
0,0,0,0,0,0,0,0,0,0,0,0,0,0,0,0,0,0,0,0,0,0,0,0,0,0,0,0,0,0,0,0,0,0,0,0,0,0,0,0,0,0,0,0,0,0,0,0,0,0,0,0,0,0,0,0
0,0,0,0,0,0,0,0,0,0,0,0,0,0,0,0,0,0,0,0,0,0,0,0,0,0,0,0,0,0,0,0,0,0,0,0,0,0,0,0,0,0,0,0,0,0,0,0,0,0,0,0,0,0,0,0
0,0,0,0,0,0,0,0,0,0,0,0,0,0,0,0,0,0,0,0,0,0,0,0,0,0,0,0,0,0,0,0,0,0,0,0,0,0,0,0,0,0,0,0,0,0,0,0,0,0,0,0,0,0,0,0
0,0,0,0,0,0,0,0,0,0,0,0,0,0,0,0,0,0,0,0,0,0,0,0,0,0,0,0,0,0,0,0,0,0,0,0,0,0,0,0,0,0,0,0,0,0,0,0,0,0,0,0,0,0,0,0
0,0,0,0,0,0,0,0,0,0,0,0,0,0,0,0,0,0,0,0,0,0,0,0,0,0,0,0,0,0,0,0,0,0,0,0,0,0,0,0,0,0,0,0,0,0,0,0,0,0,0,0,0,0,0,0
0,0,0,0,0,0,0,0,0,0,0,0,0,0,0,0,0,0,0,0,0,0,0,0,0,0,0,0,0,0,0,0,0,0,0,0,0,0,0,0,0,0,0,0,0,0,0,0,0,0,0,0,0,0,0,0
0,0,0,0,0,0,0,0,0,0,0,0,0,0,0,0,0,0,0,0,0,0,0,0,0,0,0,0,0,0,0,0,0,0,0,0,0,0,0,0,0,0,0,0,0,0,0,0,0,0,0,0,0,0,0,0
0,0,0,0,0,0,0,0,0,0,0,0,0,0,0,0,0,0,0,0,0,0,0,0,0,0,0,0,0,0,0,0,0,0,0,0,0,0,0,0,0,0,0,0,0,0,0,0,0,0,0,0,0,0,0,0
0,0,0,0,0,0,0,0,0,0,0,0,0,0,0,0,0,0,0,0,0,0,0,0,0,0,0,0,0,0,0,0,0,0,0,0,0,0,0,0,0,0,0,0,0,0,0,0,0,0,0,0,0,0,0,0
0,0,0,0,0,0,0,0,0,0,0,0,0,0,0,0,0,0,0,0,0,0,0,0,0,0,0,0,0,0,0,0,0,0,0,0,0,0,0,0,0,0,0,0,0,0,0,0,0,0,0,0,0,0,0,0
0,0,0,0,0,0,0,0,0,0,0,0,0,0,0,0,0,0,0,0,0,0,0,0,0,0,0,0,0,0,0,0,0,0,0,0,0,0,0,0,0,0,0,0,0,0,0,0,0,0,0,0,0,0,0,0
0,0,0,0,0,0,0,0,0,0,0,0,0,0,0,0,0,0,0,0,0,0,0,0,0,0,0,0,0,0,0,0,0,0,0,0,0,0,0,0,0,0,0,0,0,0,0,0,0,0,0,0,0,0,0,0
0,0,0,0,0,0,0,0,0,0,0,0,0,0,0,0,0,0,0,0,0,0,0,0,0,0,0,0,0,0,0,0,0,0,0,0,0,0,0,0,0,0,0,0,0,0,0,0,0,0,0,0,0,0,0,0
0,0,0,0,0,0,0,0,0,0,0,0,0,0,0,0,0,0,0,0,0,0,0,0,0,0,0,0,0,0,0,0,0,0,0,0,0,0,0,0,0,0,0,0,0,0,0,0,0,0,0,0,0,0,0,0
0,0,0,0,0,0,0,0,0,0,0,0,0,0,0,0,0,0,0,0,0,0,0,0,0,0,0,0,0,0,0,0,0,0,0,0,0,0,0,0,0,0,0,0,0,0,0,0,0,0,0,0,0,0,0,0
0,0,0,0,0,0,0,0,0,0,0,0,0,0,0,0,0,0,0,0,0,0,0,0,0,0,0,0,0,0,0,0,0,0,0,0,0,0,0,0,0,0,0,0,0,0,0,0,0,0,0,0,0,0,0,0
0,0,0,0,0,21,21,21,0,0,0,0,21,0,21,21,0,21,21,21,0,0,21,0,0,21,0,0,21,21,21,21,21,21,0,0,0,0,0,0,0,0,0,0,0,0,0,0,0,0,0,0,0,0,0,0
0,0,0,0,0,0,0,0,0,0,0,0,0,0,0,0,0,0,0,0,0,0,0,0,0,0,0,0,0,0,0,0,0,0,0,0,0,0,0,0,0,0,0,0,0,0,0,0,0,0,0,0,0,0,0,0
0,0,0,0,0,0,0,0,0,0,0,0,0,0,0,0,0,0,0,0,0,0,0,0,0,0,0,0,0,0,0,0,0,0,0,0,0,0,0,0,0,0,0,0,0,0,0,0,0,0,0,0,0,0,0,0
0,0,0,0,0,0,0,0,0,0,0,0,0,0,0,0,0,0,0,0,0,0,0,0,0,0,0,0,0,0,0,0,0,0,0,0,0,0,0,0,0,0,0,0,0,0,0,0,0,0,0,0,0,0,0,0
0,0,0,0,0,0,0,0,0,0,0,0,0,0,0,0,0,0,0,0,0,0,0,0,0,0,0,0,0,0,0,0,0,0,0,0,0,0,0,0,0,0,0,0,0,0,0,0,0,0,0,0,0,0,0,0
23,0,23,0,23,0,0,0,23,23,0,23,0,0,0,0,23,0,0,0,0,23,0,23,23,0,23,0,0,0,0,0,0,0,23,23,23,23,0,0,0,0,23,0,23,0,23,23,23,23,23,23,23,23,23,23
0,0,0,0,0,20,20,20,0,0,0,0,20,0,20,20,0,20,20,20,0,0,20,0,0,20,0,0,20,20,20,20,20,20,0,0,0,0,0,0,0,0,0,0,0,0,0,0,0,0,0,0,0,0,0,0
0,0,0,0,0,0,0,0,0,0,0,0,0,0,0,0,0,0,0,0,0,0,0,0,0,0,0,0,0,0,0,0,0,0,0,0,0,0,0,0,0,0,0,0,0,0,0,0,0,0,0,0,0,0,0,0
0,0,0,0,0,23,23,23,0,0,0,0,23,0,23,23,0,23,23,23,0,0,23,0,0,23,0,0,23,23,23,23,23,23,0,0,0,0,0,0,0,0,0,0,0,0,0,0,0,0,0,0,0,0,0,0
0,0,0,0,0,36,36,36,0,0,0,0,36,0,36,36,0,36,36,36,0,0,36,0,0,36,0,0,36,36,36,36,36,36,0,0,0,0,0,0,0,0,0,0,0,0,0,0,0,0,0,0,0,0,0,0
20,0,20,0,20,23,23,23,20,20,0,20,23,0,23,23,20,23,23,23,0,20,23,20,20,23,20,0,23,23,23,23,23,23,20,20,20,20,0,0,0,0,20,0,20,0,20,20,20,20,20,20,20,20,20,20
0,0,0,0,0,52,52,52,0,0,0,0,52,0,52,52,0,52,52,52,0,0,52,0,0,52,0,0,52,52,52,52,52,52,0,0,0,0,0,0,0,0,0,0,0,0,0,0,0,0,0,0,0,0,0,0
0,0,0,0,0,55,55,55,0,0,0,0,55,0,55,55,0,55,55,55,0,0,55,0,0,55,0,0,55,55,55,55,55,55,0,0,0,0,0,0,0,0,0,0,0,0,0,0,0,0,0,0,0,0,0,0
0,0,0,0,0,42,42,42,0,0,0,0,42,0,42,42,0,42,42,42,0,0,42,0,0,42,0,0,42,42,42,42,42,42,0,0,0,0,0,0,0,0,0,0,0,0,0,0,0,0,0,0,0,0,0,0
0,0,0,0,0,62,62,62,0,0,0,0,62,0,62,62,0,62,62,62,0,0,62,0,0,62,0,0,62,62,62,62,62,62,0,0,0,0,0,0,0,0,0,0,0,0,0,0,0,0,0,0,0,0,0,0
25,0,25,0,25,36,36,36,25,25,0,25,36,0,36,36,25,36,36,36,0,25,36,25,25,36,25,0,36,36,36,36,36,36,25,25,25,25,0,0,0,0,25,0,25,0,25,25,25,25,25,25,25,25,25,25
0,0,0,0,0,77,77,77,0,0,0,0,77,0,77,77,0,77,77,77,0,0,77,0,0,77,0,0,77,77,77,77,77,77,0,0,0,0,0,0,0,0,0,0,0,0,0,0,0,0,0,0,0,0,0,0
0,0,0,0,0,64,64,64,0,0,0,0,64,0,64,64,0,64,64,64,0,0,64,0,0,64,0,0,64,64,64,64,64,64,0,0,0,0,0,0,0,0,0,0,0,0,0,0,0,0,0,0,0,0,0,0
0,0,0,0,0,43,43,43,0,0,0,0,43,0,43,43,0,43,43,43,0,0,43,0,0,43,0,0,43,43,43,43,43,43,0,0,0,0,0,0,0,0,0,0,0,0,0,0,0,0,0,0,0,0,0,0
0,0,0,0,0,30,30,30,0,0,0,0,30,0,30,30,0,30,30,30,0,0,30,0,0,30,0,0,30,30,30,30,30,30,0,0,0,0,0,0,0,0,0,0,0,0,0,0,0,0,0,0,0,0,0,0
0,0,0,0,0,62,62,62,0,0,0,0,62,0,62,62,0,62,62,62,0,0,62,0,0,62,0,0,62,62,62,62,62,62,0,0,0,0,0,0,0,0,0,0,0,0,0,0,0,0,0,0,0,0,0,0
0,0,0,0,0,127,127,127,0,0,0,0,127,0,127,127,0,127,127,127,0,0,127,0,0,127,0,0,127,127,127,127,127,127,0,0,0,0,0,0,0,0,0,0,0,0,0,0,0,0,0,0,0,0,0,0
0,0,0,0,0,101,101,101,0,0,0,0,101,0,101,101,0,101,101,101,0,0,101,0,0,101,0,0,101,101,101,101,101,101,0,0,0,0,0,0,0,0,0,0,0,0,0,0,0,0,0,0,0,0,0,0
0,0,0,0,0,81,81,81,0,0,0,0,81,0,81,81,0,81,81,81,0,0,81,0,0,81,0,0,81,81,81,81,81,81,0,0,0,0,0,0,0,0,0,0,0,0,0,0,0,0,0,0,0,0,0,0
0,0,0,0,0,130,130,130,0,0,0,0,130,0,130,130,0,130,130,130,0,0,130,0,0,130,0,0,130,130,130,130,130,130,0,0,0,0,0,0,0,0,0,0,0,0,0,0,0,0,0,0,0,0,0,0
0,0,0,0,0,115,115,115,0,0,0,0,115,0,115,115,0,115,115,115,0,0,115,0,0,115,0,0,115,115,115,115,115,115,0,0,0,0,0,0,0,0,0,0,0,0,0,0,0,0,0,0,0,0,0,0
0,0,0,0,0,109,109,109,0,0,0,0,109,0,109,109,0,109,109,109,0,0,109,0,0,109,0,0,109,109,109,109,109,109,0,0,0,0,0,0,0,0,0,0,0,0,0,0,0,0,0,0,0,0,0,0
0,0,0,0,0,112,112,112,0,0,0,0,112,0,112,112,0,112,112,112,0,0,112,0,0,112,0,0,112,112,112,112,112,112,0,0,0,0,0,0,0,0,0,0,0,0,0,0,0,0,0,0,0,0,0,0
0,0,0,0,0,96,96,96,0,0,0,0,96,0,96,96,0,96,96,96,0,0,96,0,0,96,0,0,96,96,96,96,96,96,0,0,0,0,0,0,0,0,0,0,0,0,0,0,0,0,0,0,0,0,0,0
0,0,0,0,0,124,124,124,0,0,0,0,124,0,124,124,0,124,124,124,0,0,124,0,0,124,0,0,124,124,124,124,124,124,0,0,0,0,0,0,0,0,0,0,0,0,0,0,0,0,0,0,0,0,0,0
0,0,0,0,0,102,102,102,0,0,0,0,102,0,102,102,0,102,102,102,0,0,102,0,0,102,0,0,102,102,102,102,102,102,0,0,0,0,0,0,0,0,0,0,0,0,0,0,0,0,0,0,0,0,0,0
0,0,0,0,0,80,80,80,0,0,0,0,80,0,80,80,0,80,80,80,0,0,80,0,0,80,0,0,80,80,80,80,80,80,0,0,0,0,0,0,0,0,0,0,0,0,0,0,0,0,0,0,0,0,0,0
0,0,0,0,0,61,61,61,0,0,0,0,61,0,61,61,0,61,61,61,0,0,61,0,0,61,0,0,61,61,61,61,61,61,0,0,0,0,0,0,0,0,0,0,0,0,0,0,0,0,0,0,0,0,0,0
0,0,0,0,0,135,135,135,0,0,0,0,135,0,135,135,0,135,135,135,0,0,135,0,0,135,0,0,135,135,135,135,135,135,0,0,0,0,0,0,0,0,0,0,0,0,0,0,0,0,0,0,0,0,0,0
0,0,0,0,0,113,113,113,0,0,0,0,113,0,113,113,0,113,113,113,0,0,113,0,0,113,0,0,113,113,113,113,113,113,0,0,0,0,0,0,0,0,0,0,0,0,0,0,0,0,0,0,0,0,0,0
0,0,0,0,0,121,121,121,0,0,0,0,121,0,121,121,0,121,121,121,0,0,121,0,0,121,0,0,121,121,121,121,121,121,0,0,0,0,0,0,0,0,0,0,0,0,0,0,0,0,0,0,0,0,0,0
0,0,0,0,0,100,100,100,0,0,0,0,100,0,100,100,0,100,100,100,0,0,100,0,0,100,0,0,100,100,100,100,100,100,0,0,0,0,0,0,0,0,0,0,0,0,0,0,0,0,0,0,0,0,0,0
0,0,0,0,0,57,57,57,0,0,0,0,57,0,57,57,0,57,57,57,0,0,57,0,0,57,0,0,57,57,57,57,57,57,0,0,0,0,0,0,0,0,0,0,0,0,0,0,0,0,0,0,0,0,0,0
0,0,0,0,0,56,56,56,0,0,0,0,56,0,56,56,0,56,56,56,0,0,56,0,0,56,0,0,56,56,56,56,56,56,0,0,0,0,0,0,0,0,0,0,0,0,0,0,0,0,0,0,0,0,0,0
0,0,0,0,0,39,39,39,0,0,0,0,39,0,39,39,0,39,39,39,0,0,39,0,0,39,0,0,39,39,39,39,39,39,0,0,0,0,0,0,0,0,0,0,0,0,0,0,0,0,0,0,0,0,0,0
0,0,0,0,0,24,24,24,0,0,0,0,24,0,24,24,0,24,24,24,0,0,24,0,0,24,0,0,24,24,24,24,24,24,0,0,0,0,0,0,0,0,0,0,0,0,0,0,0,0,0,0,0,0,0,0
0,0,0,0,0,47,47,47,0,0,0,0,47,0,47,47,0,47,47,47,0,0,47,0,0,47,0,0,47,47,47,47,47,47,0,0,0,0,0,0,0,0,0,0,0,0,0,0,0,0,0,0,0,0,0,0
0,0,0,0,0,83,83,83,0,0,0,0,83,0,83,83,0,83,83,83,0,0,83,0,0,83,0,0,83,83,83,83,83,83,0,0,0,0,0,0,0,0,0,0,0,0,0,0,0,0,0,0,0,0,0,0
0,0,0,0,0,67,67,67,0,0,0,0,67,0,67,67,0,67,67,67,0,0,67,0,0,67,0,0,67,67,67,67,67,67,0,0,0,0,0,0,0,0,0,0,0,0,0,0,0,0,0,0,0,0,0,0
0,0,0,0,0,22,22,22,0,0,0,0,22,0,22,22,0,22,22,22,0,0,22,0,0,22,0,0,22,22,22,22,22,22,0,0,0,0,0,0,0,0,0,0,0,0,0,0,0,0,0,0,0,0,0,0
0,0,0,0,0,42,42,42,0,0,0,0,42,0,42,42,0,42,42,42,0,0,42,0,0,42,0,0,42,42,42,42,42,42,0,0,0,0,0,0,0,0,0,0,0,0,0,0,0,0,0,0,0,0,0,0
0,0,0,0,0,0,0,0,0,0,0,0,0,0,0,0,0,0,0,0,0,0,0,0,0,0,0,0,0,0,0,0,0,0,0,0,0,0,0,0,0,0,0,0,0,0,0,0,0,0,0,0,0,0,0,0
0,0,0,0,0,32,32,32,0,0,0,0,32,0,32,32,0,32,32,32,0,0,32,0,0,32,0,0,32,32,32,32,32,32,0,0,0,0,0,0,0,0,0,0,0,0,0,0,0,0,0,0,0,0,0,0
0,0,0,0,0,21,21,21,0,0,0,0,21,0,21,21,0,21,21,21,0,0,21,0,0,21,0,0,21,21,21,21,21,21,0,0,0,0,0,0,0,0,0,0,0,0,0,0,0,0,0,0,0,0,0,0
0,0,0,0,0,0,0,0,0,0,0,0,0,0,0,0,0,0,0,0,0,0,0,0,0,0,0,0,0,0,0,0,0,0,0,0,0,0,0,0,0,0,0,0,0,0,0,0,0,0,0,0,0,0,0,0
0,0,0,0,0,0,0,0,0,0,0,0,0,0,0,0,0,0,0,0,0,0,0,0,0,0,0,0,0,0,0,0,0,0,0,0,0,0,0,0,0,0,0,0,0,0,0,0,0,0,0,0,0,0,0,0
0,0,0,0,0,0,0,0,0,0,0,0,0,0,0,0,0,0,0,0,0,0,0,0,0,0,0,0,0,0,0,0,0,0,0,0,0,0,0,0,0,0,0,0,0,0,0,0,0,0,0,0,0,0,0,0
0,0,0,0,0,0,0,0,0,0,0,0,0,0,0,0,0,0,0,0,0,0,0,0,0,0,0,0,0,0,0,0,0,0,0,0,0,0,0,0,0,0,0,0,0,0,0,0,0,0,0,0,0,0,0,0
0,0,0,0,0,0,0,0,0,0,0,0,0,0,0,0,0,0,0,0,0,0,0,0,0,0,0,0,0,0,0,0,0,0,0,0,0,0,0,0,0,0,0,0,0,0,0,0,0,0,0,0,0,0,0,0
0,0,0,0,0,28,28,28,0,0,0,0,28,0,28,28,0,28,28,28,0,0,28,0,0,28,0,0,28,28,28,28,28,28,0,0,0,0,0,0,0,0,0,0,0,0,0,0,0,0,0,0,0,0,0,0
0,0,0,0,0,0,0,0,0,0,0,0,0,0,0,0,0,0,0,0,0,0,0,0,0,0,0,0,0,0,0,0,0,0,0,0,0,0,0,0,0,0,0,0,0,0,0,0,0,0,0,0,0,0,0,0
0,0,0,0,0,20,20,20,0,0,0,0,20,0,20,20,0,20,20,20,0,0,20,0,0,20,0,0,20,20,20,20,20,20,0,0,0,0,0,0,0,0,0,0,0,0,0,0,0,0,0,0,0,0,0,0
0,0,0,0,0,0,0,0,0,0,0,0,0,0,0,0,0,0,0,0,0,0,0,0,0,0,0,0,0,0,0,0,0,0,0,0,0,0,0,0,0,0,0,0,0,0,0,0,0,0,0,0,0,0,0,0
0,0,0,0,0,0,0,0,0,0,0,0,0,0,0,0,0,0,0,0,0,0,0,0,0,0,0,0,0,0,0,0,0,0,0,0,0,0,0,0,0,0,0,0,0,0,0,0,0,0,0,0,0,0,0,0
0,0,0,0,0,0,0,0,0,0,0,0,0,0,0,0,0,0,0,0,0,0,0,0,0,0,0,0,0,0,0,0,0,0,0,0,0,0,0,0,0,0,0,0,0,0,0,0,0,0,0,0,0,0,0,0
0,0,0,0,0,25,25,25,0,0,0,0,25,0,25,25,0,25,25,25,0,0,25,0,0,25,0,0,25,25,25,25,25,25,0,0,0,0,0,0,0,0,0,0,0,0,0,0,0,0,0,0,0,0,0,0
0,0,0,0,0,0,0,0,0,0,0,0,0,0,0,0,0,0,0,0,0,0,0,0,0,0,0,0,0,0,0,0,0,0,0,0,0,0,0,0,0,0,0,0,0,0,0,0,0,0,0,0,0,0,0,0
0,0,0,0,0,21,21,21,0,0,0,0,21,0,21,21,0,21,21,21,0,0,21,0,0,21,0,0,21,21,21,21,21,21,0,0,0,0,0,0,0,0,0,0,0,0,0,0,0,0,0,0,0,0,0,0
0,0,0,0,0,0,0,0,0,0,0,0,0,0,0,0,0,0,0,0,0,0,0,0,0,0,0,0,0,0,0,0,0,0,0,0,0,0,0,0,0,0,0,0,0,0,0,0,0,0,0,0,0,0,0,0
0,0,0,0,0,0,0,0,0,0,0,0,0,0,0,0,0,0,0,0,0,0,0,0,0,0,0,0,0,0,0,0,0,0,0,0,0,0,0,0,0,0,0,0,0,0,0,0,0,0,0,0,0,0,0,0
0,0,0,0,0,0,0,0,0,0,0,0,0,0,0,0,0,0,0,0,0,0,0,0,0,0,0,0,0,0,0,0,0,0,0,0,0,0,0,0,0,0,0,0,0,0,0,0,0,0,0,0,0,0,0,0
0,0,0,0,0,0,0,0,0,0,0,0,0,0,0,0,0,0,0,0,0,0,0,0,0,0,0,0,0,0,0,0,0,0,0,0,0,0,0,0,0,0,0,0,0,0,0,0,0,0,0,0,0,0,0,0
0,0,0,0,0,0,0,0,0,0,0,0,0,0,0,0,0,0,0,0,0,0,0,0,0,0,0,0,0,0,0,0,0,0,0,0,0,0,0,0,0,0,0,0,0,0,0,0,0,0,0,0,0,0,0,0
0,0,0,0,0,0,0,0,0,0,0,0,0,0,0,0,0,0,0,0,0,0,0,0,0,0,0,0,0,0,0,0,0,0,0,0,0,0,0,0,0,0,0,0,0,0,0,0,0,0,0,0,0,0,0,0
0,0,0,0,0,0,0,0,0,0,0,0,0,0,0,0,0,0,0,0,0,0,0,0,0,0,0,0,0,0,0,0,0,0,0,0,0,0,0,0,0,0,0,0,0,0,0,0,0,0,0,0,0,0,0,0
0,0,0,0,0,0,0,0,0,0,0,0,0,0,0,0,0,0,0,0,0,0,0,0,0,0,0,0,0,0,0,0,0,0,0,0,0,0,0,0,0,0,0,0,0,0,0,0,0,0,0,0,0,0,0,0
0,0,0,0,0,0,0,0,0,0,0,0,0,0,0,0,0,0,0,0,0,0,0,0,0,0,0,0,0,0,0,0,0,0,0,0,0,0,0,0,0,0,0,0,0,0,0,0,0,0,0,0,0,0,0,0
0,0,0,0,0,0,0,0,0,0,0,0,0,0,0,0,0,0,0,0,0,0,0,0,0,0,0,0,0,0,0,0,0,0,0,0,0,0,0,0,0,0,0,0,0,0,0,0,0,0,0,0,0,0,0,0
0,0,0,0,0,0,0,0,0,0,0,0,0,0,0,0,0,0,0,0,0,0,0,0,0,0,0,0,0,0,0,0,0,0,0,0,0,0,0,0,0,0,0,0,0,0,0,0,0,0,0,0,0,0,0,0
0,0,0,0,0,0,0,0,0,0,0,0,0,0,0,0,0,0,0,0,0,0,0,0,0,0,0,0,0,0,0,0,0,0,0,0,0,0,0,0,0,0,0,0,0,0,0,0,0,0,0,0,0,0,0,0
0,0,0,0,0,0,0,0,0,0,0,0,0,0,0,0,0,0,0,0,0,0,0,0,0,0,0,0,0,0,0,0,0,0,0,0,0,0,0,0,0,0,0,0,0,0,0,0,0,0,0,0,0,0,0,0
0,0,0,0,0,0,0,0,0,0,0,0,0,0,0,0,0,0,0,0,0,0,0,0,0,0,0,0,0,0,0,0,0,0,0,0,0,0,0,0,0,0,0,0,0,0,0,0,0,0,0,0,0,0,0,0
0,0,0,0,0,0,0,0,0,0,0,0,0,0,0,0,0,0,0,0,0,0,0,0,0,0,0,0,0,0,0,0,0,0,0,0,0,0,0,0,0,0,0,0,0,0,0,0,0,0,0,0,0,0,0,0
0,0,0,0,0,0,0,0,0,0,0,0,0,0,0,0,0,0,0,0,0,0,0,0,0,0,0,0,0,0,0,0,0,0,0,0,0,0,0,0,0,0,0,0,0,0,0,0,0,0,0,0,0,0,0,0
0,0,0,0,0,0,0,0,0,0,0,0,0,0,0,0,0,0,0,0,0,0,0,0,0,0,0,0,0,0,0,0,0,0,0,0,0,0,0,0,0,0,0,0,0,0,0,0,0,0,0,0,0,0,0,0
0,0,0,0,0,0,0,0,0,0,0,0,0,0,0,0,0,0,0,0,0,0,0,0,0,0,0,0,0,0,0,0,0,0,0,0,0,0,0,0,0,0,0,0,0,0,0,0,0,0,0,0,0,0,0,0
0,0,0,0,0,0,0,0,0,0,0,0,0,0,0,0,0,0,0,0,0,0,0,0,0,0,0,0,0,0,0,0,0,0,0,0,0,0,0,0,0,0,0,0,0,0,0,0,0,0,0,0,0,0,0,0
0,0,0,0,0,0,0,0,0,0,0,0,0,0,0,0,0,0,0,0,0,0,0,0,0,0,0,0,0,0,0,0,0,0,0,0,0,0,0,0,0,0,0,0,0,0,0,0,0,0,0,0,0,0,0,0
0,0,0,0,0,0,0,0,0,0,0,0,0,0,0,0,0,0,0,0,0,0,0,0,0,0,0,0,0,0,0,0,0,0,0,0,0,0,0,0,0,0,0,0,0,0,0,0,0,0,0,0,0,0,0,0
0,0,0,0,0,0,0,0,0,0,0,0,0,0,0,0,0,0,0,0,0,0,0,0,0,0,0,0,0,0,0,0,0,0,0,0,0,0,0,0,0,0,0,0,0,0,0,0,0,0,0,0,0,0,0,0
0,0,0,0,0,0,0,0,0,0,0,0,0,0,0,0,0,0,0,0,0,0,0,0,0,0,0,0,0,0,0,0,0,0,0,0,0,0,0,0,0,0,0,0,0,0,0,0,0,0,0,0,0,0,0,0
0,0,0,0,0,0,0,0,0,0,0,0,0,0,0,0,0,0,0,0,0,0,0,0,0,0,0,0,0,0,0,0,0,0,0,0,0,0,0,0,0,0,0,0,0,0,0,0,0,0,0,0,0,0,0,0
0,0,0,0,0,0,0,0,0,0,0,0,0,0,0,0,0,0,0,0,0,0,0,0,0,0,0,0,0,0,0,0,0,0,0,0,0,0,0,0,0,0,0,0,0,0,0,0,0,0,0,0,0,0,0,0
0,0,0,0,0,0,0,0,0,0,0,0,0,0,0,0,0,0,0,0,0,0,0,0,0,0,0,0,0,0,0,0,0,0,0,0,0,0,0,0,0,0,0,0,0,0,0,0,0,0,0,0,0,0,0,0
0,0,0,0,0,0,0,0,0,0,0,0,0,0,0,0,0,0,0,0,0,0,0,0,0,0,0,0,0,0,0,0,0,0,0,0,0,0,0,0,0,0,0,0,0,0,0,0,0,0,0,0,0,0,0,0
0,0,0,0,0,0,0,0,0,0,0,0,0,0,0,0,0,0,0,0,0,0,0,0,0,0,0,0,0,0,0,0,0,0,0,0,0,0,0,0,0,0,0,0,0,0,0,0,0,0,0,0,0,0,0,0
0,0,0,0,0,0,0,0,0,0,0,0,0,0,0,0,0,0,0,0,0,0,0,0,0,0,0,0,0,0,0,0,0,0,0,0,0,0,0,0,0,0,0,0,0,0,0,0,0,0,0,0,0,0,0,0
0,0,0,0,0,0,0,0,0,0,0,0,0,0,0,0,0,0,0,0,0,0,0,0,0,0,0,0,0,0,0,0,0,0,0,0,0,0,0,0,0,0,0,0,0,0,0,0,0,0,0,0,0,0,0,0
0,0,0,0,0,0,0,0,0,0,0,0,0,0,0,0,0,0,0,0,0,0,0,0,0,0,0,0,0,0,0,0,0,0,0,0,0,0,0,0,0,0,0,0,0,0,0,0,0,0,0,0,0,0,0,0
0,0,0,0,0,0,0,0,0,0,0,0,0,0,0,0,0,0,0,0,0,0,0,0,0,0,0,0,0,0,0,0,0,0,0,0,0,0,0,0,0,0,0,0,0,0,0,0,0,0,0,0,0,0,0,0
0,0,0,0,0,0,0,0,0,0,0,0,0,0,0,0,0,0,0,0,0,0,0,0,0,0,0,0,0,0,0,0,0,0,0,0,0,0,0,0,0,0,0,0,0,0,0,0,0,0,0,0,0,0,0,0
0,0,0,0,0,0,0,0,0,0,0,0,0,0,0,0,0,0,0,0,0,0,0,0,0,0,0,0,0,0,0,0,0,0,0,0,0,0,0,0,0,0,0,0,0,0,0,0,0,0,0,0,0,0,0,0
0,0,0,0,0,0,0,0,0,0,0,0,0,0,0,0,0,0,0,0,0,0,0,0,0,0,0,0,0,0,0,0,0,0,0,0,0,0,0,0,0,0,0,0,0,0,0,0,0,0,0,0,0,0,0,0
0,0,0,0,0,0,0,0,0,0,0,0,0,0,0,0,0,0,0,0,0,0,0,0,0,0,0,0,0,0,0,0,0,0,0,0,0,0,0,0,0,0,0,0,0,0,0,0,0,0,0,0,0,0,0,0
0,0,0,0,0,0,0,0,0,0,0,0,0,0,0,0,0,0,0,0,0,0,0,0,0,0,0,0,0,0,0,0,0,0,0,0,0,0,0,0,0,0,0,0,0,0,0,0,0,0,0,0,0,0,0,0
0,0,0,0,0,0,0,0,0,0,0,0,0,0,0,0,0,0,0,0,0,0,0,0,0,0,0,0,0,0,0,0,0,0,0,0,0,0,0,0,0,0,0,0,0,0,0,0,0,0,0,0,0,0,0,0
0,0,0,0,0,0,0,0,0,0,0,0,0,0,0,0,0,0,0,0,0,0,0,0,0,0,0,0,0,0,0,0,0,0,0,0,0,0,0,0,0,0,0,0,0,0,0,0,0,0,0,0,0,0,0,0
0,0,0,0,0,0,0,0,0,0,0,0,0,0,0,0,0,0,0,0,0,0,0,0,0,0,0,0,0,0,0,0,0,0,0,0,0,0,0,0,0,0,0,0,0,0,0,0,0,0,0,0,0,0,0,0
0,0,0,0,0,0,0,0,0,0,0,0,0,0,0,0,0,0,0,0,0,0,0,0,0,0,0,0,0,0,0,0,0,0,0,0,0,0,0,0,0,0,0,0,0,0,0,0,0,0,0,0,0,0,0,0
0,0,0,0,0,0,0,0,0,0,0,0,0,0,0,0,0,0,0,0,0,0,0,0,0,0,0,0,0,0,0,0,0,0,0,0,0,0,0,0,0,0,0,0,0,0,0,0,0,0,0,0,0,0,0,0
0,0,0,0,0,0,0,0,0,0,0,0,0,0,0,0,0,0,0,0,0,0,0,0,0,0,0,0,0,0,0,0,0,0,0,0,0,0,0,0,0,0,0,0,0,0,0,0,0,0,0,0,0,0,0,0
0,0,0,0,0,0,0,0,0,0,0,0,0,0,0,0,0,0,0,0,0,0,0,0,0,0,0,0,0,0,0,0,0,0,0,0,0,0,0,0,0,0,0,0,0,0,0,0,0,0,0,0,0,0,0,0
0,0,0,0,0,0,0,0,0,0,0,0,0,0,0,0,0,0,0,0,0,0,0,0,0,0,0,0,0,0,0,0,0,0,0,0,0,0,0,0,0,0,0,0,0,0,0,0,0,0,0,0,0,0,0,0
0,0,0,0,0,0,0,0,0,0,0,0,0,0,0,0,0,0,0,0,0,0,0,0,0,0,0,0,0,0,0,0,0,0,0,0,0,0,0,0,0,0,0,0,0,0,0,0,0,0,0,0,0,0,0,0
0,0,0,0,0,0,0,0,0,0,0,0,0,0,0,0,0,0,0,0,0,0,0,0,0,0,0,0,0,0,0,0,0,0,0,0,0,0,0,0,0,0,0,0,0,0,0,0,0,0,0,0,0,0,0,0
0,0,0,0,0,0,0,0,0,0,0,0,0,0,0,0,0,0,0,0,0,0,0,0,0,0,0,0,0,0,0,0,0,0,0,0,0,0,0,0,0,0,0,0,0,0,0,0,0,0,0,0,0,0,0,0
0,0,0,0,0,0,0,0,0,0,0,0,0,0,0,0,0,0,0,0,0,0,0,0,0,0,0,0,0,0,0,0,0,0,0,0,0,0,0,0,0,0,0,0,0,0,0,0,0,0,0,0,0,0,0,0
0,0,0,0,0,0,0,0,0,0,0,0,0,0,0,0,0,0,0,0,0,0,0,0,0,0,0,0,0,0,0,0,0,0,0,0,0,0,0,0,0,0,0,0,0,0,0,0,0,0,0,0,0,0,0,0
0,0,0,0,0,0,0,0,0,0,0,0,0,0,0,0,0,0,0,0,0,0,0,0,0,0,0,0,0,0,0,0,0,0,0,0,0,0,0,0,0,0,0,0,0,0,0,0,0,0,0,0,0,0,0,0
0,0,0,0,0,0,0,0,0,0,0,0,0,0,0,0,0,0,0,0,0,0,0,0,0,0,0,0,0,0,0,0,0,0,0,0,0,0,0,0,0,0,0,0,0,0,0,0,0,0,0,0,0,0,0,0
0,0,0,0,0,0,0,0,0,0,0,0,0,0,0,0,0,0,0,0,0,0,0,0,0,0,0,0,0,0,0,0,0,0,0,0,0,0,0,0,0,0,0,0,0,0,0,0,0,0,0,0,0,0,0,0
0,0,0,0,0,0,0,0,0,0,0,0,0,0,0,0,0,0,0,0,0,0,0,0,0,0,0,0,0,0,0,0,0,0,0,0,0,0,0,0,0,0,0,0,0,0,0,0,0,0,0,0,0,0,0,0
0,0,0,0,0,0,0,0,0,0,0,0,0,0,0,0,0,0,0,0,0,0,0,0,0,0,0,0,0,0,0,0,0,0,0,0,0,0,0,0,0,0,0,0,0,0,0,0,0,0,0,0,0,0,0,0
0,0,0,0,0,0,0,0,0,0,0,0,0,0,0,0,0,0,0,0,0,0,0,0,0,0,0,0,0,0,0,0,0,0,0,0,0,0,0,0,0,0,0,0,0,0,0,0,0,0,0,0,0,0,0,0
0,0,0,0,0,0,0,0,0,0,0,0,0,0,0,0,0,0,0,0,0,0,0,0,0,0,0,0,0,0,0,0,0,0,0,0,0,0,0,0,0,0,0,0,0,0,0,0,0,0,0,0,0,0,0,0
0,0,0,0,0,0,0,0,0,0,0,0,0,0,0,0,0,0,0,0,0,0,0,0,0,0,0,0,0,0,0,0,0,0,0,0,0,0,0,0,0,0,0,0,0,0,0,0,0,0,0,0,0,0,0,0
0,0,0,0,0,0,0,0,0,0,0,0,0,0,0,0,0,0,0,0,0,0,0,0,0,0,0,0,0,0,0,0,0,0,0,0,0,0,0,0,0,0,0,0,0,0,0,0,0,0,0,0,0,0,0,0
0,0,0,0,0,0,0,0,0,0,0,0,0,0,0,0,0,0,0,0,0,0,0,0,0,0,0,0,0,0,0,0,0,0,0,0,0,0,0,0,0,0,0,0,0,0,0,0,0,0,0,0,0,0,0,0
0,0,0,0,0,0,0,0,0,0,0,0,0,0,0,0,0,0,0,0,0,0,0,0,0,0,0,0,0,0,0,0,0,0,0,0,0,0,0,0,0,0,0,0,0,0,0,0,0,0,0,0,0,0,0,0
0,0,0,0,0,0,0,0,0,0,0,0,0,0,0,0,0,0,0,0,0,0,0,0,0,0,0,0,0,0,0,0,0,0,0,0,0,0,0,0,0,0,0,0,0,0,0,0,0,0,0,0,0,0,0,0
0,0,0,0,0,0,0,0,0,0,0,0,0,0,0,0,0,0,0,0,0,0,0,0,0,0,0,0,0,0,0,0,0,0,0,0,0,0,0,0,0,0,0,0,0,0,0,0,0,0,0,0,0,0,0,0
0,0,0,0,0,0,0,0,0,0,0,0,0,0,0,0,0,0,0,0,0,0,0,0,0,0,0,0,0,0,0,0,0,0,0,0,0,0,0,0,0,0,0,0,0,0,0,0,0,0,0,0,0,0,0,0
0,0,0,0,0,0,0,0,0,0,0,0,0,0,0,0,0,0,0,0,0,0,0,0,0,0,0,0,0,0,0,0,0,0,0,0,0,0,0,0,0,0,0,0,0,0,0,0,0,0,0,0,0,0,0,0
0,0,0,0,0,0,0,0,0,0,0,0,0,0,0,0,0,0,0,0,0,0,0,0,0,0,0,0,0,0,0,0,0,0,0,0,0,0,0,0,0,0,0,0,0,0,0,0,0,0,0,0,0,0,0,0
0,0,0,0,0,0,0,0,0,0,0,0,0,0,0,0,0,0,0,0,0,0,0,0,0,0,0,0,0,0,0,0,0,0,0,0,0,0,0,0,0,0,0,0,0,0,0,0,0,0,0,0,0,0,0,0
0,0,0,0,0,0,0,0,0,0,0,0,0,0,0,0,0,0,0,0,0,0,0,0,0,0,0,0,0,0,0,0,0,0,0,0,0,0,0,0,0,0,0,0,0,0,0,0,0,0,0,0,0,0,0,0
0,0,0,0,0,0,0,0,0,0,0,0,0,0,0,0,0,0,0,0,0,0,0,0,0,0,0,0,0,0,0,0,0,0,0,0,0,0,0,0,0,0,0,0,0,0,0,0,0,0,0,0,0,0,0,0
0,0,0,0,0,0,0,0,0,0,0,0,0,0,0,0,0,0,0,0,0,0,0,0,0,0,0,0,0,0,0,0,0,0,0,0,0,0,0,0,0,0,0,0,0,0,0,0,0,0,0,0,0,0,0,0
0,0,0,0,0,0,0,0,0,0,0,0,0,0,0,0,0,0,0,0,0,0,0,0,0,0,0,0,0,0,0,0,0,0,0,0,0,0,0,0,0,0,0,0,0,0,0,0,0,0,0,0,0,0,0,0
0,0,0,0,0,0,0,0,0,0,0,0,0,0,0,0,0,0,0,0,0,0,0,0,0,0,0,0,0,0,0,0,0,0,0,0,0,0,0,0,0,0,0,0,0,0,0,0,0,0,0,0,0,0,0,0
0,0,0,0,0,0,0,0,0,0,0,0,0,0,0,0,0,0,0,0,0,0,0,0,0,0,0,0,0,0,0,0,0,0,0,0,0,0,0,0,0,0,0,0,0,0,0,0,0,0,0,0,0,0,0,0
0,0,0,0,0,0,0,0,0,0,0,0,0,0,0,0,0,0,0,0,0,0,0,0,0,0,0,0,0,0,0,0,0,0,0,0,0,0,0,0,0,0,0,0,0,0,0,0,0,0,0,0,0,0,0,0
0,0,0,0,0,0,0,0,0,0,0,0,0,0,0,0,0,0,0,0,0,0,0,0,0,0,0,0,0,0,0,0,0,0,0,0,0,0,0,0,0,0,0,0,0,0,0,0,0,0,0,0,0,0,0,0
0,0,0,0,0,0,0,0,0,0,0,0,0,0,0,0,0,0,0,0,0,0,0,0,0,0,0,0,0,0,0,0,0,0,0,0,0,0,0,0,0,0,0,0,0,0,0,0,0,0,0,0,0,0,0,0
0,0,0,0,0,0,0,0,0,0,0,0,0,0,0,0,0,0,0,0,0,0,0,0,0,0,0,0,0,0,0,0,0,0,0,0,0,0,0,0,0,0,0,0,0,0,0,0,0,0,0,0,0,0,0,0
0,0,0,0,0,0,0,0,0,0,0,0,0,0,0,0,0,0,0,0,0,0,0,0,0,0,0,0,0,0,0,0,0,0,0,0,0,0,0,0,0,0,0,0,0,0,0,0,0,0,0,0,0,0,0,0
0,0,0,0,0,0,0,0,0,0,0,0,0,0,0,0,0,0,0,0,0,0,0,0,0,0,0,0,0,0,0,0,0,0,0,0,0,0,0,0,0,0,0,0,0,0,0,0,0,0,0,0,0,0,0,0
