0,1,2,3,4,5,6,7,8,9,10,11,12,13,14,15,16,17,18,19,20,21,22,23,24,25,26,27,28,29,30,31,32,33,34,35,36,37,38,39,40,41,42,43,44,45,46,47,48,49,50,51,52,53
425,0,0,0,0,0,0,0,0,0,0,0,0,0,0,0,0,0,0,0,0,0,0,0,0,0,0,0,0,0,0,0,0,0,0,0,0,0,0,0,0,0,0,0,0,0,0,0,0,0,0,0,0,0
395,111,103,24,0,0,0,0,0,0,0,0,0,0,0,0,0,0,0,0,0,0,0,0,0,0,0,0,0,0,0,0,0,0,0,0,0,0,0,0,0,0,0,0,0,0,0,0,0,0,0,0,0,0
342,114,113,29,0,0,0,0,0,0,0,0,0,0,0,0,0,0,0,0,0,0,0,0,0,0,0,0,0,0,0,0,0,0,0,0,0,0,0,0,0,0,0,0,0,0,0,0,0,0,0,0,0,0
425,49,105,0,0,0,0,0,0,0,0,0,0,0,0,0,0,0,0,0,0,0,0,0,0,0,0,0,0,0,0,0,0,0,0,0,0,0,0,0,0,0,0,0,0,0,0,0,0,0,0,0,0,0
336,131,37,0,0,0,0,0,0,0,0,0,0,0,0,0,0,0,0,0,0,0,0,0,0,0,0,0,0,0,0,0,0,0,0,0,0,0,0,0,0,0,0,0,0,0,0,0,0,0,0,0,0,0
352,161,161,29,0,0,0,0,0,0,0,0,0,0,0,0,0,0,0,0,0,0,0,0,0,0,0,0,0,0,0,0,0,0,0,0,0,0,0,0,0,0,0,0,0,0,0,0,0,0,0,0,0,0
291,162,162,0,0,0,0,0,0,0,0,0,0,0,0,0,0,0,0,0,0,0,0,0,0,0,0,0,0,0,0,0,0,0,0,0,0,0,0,0,0,0,0,0,0,0,0,0,0,0,0,0,0,0
267,160,160,0,37,0,0,0,0,0,0,0,0,0,0,0,0,0,0,0,0,0,0,0,0,0,0,0,0,0,0,0,0,0,0,0,0,0,0,0,0,0,0,0,0,0,0,0,0,0,0,0,0,0
257,142,142,23,23,0,0,0,0,0,0,0,0,0,0,0,0,0,0,0,0,0,0,0,0,0,0,0,0,0,0,0,0,0,0,0,0,0,0,0,0,0,0,0,0,0,0,0,0,0,0,0,0,0
298,172,172,0,38,21,0,0,0,0,0,0,0,0,0,0,0,0,0,0,0,0,0,0,0,0,0,0,0,0,0,0,0,0,0,0,0,0,0,0,0,0,0,0,0,0,0,0,0,0,0,0,0,0
212,230,230,0,25,0,0,0,0,0,0,0,0,0,0,0,0,0,0,0,0,0,0,0,0,0,0,0,0,0,0,0,0,0,0,0,0,0,0,0,0,0,0,0,0,0,0,0,0,0,0,0,0,0
229,248,248,0,45,0,0,0,0,0,0,0,0,0,0,0,0,0,0,0,0,0,0,0,0,0,0,0,0,0,0,0,0,0,0,0,0,0,0,0,0,0,0,0,0,0,0,0,0,0,0,0,0,0
310,213,213,39,44,0,31,26,0,0,0,0,0,0,0,0,0,0,0,0,0,0,0,0,0,0,0,0,0,0,0,0,0,0,0,0,0,0,0,0,0,0,0,0,0,0,0,0,0,0,0,0,0,0
312,222,222,47,49,0,69,0,20,0,0,0,0,0,0,0,0,0,0,0,0,0,0,0,0,0,0,0,0,0,0,0,0,0,0,0,0,0,0,0,0,0,0,0,0,0,0,0,0,0,0,0,0,0
268,163,163,57,73,0,112,24,0,0,0,0,0,0,0,0,0,0,0,0,0,0,0,0,0,0,0,0,0,0,0,0,0,0,0,0,0,0,0,0,0,0,0,0,0,0,0,0,0,0,0,0,0,0
272,122,122,98,42,0,122,0,0,0,0,0,0,0,0,0,0,0,0,0,0,0,0,0,0,0,0,0,0,0,0,0,0,0,0,0,0,0,0,0,0,0,0,0,0,0,0,0,0,0,0,0,0,0
206,87,87,114,38,0,155,23,21,0,0,0,0,0,0,0,0,0,0,0,0,0,0,0,0,0,0,0,0,0,0,0,0,0,0,0,0,0,0,0,0,0,0,0,0,0,0,0,0,0,0,0,0,0
194,95,95,125,37,0,128,20,0,0,0,0,0,0,0,0,0,0,0,0,0,0,0,0,0,0,0,0,0,0,0,0,0,0,0,0,0,0,0,0,0,0,0,0,0,0,0,0,0,0,0,0,0,0
151,59,59,109,22,0,78,22,23,0,0,0,0,0,0,0,0,0,0,0,0,0,0,0,0,0,0,0,0,0,0,0,0,0,0,0,0,0,0,0,0,0,0,0,0,0,0,0,0,0,0,0,0,0
222,67,67,106,26,0,78,25,34,0,0,0,0,0,0,0,0,0,0,0,0,0,0,0,0,0,0,0,0,0,0,0,0,0,0,0,0,0,0,0,0,0,0,0,0,0,0,0,0,0,0,0,0,0
163,77,77,161,38,0,70,0,38,0,0,0,0,0,0,0,0,0,0,0,0,0,0,0,0,0,0,0,0,0,0,0,0,0,0,0,0,0,0,0,0,0,0,0,0,0,0,0,0,0,0,0,0,0
138,40,40,193,39,0,154,27,48,0,0,0,0,0,0,0,0,0,0,0,0,0,0,0,0,0,0,0,0,0,0,0,0,0,0,0,0,0,0,0,0,0,0,0,0,0,0,0,0,0,0,0,0,0
132,39,39,202,29,0,187,20,26,0,0,0,0,0,0,0,0,0,0,0,0,0,0,0,0,0,0,0,0,0,0,0,0,0,0,0,0,0,0,0,0,0,0,0,0,0,0,0,0,0,0,0,0,0
159,45,45,325,34,0,247,22,48,0,0,0,0,0,0,0,0,0,0,0,0,0,0,0,0,0,0,0,0,0,0,0,0,0,0,0,0,0,0,0,0,0,0,0,0,0,0,0,0,0,0,0,0,0
156,21,21,319,30,0,214,22,42,0,0,0,0,0,0,0,0,0,0,0,0,0,0,0,0,0,0,0,0,0,0,0,0,0,0,0,0,0,0,0,0,0,0,0,0,0,0,0,0,0,0,0,0,0
156,28,28,388,45,0,246,20,30,0,0,0,0,0,0,0,0,0,0,0,0,0,0,0,0,0,0,0,0,0,0,0,0,0,0,0,0,0,0,0,0,0,0,0,0,0,0,0,0,0,0,0,0,0
124,25,25,299,68,0,174,20,55,0,0,0,0,0,0,0,0,0,0,0,0,0,0,0,0,0,0,0,0,0,0,0,0,0,0,0,0,0,0,0,0,0,0,0,0,0,0,0,0,0,0,0,0,0
140,38,38,235,68,0,160,45,68,0,0,0,0,0,0,0,0,0,0,0,0,0,0,0,0,0,0,0,0,0,0,0,0,0,0,0,0,0,0,0,0,0,0,0,0,0,0,0,0,0,0,0,0,0
159,93,93,244,107,0,161,51,63,0,0,0,0,0,0,0,0,0,0,0,0,0,0,0,0,0,0,0,0,0,0,0,0,0,0,0,0,0,0,0,0,0,0,0,0,0,0,0,0,0,0,0,0,0
150,92,92,239,88,0,173,0,37,0,0,0,0,0,0,0,0,0,0,0,0,0,0,0,0,0,0,0,0,0,0,0,0,0,0,0,0,0,0,0,0,0,0,0,0,0,0,0,0,0,0,0,0,0
135,75,75,201,61,0,209,23,53,0,0,0,0,0,0,0,0,0,0,0,0,0,0,0,0,0,0,0,0,0,0,0,0,0,0,0,0,0,0,0,0,0,0,0,0,0,0,0,0,0,0,0,0,0
138,63,63,192,77,0,238,28,20,22,0,0,0,0,0,0,0,0,0,0,0,0,0,0,0,0,0,0,0,0,0,0,0,0,0,0,0,0,0,0,0,0,0,0,0,0,0,0,0,0,0,0,0,0
156,68,68,164,77,0,128,27,25,22,0,0,0,0,0,0,0,0,0,0,0,0,0,0,0,0,0,0,0,0,0,0,0,0,0,0,0,0,0,0,0,0,0,0,0,0,0,0,0,0,0,0,0,0
171,55,55,89,94,0,150,58,21,36,0,0,0,0,0,0,0,0,0,0,0,0,0,0,0,0,0,0,0,0,0,0,0,0,0,0,0,0,0,0,0,0,0,0,0,0,0,0,0,0,0,0,0,0
198,36,36,81,67,0,126,71,0,35,0,0,0,0,0,0,0,0,0,0,0,0,0,0,0,0,0,0,0,0,0,0,0,0,0,0,0,0,0,0,0,0,0,0,0,0,0,0,0,0,0,0,0,0
216,32,32,122,72,0,151,55,0,24,0,0,0,0,0,0,0,0,0,0,0,0,0,0,0,0,0,0,0,0,0,0,0,0,0,0,0,0,0,0,0,0,0,0,0,0,0,0,0,0,0,0,0,0
161,96,96,159,103,0,132,22,0,24,0,0,0,0,0,0,0,0,0,0,0,0,0,0,0,0,0,0,0,0,0,0,0,0,0,0,0,0,0,0,0,0,0,0,0,0,0,0,0,0,0,0,0,0
99,57,57,196,62,0,137,32,29,82,36,0,0,0,0,0,0,0,0,0,0,0,0,0,0,0,0,0,0,0,0,0,0,0,0,0,0,0,0,0,0,0,0,0,0,0,0,0,0,0,0,0,0,0
131,126,126,138,102,0,106,65,30,111,32,0,0,0,0,0,0,0,0,0,0,0,0,0,0,0,0,0,0,0,0,0,0,0,0,0,0,0,0,0,0,0,0,0,0,0,0,0,0,0,0,0,0,0
135,74,74,98,102,0,117,44,0,89,0,0,0,0,0,0,0,0,0,0,0,0,0,0,0,0,0,0,0,0,0,0,0,0,0,0,0,0,0,0,0,0,0,0,0,0,0,0,0,0,0,0,0,0
133,76,76,129,119,0,104,48,0,140,0,0,0,0,0,0,0,0,0,0,0,0,0,0,0,0,0,0,0,0,0,0,0,0,0,0,0,0,0,0,0,0,0,0,0,0,0,0,0,0,0,0,0,0
134,36,36,152,176,0,132,37,0,85,0,0,0,0,0,0,0,0,0,0,0,0,0,0,0,0,0,0,0,0,0,0,0,0,0,0,0,0,0,0,0,0,0,0,0,0,0,0,0,0,0,0,0,0
159,37,37,121,84,0,90,48,29,83,0,43,0,0,0,0,0,0,0,0,0,0,0,0,0,0,0,0,0,0,0,0,0,0,0,0,0,0,0,0,0,0,0,0,0,0,0,0,0,0,0,0,0,0
163,52,52,180,89,0,115,50,39,58,0,47,0,0,0,0,0,0,0,0,0,0,0,0,0,0,0,0,0,0,0,0,0,0,0,0,0,0,0,0,0,0,0,0,0,0,0,0,0,0,0,0,0,0
139,43,43,189,75,0,87,33,35,42,0,51,20,0,0,0,0,0,0,0,0,0,0,0,0,0,0,0,0,0,0,0,0,0,0,0,0,0,0,0,0,0,0,0,0,0,0,0,0,0,0,0,0,0
151,82,82,118,192,0,130,130,0,57,0,30,35,0,0,0,0,0,0,0,0,0,0,0,0,0,0,0,0,0,0,0,0,0,0,0,0,0,0,0,0,0,0,0,0,0,0,0,0,0,0,0,0,0
164,72,72,157,102,0,136,136,0,63,0,66,54,20,0,0,0,0,0,0,0,0,0,0,0,0,0,0,0,0,0,0,0,0,0,0,0,0,0,0,0,0,0,0,0,0,0,0,0,0,0,0,0,0
136,297,297,174,297,0,184,184,29,155,0,49,44,38,0,0,0,0,0,0,0,0,0,0,0,0,0,0,0,0,0,0,0,0,0,0,0,0,0,0,0,0,0,0,0,0,0,0,0,0,0,0,0,0
125,308,308,206,308,0,125,125,28,230,0,36,33,36,0,0,0,0,0,0,0,0,0,0,0,0,0,0,0,0,0,0,0,0,0,0,0,0,0,0,0,0,0,0,0,0,0,0,0,0,0,0,0,0
93,347,347,200,347,0,204,204,27,212,0,72,0,53,0,0,0,0,0,0,0,0,0,0,0,0,0,0,0,0,0,0,0,0,0,0,0,0,0,0,0,0,0,0,0,0,0,0,0,0,0,0,0,0
91,315,315,138,315,0,172,172,0,205,0,95,25,57,0,0,0,0,0,0,0,0,0,0,0,0,0,0,0,0,0,0,0,0,0,0,0,0,0,0,0,0,0,0,0,0,0,0,0,0,0,0,0,0
23,404,404,186,404,0,197,197,0,192,0,125,50,23,0,0,0,0,0,0,0,0,0,0,0,0,0,0,0,0,0,0,0,0,0,0,0,0,0,0,0,0,0,0,0,0,0,0,0,0,0,0,0,0
51,456,456,138,456,0,170,170,0,222,33,112,34,43,0,0,0,0,0,0,0,0,0,0,0,0,0,0,0,0,0,0,0,0,0,0,0,0,0,0,0,0,0,0,0,0,0,0,0,0,0,0,0,0
41,485,485,172,485,0,204,204,0,206,0,112,0,37,0,0,0,0,0,0,0,0,0,0,0,0,0,0,0,0,0,0,0,0,0,0,0,0,0,0,0,0,0,0,0,0,0,0,0,0,0,0,0,0
48,569,569,129,569,0,166,166,0,149,0,136,41,40,0,0,0,0,0,0,0,0,0,0,0,0,0,0,0,0,0,0,0,0,0,0,0,0,0,0,0,0,0,0,0,0,0,0,0,0,0,0,0,0
25,416,416,145,416,0,146,146,0,215,0,161,0,24,0,0,0,0,0,0,0,0,0,0,0,0,0,0,0,0,0,0,0,0,0,0,0,0,0,0,0,0,0,0,0,0,0,0,0,0,0,0,0,0
25,467,467,77,467,0,161,161,0,202,58,182,0,0,0,0,0,0,0,0,0,0,0,0,0,0,0,0,0,0,0,0,0,0,0,0,0,0,0,0,0,0,0,0,0,0,0,0,0,0,0,0,0,0
25,582,582,67,582,0,196,196,0,192,0,134,0,27,0,0,0,0,0,0,0,0,0,0,0,0,0,0,0,0,0,0,0,0,0,0,0,0,0,0,0,0,0,0,0,0,0,0,0,0,0,0,0,0
63,281,281,168,281,0,142,142,0,195,0,139,0,22,0,0,0,0,0,0,0,0,0,0,0,0,0,0,0,0,0,0,0,0,0,0,0,0,0,0,0,0,0,0,0,0,0,0,0,0,0,0,0,0
31,261,261,131,261,0,121,121,0,189,0,190,0,21,0,0,0,0,0,0,0,0,0,0,0,0,0,0,0,0,0,0,0,0,0,0,0,0,0,0,0,0,0,0,0,0,0,0,0,0,0,0,0,0
188,186,186,102,186,0,103,103,0,189,0,256,0,37,0,0,0,0,0,0,0,0,0,0,0,0,0,0,0,0,0,0,0,0,0,0,0,0,0,0,0,0,0,0,0,0,0,0,0,0,0,0,0,0
284,155,155,82,155,0,98,98,0,225,0,299,0,0,0,0,0,0,0,0,0,0,0,0,0,0,0,0,0,0,0,0,0,0,0,0,0,0,0,0,0,0,0,0,0,0,0,0,0,0,0,0,0,0
257,211,211,158,211,0,98,98,0,223,0,337,0,0,207,0,0,0,0,0,0,0,0,0,0,0,0,0,0,0,0,0,0,0,0,0,0,0,0,0,0,0,0,0,0,0,0,0,0,0,0,0,0,0
134,56,56,175,56,0,94,94,0,222,0,242,21,30,192,0,0,0,0,0,0,0,0,0,0,0,0,0,0,0,0,0,0,0,0,0,0,0,0,0,0,0,0,0,0,0,0,0,0,0,0,0,0,0
135,220,220,276,220,0,76,76,0,188,0,186,24,23,191,0,0,0,0,0,0,0,0,0,0,0,0,0,0,0,0,0,0,0,0,0,0,0,0,0,0,0,0,0,0,0,0,0,0,0,0,0,0,0
110,163,163,110,163,0,48,48,0,204,0,130,39,29,148,0,0,0,0,0,0,0,0,0,0,0,0,0,0,0,0,0,0,0,0,0,0,0,0,0,0,0,0,0,0,0,0,0,0,0,0,0,0,0
298,210,210,106,210,0,77,77,20,183,0,82,29,24,204,0,0,0,0,0,0,0,0,0,0,0,0,0,0,0,0,0,0,0,0,0,0,0,0,0,0,0,0,0,0,0,0,0,0,0,0,0,0,0
248,161,161,233,161,0,60,60,0,195,0,33,22,21,165,0,0,0,0,0,0,0,0,0,0,0,0,0,0,0,0,0,0,0,0,0,0,0,0,0,0,0,0,0,0,0,0,0,0,0,0,0,0,0
380,227,227,294,227,0,54,54,0,225,20,86,25,29,250,0,0,0,0,0,0,0,0,0,0,0,0,0,0,0,0,0,0,0,0,0,0,0,0,0,0,0,0,0,0,0,0,0,0,0,0,0,0,0
364,160,160,194,160,0,64,64,43,260,89,55,26,24,91,0,0,0,0,0,0,0,0,0,0,0,0,0,0,0,0,0,0,0,0,0,0,0,0,0,0,0,0,0,0,0,0,0,0,0,0,0,0,0
377,175,175,440,175,0,48,48,0,291,25,440,25,22,209,0,0,0,0,0,0,0,0,0,0,0,0,0,0,0,0,0,0,0,0,0,0,0,0,0,0,0,0,0,0,0,0,0,0,0,0,0,0,0
415,317,317,57,317,0,59,59,24,282,41,57,41,35,186,0,0,0,0,0,0,0,0,0,0,0,0,0,0,0,0,0,0,0,0,0,0,0,0,0,0,0,0,0,0,0,0,0,0,0,0,0,0,0
492,252,252,227,252,0,40,40,20,262,36,227,36,26,130,0,0,0,0,0,0,0,0,0,0,0,0,0,0,0,0,0,0,0,0,0,0,0,0,0,0,0,0,0,0,0,0,0,0,0,0,0,0,0
585,273,273,221,273,0,38,38,0,207,0,221,0,31,172,58,0,0,0,0,0,0,0,0,0,0,0,0,0,0,0,0,0,0,0,0,0,0,0,0,0,0,0,0,0,0,0,0,0,0,0,0,0,0
687,291,291,204,291,0,66,66,0,180,0,204,0,22,130,39,0,0,0,0,0,0,0,0,0,0,0,0,0,0,0,0,0,0,0,0,0,0,0,0,0,0,0,0,0,0,0,0,0,0,0,0,0,0
400,229,229,236,229,0,52,52,0,177,48,236,48,27,94,31,49,0,0,0,0,0,0,0,0,0,0,0,0,0,0,0,0,0,0,0,0,0,0,0,0,0,0,0,0,0,0,0,0,0,0,0,0,0
672,283,283,262,283,0,52,52,0,231,49,262,49,24,115,33,37,0,0,0,0,0,0,0,0,0,0,0,0,0,0,0,0,0,0,0,0,0,0,0,0,0,0,0,0,0,0,0,0,0,0,0,0,0
332,315,315,227,315,0,36,36,0,476,0,227,0,36,110,31,0,0,0,0,0,0,0,0,0,0,0,0,0,0,0,0,0,0,0,0,0,0,0,0,0,0,0,0,0,0,0,0,0,0,0,0,0,0
695,325,325,218,325,0,32,32,0,399,0,218,0,32,92,43,0,0,0,0,0,0,0,0,0,0,0,0,0,0,0,0,0,0,0,0,0,0,0,0,0,0,0,0,0,0,0,0,0,0,0,0,0,0
769,266,266,156,266,0,24,24,0,299,50,156,50,24,77,68,34,0,0,0,0,0,0,0,0,0,0,0,0,0,0,0,0,0,0,0,0,0,0,0,0,0,0,0,0,0,0,0,0,0,0,0,0,0
776,288,288,121,288,0,30,30,0,261,0,121,0,30,88,110,0,0,0,0,0,0,0,0,0,0,0,0,0,0,0,0,0,0,0,0,0,0,0,0,0,0,0,0,0,0,0,0,0,0,0,0,0,0
790,204,204,139,204,0,33,33,0,288,0,139,0,33,101,108,28,0,0,0,0,0,0,0,0,0,0,0,0,0,0,0,0,0,0,0,0,0,0,0,0,0,0,0,0,0,0,0,0,0,0,0,0,0
865,132,132,236,132,0,85,85,0,305,0,236,0,85,54,117,0,20,0,0,0,0,0,0,0,0,0,0,0,0,0,0,0,0,0,0,0,0,0,0,0,0,0,0,0,0,0,0,0,0,0,0,0,0
907,103,103,254,103,0,60,60,0,315,0,254,0,60,71,137,21,0,0,0,0,0,0,0,0,0,0,0,0,0,0,0,0,0,0,0,0,0,0,0,0,0,0,0,0,0,0,0,0,0,0,0,0,0
758,89,89,189,89,0,92,92,0,281,0,189,0,92,41,175,29,64,0,0,0,0,0,0,0,0,0,0,0,0,0,0,0,0,0,0,0,0,0,0,0,0,0,0,0,0,0,0,0,0,0,0,0,0
803,61,61,149,61,0,95,95,0,299,0,149,0,95,43,147,0,126,0,0,0,0,0,0,0,0,0,0,0,0,0,0,0,0,0,0,0,0,0,0,0,0,0,0,0,0,0,0,0,0,0,0,0,0
566,74,74,140,74,0,88,88,0,320,31,140,31,88,42,244,26,203,0,0,0,0,0,0,0,0,0,0,0,0,0,0,0,0,0,0,0,0,0,0,0,0,0,0,0,0,0,0,0,0,0,0,0,0
611,21,21,150,21,0,75,75,0,282,0,150,0,75,38,179,31,232,0,0,0,0,0,0,0,0,0,0,0,0,0,0,0,0,0,0,0,0,0,0,0,0,0,0,0,0,0,0,0,0,0,0,0,0
548,48,48,119,48,0,88,88,0,309,0,119,0,88,0,236,28,294,0,0,0,0,0,0,0,0,0,0,0,0,0,0,0,0,0,0,0,0,0,0,0,0,0,0,0,0,0,0,0,0,0,0,0,0
485,72,72,69,72,0,95,95,0,245,0,69,0,95,0,209,31,443,0,0,0,0,0,0,0,0,0,0,0,0,0,0,0,0,0,0,0,0,0,0,0,0,0,0,0,0,0,0,0,0,0,0,0,0
503,61,61,58,61,44,41,41,0,450,0,58,0,41,0,177,0,479,0,0,0,0,0,0,0,0,0,0,0,0,0,0,0,0,0,0,0,0,0,0,0,0,0,0,0,0,0,0,0,0,0,0,0,0
545,62,62,42,62,61,76,76,0,453,32,42,32,76,0,205,27,489,22,0,0,0,0,0,0,0,0,0,0,0,0,0,0,0,0,0,0,0,0,0,0,0,0,0,0,0,0,0,0,0,0,0,0,0
491,59,59,53,59,40,62,62,0,411,0,53,0,62,0,148,41,464,21,0,0,0,0,0,0,0,0,0,0,0,0,0,0,0,0,0,0,0,0,0,0,0,0,0,0,0,0,0,0,0,0,0,0,0
466,62,62,69,62,36,86,86,23,330,27,69,27,86,0,88,35,442,29,0,0,0,0,0,0,0,0,0,0,0,0,0,0,0,0,0,0,0,0,0,0,0,0,0,0,0,0,0,0,0,0,0,0,0
416,86,86,54,86,33,68,68,0,344,0,54,0,68,0,95,0,497,23,0,0,0,0,0,0,0,0,0,0,0,0,0,0,0,0,0,0,0,0,0,0,0,0,0,0,0,0,0,0,0,0,0,0,0
463,101,101,61,101,74,48,48,30,113,0,61,0,48,0,69,0,467,0,0,0,0,0,0,0,0,0,0,0,0,0,0,0,0,0,0,0,0,0,0,0,0,0,0,0,0,0,0,0,0,0,0,0,0
513,86,86,74,86,72,55,55,36,68,28,74,28,55,0,85,22,453,28,0,0,0,0,0,0,0,0,0,0,0,0,0,0,0,0,0,0,0,0,0,0,0,0,0,0,0,0,0,0,0,0,0,0,0
623,83,83,77,83,34,65,65,35,282,26,77,26,65,0,79,0,431,26,21,0,0,0,0,0,0,0,0,0,0,0,0,0,0,0,0,0,0,0,0,0,0,0,0,0,0,0,0,0,0,0,0,0,0
506,61,61,56,61,0,28,28,0,281,0,56,0,28,0,83,24,412,0,36,0,0,0,0,0,0,0,0,0,0,0,0,0,0,0,0,0,0,0,0,0,0,0,0,0,0,0,0,0,0,0,0,0,0
826,112,112,52,112,0,30,30,21,408,0,52,0,30,0,94,0,373,0,66,0,0,0,0,0,0,0,0,0,0,0,0,0,0,0,0,0,0,0,0,0,0,0,0,0,0,0,0,0,0,0,0,0,0
776,100,100,41,100,0,27,27,23,445,30,41,30,27,0,59,0,389,30,104,0,0,0,0,0,0,0,0,0,0,0,0,0,0,0,0,0,0,0,0,0,0,0,0,0,0,0,0,0,0,0,0,0,0
816,85,85,45,85,0,32,32,23,395,0,45,0,32,0,81,27,385,0,138,0,0,0,0,0,0,0,0,0,0,0,0,0,0,0,0,0,0,0,0,0,0,0,0,0,0,0,0,0,0,0,0,0,0
772,80,80,30,80,0,25,25,24,416,0,30,0,25,0,74,41,368,0,175,0,0,0,0,0,0,0,0,0,0,0,0,0,0,0,0,0,0,0,0,0,0,0,0,0,0,0,0,0,0,0,0,0,0
846,86,86,48,86,0,42,42,0,330,0,48,0,42,0,37,0,274,0,140,0,0,0,0,0,0,0,0,0,0,0,0,0,0,0,0,0,0,0,0,0,0,0,0,0,0,0,0,0,0,0,0,0,0
1084,85,85,49,85,0,49,49,20,320,0,49,0,49,0,45,0,235,0,162,0,0,0,0,0,0,0,0,0,0,0,0,0,0,0,0,0,0,0,0,0,0,0,0,0,0,0,0,0,0,0,0,0,0
1324,64,64,288,64,0,47,47,0,516,0,288,0,47,0,35,0,160,0,142,0,0,0,0,0,0,0,0,0,0,0,0,0,0,0,0,0,0,0,0,0,0,0,0,0,0,0,0,0,0,0,0,0,0
1229,48,48,64,48,0,52,52,0,281,0,64,0,52,0,62,0,145,0,144,0,0,0,0,0,0,0,0,0,0,0,0,0,0,0,0,0,0,0,0,0,0,0,0,0,0,0,0,0,0,0,0,0,0
1367,46,46,82,46,0,51,51,0,251,0,82,0,51,0,39,0,143,0,116,23,0,0,0,0,0,0,0,0,0,0,0,0,0,0,0,0,0,0,0,0,0,0,0,0,0,0,0,0,0,0,0,0,0
1467,42,42,100,42,0,34,34,0,261,26,100,26,34,0,31,0,184,26,74,28,0,0,0,0,0,0,0,0,0,0,0,0,0,0,0,0,0,0,0,0,0,0,0,0,0,0,0,0,0,0,0,0,0
1345,41,41,75,41,0,35,35,0,290,21,75,21,35,0,1193,0,162,21,62,35,0,0,0,0,0,0,0,0,0,0,0,0,0,0,0,0,0,0,0,0,0,0,0,0,0,0,0,0,0,0,0,0,0
1235,55,55,124,55,0,39,39,0,325,34,124,34,39,0,1117,0,201,34,64,39,0,0,0,0,0,0,0,0,0,0,0,0,0,0,0,0,0,0,0,0,0,0,0,0,0,0,0,0,0,0,0,0,0
1265,40,40,136,40,0,26,26,0,377,37,136,37,26,0,1152,0,160,37,41,26,0,0,0,0,0,0,0,0,0,0,0,0,0,0,0,0,0,0,0,0,0,0,0,0,0,0,0,0,0,0,0,0,0
1322,46,46,153,46,0,35,35,0,322,49,153,49,35,0,977,0,178,49,40,35,27,0,0,0,0,0,0,0,0,0,0,0,0,0,0,0,0,0,0,0,0,0,0,0,0,0,0,0,0,0,0,0,0
1217,39,39,218,39,0,23,23,0,308,32,218,32,23,0,745,0,129,32,34,23,33,20,0,0,0,0,0,0,0,0,0,0,0,0,0,0,0,0,0,0,0,0,0,0,0,0,0,0,0,0,0,0,0
1143,29,29,179,29,0,39,39,0,320,35,179,35,39,0,638,0,77,35,45,39,39,23,0,0,0,0,0,0,0,0,0,0,0,0,0,0,0,0,0,0,0,0,0,0,0,0,0,0,0,0,0,0,0
1060,30,30,196,30,0,25,25,0,286,30,196,30,25,0,657,0,72,30,59,25,27,0,0,0,0,0,0,0,0,0,0,0,0,0,0,0,0,0,0,0,0,0,0,0,0,0,0,0,0,0,0,0,0
1046,33,33,187,33,0,22,22,0,312,25,187,25,22,0,627,31,44,25,69,22,0,0,0,0,0,0,0,0,0,0,0,0,0,0,0,0,0,0,0,0,0,0,0,0,0,0,0,0,0,0,0,0,0
953,33,33,118,33,0,39,39,0,301,32,118,32,39,0,489,0,53,32,71,39,36,0,0,0,0,0,0,0,0,0,0,0,0,0,0,0,0,0,0,0,0,0,0,0,0,0,0,0,0,0,0,0,0
926,35,35,145,35,0,26,26,0,295,39,145,39,26,0,516,0,57,39,47,26,34,0,0,0,0,0,0,0,0,0,0,0,0,0,0,0,0,0,0,0,0,0,0,0,0,0,0,0,0,0,0,0,0
939,30,30,141,30,0,28,28,0,188,61,141,61,28,0,321,0,53,61,37,28,67,0,0,0,0,0,0,0,0,0,0,0,0,0,0,0,0,0,0,0,0,0,0,0,0,0,0,0,0,0,0,0,0
927,27,27,142,27,0,0,0,0,158,42,142,42,0,0,303,0,61,42,32,0,45,0,0,0,0,0,0,0,0,0,0,0,0,0,0,0,0,0,0,0,0,0,0,0,0,0,0,0,0,0,0,0,0
862,33,33,122,33,0,0,0,0,177,52,122,52,0,0,595,0,64,52,72,0,39,0,0,0,0,0,0,0,0,0,0,0,0,0,0,0,0,0,0,0,0,0,0,0,0,0,0,0,0,0,0,0,0
927,24,24,75,24,0,0,0,0,135,55,75,55,0,0,474,0,51,55,92,0,28,0,0,0,0,0,0,0,0,0,0,0,0,0,0,0,0,0,0,0,0,0,0,0,0,0,0,0,0,0,0,0,0
806,46,46,73,46,0,0,0,0,137,62,73,62,0,0,295,0,57,62,79,0,23,0,0,0,0,0,0,0,0,0,0,0,0,0,0,0,0,0,0,0,0,0,0,0,0,0,0,0,0,0,0,0,0
791,37,37,87,37,0,0,0,0,168,47,87,47,0,0,460,0,37,47,154,0,24,0,0,0,0,0,0,0,0,0,0,0,0,0,0,0,0,0,0,0,0,0,0,0,0,0,0,0,0,0,0,0,0
761,29,29,482,29,0,0,0,0,170,50,482,50,0,0,482,0,61,50,145,0,31,0,0,0,0,0,0,0,0,0,0,0,0,0,0,0,0,0,0,0,0,0,0,0,0,0,0,0,0,0,0,0,0
700,33,33,303,33,0,0,0,0,141,57,303,57,0,0,303,0,91,57,175,0,23,0,0,0,0,0,0,0,0,0,0,0,0,0,0,0,0,0,0,0,0,0,0,0,0,0,0,0,0,0,0,0,0
711,20,20,249,20,0,0,0,0,155,34,249,34,0,0,249,0,83,34,188,0,0,0,0,0,0,0,0,0,0,0,0,0,0,0,0,0,0,0,0,0,0,0,0,0,0,0,0,0,0,0,0,0,0
589,30,30,218,30,0,0,0,0,137,29,218,29,0,0,218,0,66,29,213,0,36,0,0,0,0,0,0,0,0,0,0,0,0,0,0,0,0,0,0,0,0,0,0,0,0,0,0,0,0,0,0,0,0
556,0,0,215,0,0,0,0,0,153,104,215,104,0,0,215,0,56,104,164,0,0,0,0,0,0,0,0,0,0,0,0,0,0,0,0,0,0,0,0,0,0,0,0,0,0,0,0,0,0,0,0,0,0
525,43,43,516,43,0,0,0,0,98,130,516,130,0,0,516,0,89,130,146,0,20,0,0,0,0,0,0,0,0,0,0,0,0,0,0,0,0,0,0,0,0,0,0,0,0,0,0,0,0,0,0,0,0
615,0,0,320,0,0,0,0,0,117,96,320,96,0,0,320,0,78,96,251,0,23,0,0,0,0,0,0,0,0,0,0,0,0,0,0,0,0,0,0,0,0,0,0,0,0,0,0,0,0,0,0,0,0
591,24,24,270,24,0,0,0,0,45,67,270,67,0,0,270,0,91,67,344,0,22,0,0,0,0,0,0,0,0,0,0,0,0,0,0,0,0,0,0,0,0,0,0,0,0,0,0,0,0,0,0,0,0
695,41,41,341,41,0,0,0,0,80,71,341,71,0,0,341,0,94,71,364,0,0,0,0,0,0,0,0,0,0,0,0,0,0,0,0,0,0,0,0,0,0,0,0,0,0,0,0,0,0,0,0,0,0
740,29,29,388,29,0,0,0,0,49,87,388,87,0,0,388,0,126,87,417,0,0,0,0,0,0,0,0,0,0,0,0,0,0,0,0,0,0,0,0,0,0,0,0,0,0,0,0,0,0,0,0,0,0
791,24,24,664,24,0,0,0,0,83,69,664,69,0,0,664,0,95,69,427,0,0,0,0,0,0,0,0,0,0,0,0,0,0,0,0,0,0,0,0,0,0,0,0,0,0,0,0,0,0,0,0,0,0
759,20,20,544,20,0,0,0,0,74,89,544,89,0,0,544,0,89,89,415,0,0,0,0,0,0,0,0,0,0,0,0,0,0,0,0,0,0,0,0,0,0,0,0,0,0,0,0,0,0,0,0,0,0
676,0,0,710,0,0,0,0,0,57,98,710,98,0,0,710,0,73,98,494,0,0,0,0,0,0,0,0,0,0,0,0,0,0,0,0,0,0,0,0,0,0,0,0,0,0,0,0,0,0,0,0,0,0
638,0,0,634,0,0,0,0,0,70,114,634,114,0,0,634,0,102,114,517,0,0,0,0,0,0,0,0,0,0,0,0,0,0,0,0,0,0,0,0,0,0,0,0,0,0,0,0,0,0,0,0,0,0
740,0,0,637,0,0,0,0,0,46,156,637,156,0,0,637,0,88,156,452,0,0,0,0,0,0,0,0,0,0,0,0,0,0,0,0,0,0,0,0,0,0,0,0,0,0,0,0,0,0,0,0,0,0
745,0,0,672,0,0,0,0,0,56,136,672,136,0,0,672,0,98,136,454,0,0,0,0,0,0,0,0,0,0,0,0,0,0,0,0,0,0,0,0,0,0,0,0,0,0,0,0,0,0,0,0,0,0
764,0,0,633,0,0,0,0,0,71,125,633,125,0,0,633,0,71,125,411,0,0,0,0,0,0,0,0,0,0,0,0,0,0,0,0,0,0,0,0,0,0,0,0,0,0,0,0,0,0,0,0,0,0
820,0,0,487,0,0,48,48,0,48,114,487,114,48,0,487,23,50,114,453,48,0,0,0,0,0,0,0,0,0,0,0,0,0,0,0,0,0,0,0,0,0,0,0,0,0,0,0,0,0,0,0,0,0
905,0,0,467,0,0,33,33,0,33,62,467,62,33,0,467,0,31,62,272,33,0,0,23,0,0,0,0,0,0,0,0,0,0,0,0,0,0,0,0,0,0,0,0,0,0,0,0,0,0,0,0,0,0
1002,0,0,540,0,0,64,64,0,64,39,540,39,64,0,540,0,33,39,200,64,0,0,27,0,0,0,0,0,0,0,0,0,0,0,0,0,0,0,0,0,0,0,0,0,0,0,0,0,0,0,0,0,0
901,0,0,540,0,0,59,59,0,59,67,540,67,59,0,540,0,24,67,201,59,0,0,200,0,0,0,0,0,0,0,0,0,0,0,0,0,0,0,0,0,0,0,0,0,0,0,0,0,0,0,0,0,0
891,42,42,465,42,0,62,62,0,62,51,465,51,62,0,465,0,43,51,231,62,20,0,144,0,0,0,0,0,0,0,0,0,0,0,0,0,0,0,0,0,0,0,0,0,0,0,0,0,0,0,0,0,0
838,0,0,476,0,0,92,92,0,92,26,476,26,92,0,476,0,63,26,229,92,20,0,171,0,0,0,0,0,0,0,0,0,0,0,0,0,0,0,0,0,0,0,0,0,0,0,0,0,0,0,0,0,0
654,58,58,472,58,0,82,82,0,82,64,472,64,82,0,472,0,82,64,340,82,27,30,100,0,0,0,0,0,0,0,0,0,0,0,0,0,0,0,0,0,0,0,0,0,0,0,0,0,0,0,0,0,0
744,50,50,786,50,0,55,55,0,55,52,786,52,55,0,786,0,78,52,245,55,0,20,171,0,0,0,0,0,0,0,0,0,0,0,0,0,0,0,0,0,0,0,0,0,0,0,0,0,0,0,0,0,0
584,57,57,527,57,0,51,51,0,51,73,527,73,51,0,527,0,78,73,309,51,22,29,141,0,0,0,0,0,0,0,0,0,0,0,0,0,0,0,0,0,0,0,0,0,0,0,0,0,0,0,0,0,0
583,43,43,528,43,0,45,45,0,45,33,528,33,45,0,528,0,74,33,292,45,21,28,136,0,0,0,0,0,0,0,0,0,0,0,0,0,0,0,0,0,0,0,0,0,0,0,0,0,0,0,0,0,0
508,64,64,488,64,0,43,43,0,43,51,488,51,43,0,488,0,62,51,272,43,0,30,256,0,0,0,0,0,0,0,0,0,0,0,0,0,0,0,0,0,0,0,0,0,0,0,0,0,0,0,0,0,0
470,32,32,461,32,0,63,63,0,63,39,461,39,63,0,461,0,61,39,177,63,0,0,198,0,0,0,0,0,0,0,0,0,0,0,0,0,0,0,0,0,0,0,0,0,0,0,0,0,0,0,0,0,0
545,56,56,435,56,0,89,89,0,89,76,435,76,89,0,435,0,45,76,199,89,0,0,207,0,0,0,0,0,0,0,0,0,0,0,0,0,0,0,0,0,0,0,0,0,0,0,0,0,0,0,0,0,0
501,24,24,438,24,0,88,88,0,88,51,438,51,88,0,438,0,77,51,147,88,20,0,276,0,0,0,0,0,0,0,0,0,0,0,0,0,0,0,0,0,0,0,0,0,0,0,0,0,0,0,0,0,0
478,21,21,383,21,0,80,80,0,80,83,383,83,80,0,383,0,93,83,173,80,29,0,317,0,0,0,0,0,0,0,0,0,0,0,0,0,0,0,0,0,0,0,0,0,0,0,0,0,0,0,0,0,0
421,22,22,437,22,0,93,93,0,93,63,437,63,93,0,437,0,121,63,148,93,32,0,352,21,0,0,0,0,0,0,0,0,0,0,0,0,0,0,0,0,0,0,0,0,0,0,0,0,0,0,0,0,0
414,0,0,462,0,0,88,88,0,88,70,462,70,88,0,462,0,120,70,160,88,32,0,304,36,0,0,0,0,0,0,0,0,0,0,0,0,0,0,0,0,0,0,0,0,0,0,0,0,0,0,0,0,0
389,22,22,278,22,0,90,90,0,90,38,278,38,90,0,278,0,108,38,117,90,33,0,354,42,0,0,0,0,0,0,0,0,0,0,0,0,0,0,0,0,0,0,0,0,0,0,0,0,0,0,0,0,0
285,24,24,273,24,0,130,130,0,130,46,273,46,130,0,273,0,134,46,152,130,24,0,391,26,23,0,0,0,0,0,0,0,0,0,0,0,0,0,0,0,0,0,0,0,0,0,0,0,0,0,0,0,0
275,31,31,313,31,0,161,161,0,161,73,313,73,161,0,313,0,113,73,134,161,161,0,308,29,25,0,0,0,0,0,0,0,0,0,0,0,0,0,0,0,0,0,0,0,0,0,0,0,0,0,0,0,0
175,22,22,322,22,0,162,162,0,162,82,322,82,162,0,322,0,129,82,140,162,162,0,383,20,23,0,0,0,0,0,0,0,0,0,0,0,0,0,0,0,0,0,0,0,0,0,0,0,0,0,0,0,0
187,0,0,257,0,0,101,101,0,101,61,257,61,101,0,257,0,110,61,105,101,101,0,363,28,62,0,0,0,0,0,0,0,0,0,0,0,0,0,0,0,0,0,0,0,0,0,0,0,0,0,0,0,0
177,20,20,228,20,0,89,89,0,89,82,228,82,89,0,228,0,109,82,104,89,89,0,347,31,77,0,0,0,0,0,0,0,0,0,0,0,0,0,0,0,0,0,0,0,0,0,0,0,0,0,0,0,0
125,0,0,212,0,0,113,113,0,113,32,212,32,113,0,212,0,112,32,68,113,113,0,355,38,64,0,0,0,0,0,0,0,0,0,0,0,0,0,0,0,0,0,0,0,0,0,0,0,0,0,0,0,0
114,21,21,298,21,0,154,154,0,154,28,298,28,154,0,298,0,101,28,73,154,154,0,314,30,42,0,0,0,0,0,0,0,0,0,0,0,0,0,0,0,0,0,0,0,0,0,0,0,0,0,0,0,0
65,21,21,364,21,0,113,113,0,113,42,364,42,113,0,364,0,83,42,42,113,113,0,338,26,100,0,0,0,0,0,0,0,0,0,0,0,0,0,0,0,0,0,0,0,0,0,0,0,0,0,0,0,0
102,20,20,513,20,0,86,86,0,86,20,513,20,86,0,513,0,90,20,20,86,86,0,318,36,64,0,0,0,0,0,0,0,0,0,0,0,0,0,0,0,0,0,0,0,0,0,0,0,0,0,0,0,0
91,0,0,486,0,0,83,83,0,83,49,486,49,83,0,486,0,99,49,49,83,83,0,327,24,100,0,0,0,0,0,0,0,0,0,0,0,0,0,0,0,0,0,0,0,0,0,0,0,0,0,0,0,0
131,38,38,487,38,0,70,70,0,70,65,487,65,70,0,487,0,170,65,65,70,70,0,328,30,88,0,0,0,0,0,0,0,0,0,0,0,0,0,0,0,0,0,0,0,0,0,0,0,0,0,0,0,0
109,23,23,487,23,0,85,85,0,85,76,487,76,85,0,487,0,180,76,76,85,85,0,361,35,127,0,0,0,0,0,0,0,0,0,0,0,0,0,0,0,0,0,0,0,0,0,0,0,0,0,0,0,0
89,34,34,388,34,0,89,89,0,89,136,388,136,89,0,388,0,134,136,136,89,89,0,437,37,112,0,0,0,0,0,0,0,0,0,0,0,0,0,0,0,0,0,0,0,0,0,0,0,0,0,0,0,0
138,33,33,301,33,0,139,139,0,139,172,301,172,139,0,301,0,104,172,172,139,139,0,583,23,113,0,0,0,0,0,0,0,0,0,0,0,0,0,0,0,0,0,0,0,0,0,0,0,0,0,0,0,0
115,31,31,207,31,0,109,109,0,109,156,207,156,109,0,207,0,48,156,156,109,109,0,709,51,114,0,0,0,0,0,0,0,0,0,0,0,0,0,0,0,0,0,0,0,0,0,0,0,0,0,0,0,0
86,45,45,170,45,0,117,117,0,117,118,170,118,117,0,170,0,78,118,118,117,117,0,789,40,89,0,0,0,0,0,0,0,0,0,0,0,0,0,0,0,0,0,0,0,0,0,0,0,0,0,0,0,0
86,43,43,184,43,0,128,128,0,128,97,184,97,128,0,184,0,87,97,97,128,128,0,792,45,111,0,0,0,0,0,0,0,0,0,0,0,0,0,0,0,0,0,0,0,0,0,0,0,0,0,0,0,0
97,49,49,200,49,0,138,138,0,138,59,200,59,138,0,200,20,95,59,59,138,138,20,718,37,80,0,0,0,0,0,0,0,0,0,0,0,0,0,0,0,0,0,0,0,0,0,0,0,0,0,0,0,0
101,35,35,200,35,0,154,154,0,154,81,200,81,154,0,200,0,100,81,81,154,154,0,702,35,144,0,0,0,0,0,0,0,0,0,0,0,0,0,0,0,0,0,0,0,0,0,0,0,0,0,0,0,0
91,34,34,210,34,0,139,139,0,139,38,210,38,139,0,210,0,102,38,38,139,139,0,610,39,113,27,0,0,0,0,0,0,0,0,0,0,0,0,0,0,0,0,0,0,0,0,0,0,0,0,0,0,0
72,49,49,203,49,0,124,124,0,124,36,203,36,124,0,203,0,134,36,36,124,124,0,635,100,90,49,0,0,0,0,0,0,0,0,0,0,0,0,0,0,0,0,0,0,0,0,0,0,0,0,0,0,0
72,59,59,183,59,0,145,145,0,145,54,183,54,145,0,183,0,168,54,54,145,145,0,596,73,106,89,0,0,0,0,0,0,0,0,0,0,0,0,0,0,0,0,0,0,0,0,0,0,0,0,0,0,0
75,40,40,165,40,0,146,146,0,146,25,165,25,146,0,165,0,204,25,25,146,146,0,535,73,85,65,0,0,0,0,0,0,0,0,0,0,0,0,0,0,0,0,0,0,0,0,0,0,0,0,0,0,0
88,27,27,134,27,0,158,158,0,158,31,134,31,158,0,134,0,217,31,31,158,158,0,512,56,55,35,0,0,0,0,0,0,0,0,0,0,0,0,0,0,0,0,0,0,0,0,0,0,0,0,0,0,0
57,26,26,181,26,0,164,164,0,164,28,181,28,164,0,181,0,232,28,28,164,164,0,654,33,52,37,0,0,0,0,0,0,0,0,0,0,0,0,0,0,0,0,0,0,0,0,0,0,0,0,0,0,0
91,41,41,179,41,0,158,158,0,158,40,179,40,158,0,179,0,196,40,40,158,158,0,508,23,59,64,0,0,0,0,0,0,0,0,0,0,0,0,0,0,0,0,0,0,0,0,0,0,0,0,0,0,0
110,47,47,162,47,0,128,128,0,128,31,162,31,128,0,162,0,211,31,31,128,128,0,600,21,30,118,0,0,0,0,0,0,0,0,0,0,0,0,0,0,0,0,0,0,0,0,0,0,0,0,0,0,0
118,29,29,191,29,0,134,134,0,134,32,191,32,134,0,191,0,271,32,32,134,134,0,614,22,44,93,0,0,0,0,0,0,0,0,0,0,0,0,0,0,0,0,0,0,0,0,0,0,0,0,0,0,0
93,70,70,194,70,0,76,76,0,76,42,194,42,76,0,194,0,338,42,42,76,76,0,677,23,26,73,0,0,0,0,0,0,0,0,0,0,0,0,0,0,0,0,0,0,0,0,0,0,0,0,0,0,0
73,41,41,315,41,0,97,97,0,97,46,315,46,97,0,315,0,498,46,46,97,97,0,622,35,28,67,0,0,0,0,0,0,0,0,0,0,0,0,0,0,0,0,0,0,0,0,0,0,0,0,0,0,0
81,33,33,331,33,0,103,103,0,103,36,331,36,103,0,331,0,510,36,36,103,103,0,633,81,47,62,0,0,0,0,0,0,0,0,0,0,0,0,0,0,0,0,0,0,0,0,0,0,0,0,0,0,0
62,71,71,329,71,0,69,69,0,69,39,329,39,69,0,329,0,528,39,39,69,69,0,680,62,51,0,29,0,0,0,0,0,0,0,0,0,0,0,0,0,0,0,0,0,0,0,0,0,0,0,0,0,0
79,43,43,400,43,0,57,57,0,57,30,400,30,57,0,400,0,499,30,30,57,57,0,603,79,56,46,0,0,0,0,0,0,0,0,0,0,0,0,0,0,0,0,0,0,0,0,0,0,0,0,0,0,0
79,28,28,346,28,0,29,29,0,29,51,346,51,29,0,346,0,468,51,51,29,29,0,558,79,74,69,34,0,0,0,0,0,0,0,0,0,0,0,0,0,0,0,0,0,0,0,0,0,0,0,0,0,0
75,28,28,465,28,0,32,32,0,32,26,465,26,32,0,465,0,361,26,26,32,32,0,541,75,61,118,75,0,0,0,0,0,0,0,0,0,0,0,0,0,0,0,0,0,0,0,0,0,0,0,0,0,0
57,25,25,452,25,0,30,30,0,30,28,452,28,30,0,452,0,304,28,28,30,30,0,761,57,55,167,57,0,0,0,0,0,0,0,0,0,0,0,0,0,0,0,0,0,0,0,0,0,0,0,0,0,0
63,35,35,426,35,0,26,26,0,26,51,426,51,26,0,426,0,226,51,51,26,26,0,786,63,40,244,63,0,0,0,0,0,0,0,0,0,0,0,0,0,0,0,0,0,0,0,0,0,0,0,0,0,0
63,26,26,402,26,0,0,0,26,0,60,402,60,0,0,402,26,176,60,60,0,0,26,688,63,50,241,63,0,0,0,0,0,0,0,0,0,0,0,0,0,0,0,0,0,0,0,0,0,0,0,0,0,0
58,0,0,434,0,0,0,0,0,0,103,434,103,0,0,434,0,112,103,103,0,0,0,603,58,45,295,58,0,0,0,0,0,0,0,0,0,0,0,0,0,0,0,0,0,0,0,0,0,0,0,0,0,0
46,0,0,499,0,0,0,0,0,0,167,499,167,0,0,499,0,90,167,167,0,0,0,599,46,36,264,46,0,0,0,0,0,0,0,0,0,0,0,0,0,0,0,0,0,0,0,0,0,0,0,0,0,0
43,0,0,617,0,0,0,0,0,0,232,617,232,0,0,617,0,41,232,232,0,0,0,716,43,27,297,43,0,0,0,0,0,0,0,0,0,0,0,0,0,0,0,0,0,0,0,0,0,0,0,0,0,0
44,0,0,525,0,0,0,0,0,0,231,525,231,0,0,525,0,45,231,231,0,0,0,796,44,70,296,44,0,0,0,0,0,0,0,0,0,0,0,0,0,0,0,0,0,0,0,0,0,0,0,0,0,0
49,28,28,491,28,0,0,0,0,0,244,491,244,0,0,491,0,51,244,244,0,0,0,637,49,98,403,49,0,0,0,0,0,0,0,0,0,0,0,0,0,0,0,0,0,0,0,0,0,0,0,0,0,0
44,0,0,509,0,0,0,0,0,0,244,509,244,0,0,509,0,56,244,244,0,0,0,700,44,67,356,44,0,0,0,0,0,0,0,0,0,0,0,0,0,0,0,0,0,0,0,0,0,0,0,0,0,0
44,26,26,510,26,0,0,0,0,0,214,510,214,0,0,510,0,56,214,214,0,0,0,844,44,56,351,44,0,0,0,0,0,0,0,0,0,0,0,0,0,0,0,0,0,0,0,0,0,0,0,0,0,0
22,25,25,529,25,0,0,0,0,0,238,529,238,0,0,529,0,38,238,238,0,0,0,1040,22,53,337,22,20,0,0,0,0,0,0,0,0,0,0,0,0,0,0,0,0,0,0,0,0,0,0,0,0,0
23,25,25,470,25,0,0,0,0,0,283,470,283,0,0,470,0,23,283,283,0,0,0,1110,23,33,368,23,0,0,0,0,0,0,0,0,0,0,0,0,0,0,0,0,0,0,0,0,0,0,0,0,0,0
41,32,32,475,32,0,0,0,0,0,278,475,278,0,0,475,0,49,278,278,0,0,0,926,41,73,379,41,0,0,0,0,0,0,0,0,0,0,0,0,0,0,0,0,0,0,0,0,0,0,0,0,0,0
31,0,0,461,0,0,0,0,0,0,286,461,286,0,0,461,0,70,286,286,0,0,0,1035,31,107,352,31,0,0,0,0,0,0,0,0,0,0,0,0,0,0,0,0,0,0,0,0,0,0,0,0,0,0
34,0,0,487,0,0,21,21,0,21,335,487,335,21,0,487,0,45,335,335,21,21,0,979,34,103,300,34,22,0,0,0,0,0,0,0,0,0,0,0,0,0,0,0,0,0,0,0,0,0,0,0,0,0
61,0,0,552,0,0,0,0,0,0,390,552,390,0,0,552,0,29,390,390,0,0,0,877,61,116,360,61,20,0,0,0,0,0,0,0,0,0,0,0,0,0,0,0,0,0,0,0,0,0,0,0,0,0
70,0,0,543,0,0,23,23,0,23,480,543,480,23,0,543,0,171,480,480,23,23,0,834,70,78,346,70,20,0,0,0,0,0,0,0,0,0,0,0,0,0,0,0,0,0,0,0,0,0,0,0,0,0
110,0,0,436,0,0,0,0,0,0,513,436,513,0,0,436,0,215,513,513,0,0,0,842,110,89,387,110,20,0,0,0,0,0,0,0,0,0,0,0,0,0,0,0,0,0,0,0,0,0,0,0,0,0
84,27,27,305,27,0,0,0,0,0,521,305,521,0,0,305,0,272,521,521,0,0,0,776,84,97,279,84,84,0,0,0,0,0,0,0,0,0,0,0,0,0,0,0,0,0,0,0,0,0,0,0,0,0
109,28,28,309,28,0,0,0,0,0,491,309,491,0,0,309,0,397,491,491,0,0,0,696,109,20,302,109,109,0,0,0,0,0,0,0,0,0,0,0,0,0,0,0,0,0,0,0,0,0,0,0,0,0
108,33,33,326,33,0,0,0,29,0,453,326,453,0,0,326,29,363,453,453,0,0,29,760,108,53,309,108,108,0,0,0,0,0,0,0,0,0,0,0,0,0,0,0,0,0,0,0,0,0,0,0,0,0
111,23,23,343,23,0,0,0,0,0,425,343,425,0,0,343,0,340,425,425,0,0,0,649,111,58,282,111,111,0,0,0,0,0,0,0,0,0,0,0,0,0,0,0,0,0,0,0,0,0,0,0,0,0
126,36,36,297,36,0,0,0,0,0,367,297,367,0,0,297,0,378,367,367,0,0,0,566,126,76,254,126,126,25,0,0,0,0,0,0,0,0,0,0,0,0,0,0,0,0,0,0,0,0,0,0,0,0
118,31,31,764,31,0,0,0,0,0,347,764,347,0,0,764,0,430,347,347,0,0,0,764,118,102,351,118,118,0,0,0,0,0,0,0,0,0,0,0,0,0,0,0,0,0,0,0,0,0,0,0,0,0
134,0,0,700,0,0,0,0,0,0,226,700,226,0,0,700,0,417,226,226,0,0,0,700,134,82,367,134,134,29,0,0,0,0,0,0,0,0,0,0,0,0,0,0,0,0,0,0,0,0,0,0,0,0
97,0,0,692,0,0,0,0,0,0,195,692,195,0,0,692,0,429,195,195,0,0,0,692,97,43,337,97,97,0,0,0,0,0,0,0,0,0,0,0,0,0,0,0,0,0,0,0,0,0,0,0,0,0
131,0,0,414,0,0,22,22,0,22,135,414,135,22,0,414,0,453,135,135,22,22,0,414,131,72,325,131,131,31,0,0,0,0,0,0,0,0,0,0,0,0,0,0,0,0,0,0,0,0,0,0,0,0
111,0,0,436,0,0,33,33,0,33,109,436,109,33,0,436,0,457,109,109,33,33,0,436,111,147,269,111,111,28,0,0,0,0,0,0,0,0,0,0,0,0,0,0,0,0,0,0,0,0,0,0,0,0
136,0,0,489,0,0,23,23,0,23,108,489,108,23,0,489,0,499,108,108,23,23,0,489,136,117,203,136,136,0,0,0,0,0,0,0,0,0,0,0,0,0,0,0,0,0,0,0,0,0,0,0,0,0
118,0,0,671,0,0,0,0,0,0,80,671,80,0,0,671,0,415,80,80,0,0,0,671,118,129,185,118,118,0,0,0,0,0,0,0,0,0,0,0,0,0,0,0,0,0,0,0,0,0,0,0,0,0
112,0,0,421,0,0,28,28,0,28,52,421,52,28,0,421,0,310,52,52,28,28,0,421,112,174,106,112,112,0,30,0,0,0,0,0,0,0,0,0,0,0,0,0,0,0,0,0,0,0,0,0,0,0
98,0,0,583,0,0,0,0,0,0,58,583,58,0,0,583,0,354,58,58,0,0,0,583,98,137,128,98,98,0,0,0,0,0,0,0,0,0,0,0,0,0,0,0,0,0,0,0,0,0,0,0,0,0
106,0,0,424,0,0,36,36,0,36,64,424,64,36,0,424,0,292,64,64,36,36,0,424,106,128,125,106,106,0,0,0,0,0,0,0,0,0,0,0,0,0,0,0,0,0,0,0,0,0,0,0,0,0
126,0,0,421,0,0,28,28,0,28,49,421,49,28,0,421,0,303,49,49,28,28,0,421,126,91,95,126,126,0,27,0,0,0,0,0,0,0,0,0,0,0,0,0,0,0,0,0,0,0,0,0,0,0
127,0,0,419,0,0,0,0,0,0,45,419,45,0,0,419,0,238,45,45,0,0,0,419,127,93,97,127,127,48,43,0,0,0,0,0,0,0,0,0,0,0,0,0,0,0,0,0,0,0,0,0,0,0
117,0,0,394,0,0,36,36,0,36,57,394,57,36,0,394,0,207,57,57,36,36,0,394,117,104,60,117,117,27,53,0,0,0,0,0,0,0,0,0,0,0,0,0,0,0,0,0,0,0,0,0,0,0
104,0,0,301,0,0,0,0,0,0,55,301,55,0,0,301,0,223,55,55,0,0,0,301,104,173,84,104,104,39,43,0,0,0,0,0,0,0,0,0,0,0,0,0,0,0,0,0,0,0,0,0,0,0
134,0,0,220,0,0,0,0,0,0,54,220,54,0,0,220,0,216,54,54,0,0,0,220,134,181,26,134,134,26,58,0,0,0,0,0,0,0,0,0,0,0,0,0,0,0,0,0,0,0,0,0,0,0
161,0,0,231,0,0,0,0,0,0,36,231,36,0,0,231,0,156,36,36,0,0,0,231,161,125,28,161,161,39,49,0,0,0,0,0,0,0,0,0,0,0,0,0,0,0,0,0,0,0,0,0,0,0
154,0,0,202,0,0,0,0,0,0,36,202,36,0,0,202,0,151,36,36,0,0,0,202,154,116,49,154,154,41,45,0,0,0,0,0,0,0,0,0,0,0,0,0,0,0,0,0,0,0,0,0,0,0
113,0,0,333,0,0,0,0,0,0,51,333,51,0,0,333,0,103,51,51,0,0,0,333,113,99,65,113,113,48,62,0,0,0,0,0,0,0,0,0,0,0,0,0,0,0,0,0,0,0,0,0,0,0
131,0,0,241,0,0,0,0,0,0,70,241,70,0,0,241,0,85,70,70,0,0,0,241,131,83,35,131,131,28,37,0,0,0,0,0,0,0,0,0,0,0,0,0,0,0,0,0,0,0,0,0,0,0
120,0,0,332,0,0,0,0,0,0,145,332,145,0,0,332,0,88,145,145,0,0,0,332,120,70,36,120,120,47,55,0,0,0,0,0,0,0,0,0,0,0,0,0,0,0,0,0,0,0,0,0,0,0
98,0,0,223,0,0,0,0,0,0,140,223,140,0,0,223,0,67,140,140,0,0,0,223,98,62,46,98,98,32,45,26,0,0,0,0,0,0,0,0,0,0,0,0,0,0,0,0,0,0,0,0,0,0
81,0,0,180,0,0,0,0,0,0,207,180,207,0,21,180,0,48,207,207,0,0,0,180,81,38,54,81,81,46,49,28,0,0,0,0,0,0,0,0,0,0,0,0,0,0,0,0,0,0,0,0,0,0
77,0,0,221,0,0,0,0,0,0,161,221,161,0,32,221,0,29,161,161,0,0,0,221,77,42,0,77,77,40,53,30,0,0,0,0,0,0,0,0,0,0,0,0,0,0,0,0,0,0,0,0,0,0
65,0,0,229,0,0,0,0,0,0,176,229,176,0,42,229,0,43,176,176,0,0,0,229,65,35,0,65,65,32,43,39,0,0,0,0,0,0,0,0,0,0,0,0,0,0,0,0,0,0,0,0,0,0
51,0,0,255,0,0,0,0,0,0,163,255,163,0,33,255,0,163,163,163,0,0,0,255,51,58,55,51,51,56,33,25,0,0,0,0,0,0,0,0,0,0,0,0,0,0,0,0,0,0,0,0,0,0
59,0,0,239,0,0,0,0,0,0,160,239,160,0,42,239,0,160,160,160,0,0,0,239,59,64,37,59,59,39,42,38,76,177,0,0,0,0,0,0,0,0,0,0,0,0,0,0,0,0,0,0,0,0
55,0,0,199,0,0,0,0,0,0,139,199,139,0,58,199,0,139,139,139,0,0,0,199,55,57,93,55,55,43,29,27,74,155,0,0,0,0,0,0,0,0,0,0,0,0,0,0,0,0,0,0,0,0
23,0,0,257,0,0,0,0,0,0,117,257,117,0,35,257,0,117,117,117,0,0,0,257,23,60,96,23,23,66,25,44,85,174,0,0,0,0,0,0,0,0,0,0,0,0,0,0,0,0,0,0,0,0
0,0,0,234,0,0,0,0,0,0,111,234,111,0,46,234,0,111,111,111,0,0,0,234,0,64,144,0,0,74,46,32,116,133,0,0,0,0,0,0,0,0,0,0,0,0,0,0,0,0,0,0,0,0
23,0,0,268,0,0,0,0,0,0,155,268,155,0,33,268,0,155,155,155,0,0,0,268,23,70,152,23,23,71,33,31,111,100,0,0,0,0,0,0,0,0,0,0,0,0,0,0,0,0,0,0,0,0
23,0,0,201,0,0,0,0,0,0,205,201,205,0,52,201,0,205,205,205,0,0,0,201,23,147,139,23,23,82,52,22,78,85,0,0,0,0,0,0,0,0,0,0,0,0,0,0,0,0,0,0,0,0
0,0,0,215,0,0,0,0,0,0,180,215,180,0,41,215,0,180,180,180,0,0,0,215,0,225,122,0,0,59,41,34,74,71,30,0,0,0,0,0,0,0,0,0,0,0,0,0,0,0,0,0,0,0
0,0,0,164,0,0,0,0,0,0,209,164,209,0,36,164,0,209,209,209,0,0,0,164,0,302,88,0,0,81,36,38,76,24,47,0,0,0,0,0,0,0,0,0,0,0,0,0,0,0,0,0,0,0
0,0,0,262,0,0,0,0,0,0,237,262,237,0,23,262,0,237,237,237,0,0,0,262,0,273,85,0,0,60,23,75,58,84,23,0,0,0,0,0,0,0,0,0,0,0,0,0,0,0,0,0,0,0
0,0,0,234,0,0,0,0,0,0,206,234,206,0,0,234,0,206,206,206,0,0,0,234,0,322,97,0,0,86,0,72,64,61,0,0,0,0,0,0,0,0,0,0,0,0,0,0,0,0,0,0,0,0
0,0,0,391,0,0,0,0,0,0,180,391,180,0,32,391,0,180,180,180,0,0,0,391,0,351,74,0,0,64,32,48,86,61,0,0,0,0,0,0,0,0,0,0,0,0,0,0,0,0,0,0,0,0
0,0,0,336,0,0,0,0,0,0,192,336,192,0,30,336,0,192,192,192,0,0,0,336,0,353,53,0,0,51,30,53,67,77,0,0,0,0,0,0,0,0,0,0,0,0,0,0,0,0,0,0,0,0
0,0,0,379,0,0,0,0,0,0,152,379,152,0,26,379,0,152,152,152,0,0,0,379,0,349,30,0,0,64,26,60,85,26,43,0,0,0,0,0,0,0,0,0,0,0,0,0,0,0,0,0,0,0
0,0,0,379,0,0,0,0,0,0,128,379,128,0,55,379,0,128,128,128,0,0,0,379,0,227,61,0,0,42,55,37,70,21,66,27,0,0,0,0,0,0,0,0,0,0,0,0,0,0,0,0,0,0
0,0,0,305,0,0,0,0,0,0,79,305,79,0,61,305,0,79,79,79,0,0,0,305,0,170,77,0,0,46,61,29,89,89,84,26,0,0,0,0,0,0,0,0,0,0,0,0,0,0,0,0,0,0
0,0,0,321,0,0,24,24,0,24,27,321,27,24,64,321,0,27,27,27,24,24,0,321,0,165,34,0,0,35,64,47,48,48,96,21,0,0,0,0,0,0,0,0,0,0,0,0,0,0,0,0,0,0
0,0,0,274,0,0,0,0,0,0,28,274,28,0,51,274,0,28,28,28,0,0,0,274,0,122,0,0,0,48,51,41,97,97,120,56,0,0,0,0,0,0,0,0,0,0,0,0,0,0,0,0,0,0
0,0,0,269,0,0,0,0,0,0,77,269,77,0,51,269,0,77,77,77,0,0,0,269,0,120,0,0,0,32,51,35,91,91,133,76,0,0,0,0,0,0,0,0,0,0,0,0,0,0,0,0,0,0
0,0,0,249,0,0,0,0,0,0,79,249,79,0,40,249,0,79,79,79,0,0,0,249,0,94,0,0,0,40,40,51,79,79,126,74,0,0,0,0,0,0,0,0,0,0,0,0,0,0,0,0,0,0
0,0,0,252,0,0,0,0,0,0,119,252,119,0,49,252,0,119,119,119,0,0,0,252,0,48,0,0,0,41,49,27,64,64,190,115,0,0,0,0,0,0,0,0,0,0,0,0,0,0,0,0,0,0
0,0,0,241,0,0,0,0,0,0,126,241,126,0,51,241,0,126,126,126,0,0,0,241,0,79,0,0,0,23,51,47,75,75,212,93,0,0,0,0,0,0,0,0,0,0,0,0,0,0,0,0,0,0
0,0,0,276,0,0,43,43,0,43,197,276,197,43,57,276,0,197,197,197,43,43,0,276,0,50,0,0,0,0,57,49,76,76,207,90,0,0,0,0,0,0,0,0,0,0,0,0,0,0,0,0,0,0
0,0,0,281,0,0,48,48,0,48,179,281,179,48,60,281,0,179,179,179,48,48,0,281,0,58,0,0,0,22,60,70,93,93,213,63,0,0,0,0,0,0,0,0,0,0,0,0,0,0,0,0,0,0
0,0,0,353,0,0,53,53,0,53,178,353,178,53,70,353,0,178,178,178,53,53,0,353,0,37,0,0,0,29,70,78,157,157,203,45,0,0,0,0,0,0,0,0,0,0,0,0,0,0,0,0,0,0
0,0,0,301,0,0,60,60,0,60,131,301,131,60,99,301,0,131,131,131,60,60,0,301,0,42,0,0,0,0,99,56,180,180,226,41,0,0,0,0,0,0,0,0,0,0,0,0,0,0,0,0,0,0
0,0,0,305,0,0,71,71,0,71,156,305,156,71,136,305,0,156,156,156,71,71,0,305,0,0,0,0,0,0,136,29,133,133,426,55,0,0,0,0,0,0,0,0,0,0,0,0,0,0,0,0,0,0
0,0,0,203,0,0,62,62,0,62,153,203,153,62,150,203,0,153,153,153,62,62,0,203,0,22,0,0,0,0,150,23,104,104,618,53,35,0,0,0,0,0,0,0,0,0,0,0,0,0,0,0,0,0
0,0,0,216,0,0,58,58,0,58,217,216,217,58,153,216,0,217,217,217,58,58,0,216,0,43,0,0,0,0,153,0,217,217,726,51,29,0,0,0,0,0,0,0,0,0,0,0,0,0,0,0,0,0
0,38,38,252,38,0,44,44,0,44,206,252,206,44,272,252,0,206,206,206,44,44,0,252,0,32,0,0,0,0,272,252,206,206,653,44,27,0,0,0,0,0,0,0,0,0,0,0,0,0,0,0,0,0
0,20,20,259,20,0,82,82,0,82,150,259,150,82,367,259,0,150,150,150,82,82,0,259,0,0,0,0,0,0,367,259,150,150,663,26,56,0,0,0,0,0,0,0,0,0,0,0,0,0,0,0,0,0
0,31,31,280,31,0,79,79,0,79,145,280,145,79,469,280,0,145,145,145,79,79,0,280,0,0,0,0,0,0,469,280,145,145,564,0,53,0,0,0,0,0,0,0,0,0,0,0,0,0,0,0,0,0
0,22,22,216,22,0,77,77,0,77,103,216,103,77,458,216,0,103,103,103,77,77,0,216,0,0,0,0,0,0,458,216,103,103,607,0,57,0,0,0,0,0,0,0,0,0,0,0,0,0,0,0,0,0
0,0,0,194,0,0,74,74,0,74,248,194,248,74,510,194,0,248,248,248,74,74,0,194,0,0,0,0,0,0,510,194,248,248,631,0,44,0,0,0,0,0,0,0,0,0,0,0,0,0,0,0,0,0
0,27,27,179,27,0,151,151,0,151,102,179,102,151,592,179,0,102,102,102,151,151,0,179,0,0,0,0,0,0,592,179,102,102,654,0,40,0,0,0,0,0,0,0,0,0,0,0,0,0,0,0,0,0
0,0,0,219,0,0,164,164,0,164,160,219,160,164,541,219,0,160,160,160,164,164,0,219,0,0,0,0,0,0,541,219,160,160,666,0,44,0,0,0,0,0,0,0,0,0,0,0,0,0,0,0,0,0
0,0,0,217,0,0,128,128,0,128,170,217,170,128,517,217,0,170,170,170,128,128,0,217,0,0,0,0,0,0,517,217,170,170,702,0,62,0,0,0,0,0,0,0,0,0,0,0,0,0,0,0,0,0
0,0,0,210,0,0,166,166,0,166,178,210,178,166,468,210,0,178,178,178,166,166,0,210,0,0,0,0,0,0,468,210,178,178,781,0,66,0,0,0,0,0,0,0,0,0,0,0,0,0,0,0,0,0
0,23,23,198,23,0,156,156,0,156,228,198,228,156,408,198,0,228,228,228,156,156,0,198,0,0,0,0,0,0,408,198,228,228,671,0,53,0,0,0,0,0,0,0,0,0,0,0,0,0,0,0,0,0
0,0,0,190,0,0,118,118,0,118,303,190,303,118,359,190,0,303,303,303,118,118,0,190,0,0,0,0,0,0,359,190,303,303,752,0,56,0,0,0,0,0,0,0,0,0,0,0,0,0,0,0,0,0
0,0,0,169,0,0,79,79,0,79,344,169,344,79,450,169,0,344,344,344,79,79,0,169,0,0,0,0,0,0,450,169,344,344,680,0,70,27,0,0,0,0,0,0,0,0,0,0,0,0,0,0,0,0
0,0,0,184,0,0,73,73,0,73,316,184,316,73,478,184,0,316,316,316,73,73,0,184,0,0,0,0,0,0,478,184,316,316,661,0,55,0,0,0,0,0,0,0,0,0,0,0,0,0,0,0,0,0
0,0,0,187,0,0,76,76,0,76,305,187,305,76,488,187,0,305,305,305,76,76,0,187,0,0,0,0,0,0,488,187,305,305,696,0,67,23,0,0,0,0,0,0,0,0,0,0,0,0,0,0,0,0
0,0,0,185,0,0,72,72,0,72,345,185,345,72,479,185,0,345,345,345,72,72,0,185,0,0,0,0,0,0,479,185,345,345,663,0,97,28,0,0,0,0,0,0,0,0,0,0,0,0,0,0,0,0
0,0,0,157,0,0,75,75,0,75,291,157,291,75,308,157,0,291,291,291,75,75,0,157,0,0,0,0,0,0,308,157,291,291,615,0,104,0,0,0,0,0,0,0,0,0,0,0,0,0,0,0,0,0
0,0,0,126,0,0,97,97,0,97,269,126,269,97,312,126,0,269,269,269,97,97,0,126,0,0,0,0,0,0,312,126,269,269,729,0,93,21,0,0,0,0,0,0,0,0,0,0,0,0,0,0,0,0
0,0,0,117,0,0,127,127,0,127,213,117,213,127,266,117,0,213,213,213,127,127,0,117,0,0,0,0,0,0,266,117,213,213,688,0,57,0,0,0,0,0,0,0,0,0,0,0,0,0,0,0,0,0
0,0,0,159,0,0,111,111,0,111,300,159,300,111,285,159,0,300,300,300,111,111,0,159,0,21,0,0,0,0,285,159,300,300,515,0,37,20,0,0,0,0,0,0,0,0,0,0,0,0,0,0,0,0
0,0,0,142,0,0,108,108,0,108,179,142,179,108,259,142,0,179,179,179,108,108,0,142,0,0,0,0,0,0,259,142,179,179,479,0,51,0,0,0,0,0,0,0,0,0,0,0,0,0,0,0,0,0
0,0,0,139,0,0,96,96,0,96,343,139,343,96,260,139,0,343,343,343,96,96,0,139,0,21,0,0,0,0,260,139,343,343,441,0,45,20,0,0,0,0,0,0,0,0,0,0,0,0,0,0,0,0
0,0,0,87,0,0,122,122,0,122,195,87,195,122,207,87,0,195,195,195,122,122,0,87,0,0,0,0,0,0,207,87,195,195,520,0,40,0,0,0,0,0,0,0,0,0,0,0,0,0,0,0,0,0
0,0,0,112,0,0,115,115,0,115,294,112,294,115,172,112,0,294,294,294,115,115,0,112,0,25,0,0,0,0,172,112,294,294,374,0,39,0,0,0,0,0,0,0,0,0,0,0,0,0,0,0,0,0
0,0,0,104,0,0,99,99,0,99,224,104,224,99,171,104,0,224,224,224,99,99,0,104,0,0,0,0,0,0,171,104,224,224,301,0,0,0,0,0,0,0,0,0,0,0,0,0,0,0,0,0,0,0
0,0,0,67,0,0,114,114,0,114,390,67,390,114,198,67,0,390,390,390,114,114,0,67,0,0,0,0,0,0,198,67,390,390,352,0,24,0,0,0,0,0,0,0,0,0,0,0,0,0,0,0,0,0
0,0,0,116,0,0,142,142,0,142,242,116,242,142,193,116,0,242,242,242,142,142,0,116,0,22,0,0,0,0,193,116,242,242,317,0,50,0,0,0,0,0,0,0,0,0,0,0,0,0,0,0,0,0
0,0,0,130,0,0,64,64,0,64,409,130,409,64,205,130,0,409,409,409,64,64,0,130,0,21,0,0,0,0,205,130,409,409,347,0,0,0,0,0,0,0,0,0,0,0,0,0,0,0,0,0,0,0
0,0,0,123,0,0,69,69,0,69,363,123,363,69,216,123,0,363,363,363,69,69,0,123,0,34,0,0,0,0,216,123,363,363,308,0,31,0,0,0,0,0,0,0,0,0,0,0,0,0,0,0,0,0
0,0,0,117,0,0,49,49,0,49,360,117,360,49,260,117,0,360,360,360,49,49,0,117,0,39,0,0,0,0,260,117,360,360,290,0,28,29,0,0,0,0,0,0,0,0,0,0,0,0,0,0,0,0
0,0,0,121,0,0,42,42,0,42,396,121,396,42,215,121,0,396,396,396,42,42,0,121,0,42,0,0,0,0,215,121,396,396,380,0,26,21,0,0,0,0,0,0,0,0,0,0,0,0,0,0,0,0
0,0,0,99,0,0,37,37,0,37,363,99,363,37,330,99,0,363,363,363,37,37,0,99,0,50,0,0,0,0,330,99,363,363,386,0,21,39,0,0,0,0,0,0,0,0,0,0,0,0,0,0,0,0
0,0,0,96,0,0,26,26,0,26,351,96,351,26,327,96,0,351,351,351,26,26,0,96,0,70,0,0,0,0,327,96,351,351,409,0,0,43,0,0,0,0,0,0,0,0,0,0,0,0,0,0,0,0
0,0,0,70,0,0,23,23,0,23,295,70,295,23,325,70,0,295,295,295,23,23,0,70,0,61,0,0,0,0,325,70,295,295,506,0,0,44,0,0,0,0,0,0,0,0,0,0,0,0,0,0,0,0
0,0,0,60,0,0,0,0,0,0,336,60,336,0,352,60,0,336,336,336,0,0,0,60,0,60,0,0,0,0,352,60,336,336,423,0,0,45,0,0,0,0,0,0,0,0,0,0,0,0,0,0,0,0
0,0,0,29,0,0,23,23,0,23,361,29,361,23,326,29,0,361,361,361,23,23,0,29,0,63,0,0,0,0,326,29,361,361,553,0,0,30,0,0,0,0,0,0,0,0,0,0,0,0,0,0,0,0
0,0,0,34,0,0,0,0,0,0,410,34,410,0,223,34,0,410,410,410,0,0,0,34,0,73,0,0,0,0,223,34,410,410,676,0,0,20,0,0,0,0,0,0,0,0,0,0,0,0,0,0,0,0
0,0,0,38,0,0,0,0,0,0,450,38,450,0,398,38,0,450,450,450,0,0,0,38,0,46,0,0,0,0,398,38,450,450,706,0,0,31,0,0,0,0,0,0,0,0,0,0,0,0,0,0,0,0
0,0,0,35,0,0,0,0,0,0,402,35,402,0,377,35,0,402,402,402,0,0,0,35,0,91,0,0,0,0,377,35,402,402,707,0,0,28,0,0,0,0,0,0,0,0,0,0,0,0,0,0,0,0
0,0,0,58,0,0,0,0,0,0,337,58,337,0,222,58,0,337,337,337,0,0,0,58,0,81,0,0,0,0,222,58,337,337,630,0,0,28,0,0,0,0,0,0,0,0,0,0,0,0,0,0,0,0
0,0,0,33,0,0,0,0,0,0,383,33,383,0,355,33,0,383,383,383,0,0,0,33,0,96,0,0,0,0,355,33,383,383,723,0,22,24,0,0,0,0,0,0,0,0,0,0,0,0,0,0,0,0
0,0,0,25,0,0,0,0,0,0,337,25,337,0,206,25,0,337,337,337,0,0,0,25,0,83,0,0,0,0,206,25,337,337,815,0,0,204,0,0,0,0,0,0,0,0,0,0,0,0,0,0,0,0
0,0,0,0,0,0,0,0,0,0,290,0,290,0,187,0,0,290,290,290,0,0,0,0,0,124,0,0,0,0,187,0,290,290,708,0,0,270,0,0,0,0,0,0,0,0,0,0,0,0,0,0,0,0
0,0,0,0,0,0,0,0,0,0,287,0,287,0,178,0,0,287,287,287,0,0,0,0,0,119,0,0,0,0,178,0,287,287,821,0,0,228,0,0,0,0,0,0,0,0,0,0,0,0,0,0,0,0
0,0,0,0,0,0,0,0,0,0,315,0,315,0,425,0,0,315,315,315,0,0,0,0,0,112,0,0,0,0,425,0,315,315,671,0,0,425,0,0,0,0,0,0,0,0,0,0,0,0,0,0,0,0
0,0,0,0,0,0,0,0,0,0,252,0,252,0,383,0,0,252,252,252,0,0,0,0,0,134,0,0,0,0,383,0,252,252,714,0,0,383,0,0,0,0,0,0,0,0,0,0,0,0,0,0,0,0
0,32,32,0,32,0,0,0,0,0,178,0,178,0,238,0,0,178,178,178,0,0,0,0,0,129,0,0,0,0,238,0,178,178,671,0,0,238,0,0,0,0,0,0,0,0,0,0,0,0,0,0,0,0
0,0,0,0,0,0,0,0,0,0,354,0,354,0,213,0,0,354,354,354,0,0,0,0,0,113,0,0,0,0,213,0,354,354,707,0,0,213,0,0,0,0,0,0,0,0,0,0,0,0,0,0,0,0
0,0,0,0,0,0,0,0,0,0,156,0,156,0,202,0,0,156,156,156,0,0,0,0,0,144,0,0,0,0,202,0,156,156,646,0,0,202,0,0,0,0,0,0,0,0,0,0,0,0,0,0,0,0
0,0,0,0,0,0,0,0,0,0,337,0,337,0,190,0,0,337,337,337,0,0,0,0,0,135,0,0,0,0,190,0,337,337,666,0,0,190,0,0,0,0,0,0,0,0,0,0,0,0,0,0,0,0
0,0,0,0,0,0,0,0,0,0,337,0,337,0,152,0,0,337,337,337,0,0,0,0,0,180,0,0,0,0,152,0,337,337,672,0,0,152,0,0,0,0,0,0,0,0,0,0,0,0,0,0,0,0
0,0,0,0,0,0,0,0,0,0,318,0,318,0,110,0,0,318,318,318,0,0,0,0,0,167,687,0,0,0,110,0,318,318,687,0,0,110,0,0,0,0,0,0,0,0,0,0,0,0,0,0,0,0
0,0,0,0,0,0,0,0,0,0,328,0,328,0,163,0,0,328,328,328,0,0,0,0,0,135,718,0,0,0,163,0,328,328,718,0,0,163,0,0,0,0,0,0,0,0,0,0,0,0,0,0,0,0
0,0,0,0,0,0,0,0,0,0,304,0,304,0,91,0,0,304,304,304,0,0,0,0,0,125,803,0,0,0,91,0,304,304,803,0,0,91,0,0,0,0,0,0,0,0,0,0,0,0,0,0,0,0
0,0,0,0,0,0,0,0,0,0,307,0,307,0,95,0,0,307,307,307,0,0,0,0,0,97,760,0,0,0,95,0,307,307,760,0,0,95,0,0,0,0,0,0,0,0,0,0,0,0,0,0,0,0
0,0,0,0,0,0,0,0,0,0,303,0,303,0,61,0,0,303,303,303,0,0,0,0,0,114,889,0,0,0,61,0,303,303,889,0,0,61,0,0,0,0,0,0,0,0,0,0,0,0,0,0,0,0
0,0,0,0,0,0,0,0,0,0,297,0,297,0,52,0,0,297,297,297,0,0,0,0,0,128,999,0,0,0,52,0,297,297,999,0,0,52,0,0,0,0,0,0,0,0,0,0,0,0,0,0,0,0
0,0,0,0,0,0,0,0,0,0,359,0,359,0,33,0,0,359,359,359,0,0,0,0,0,105,1003,0,0,0,33,0,359,359,1003,0,0,33,0,0,0,0,0,0,0,0,0,0,0,0,0,0,0,0
0,0,0,0,0,0,0,0,0,0,454,0,454,0,24,0,0,454,454,454,0,0,0,0,0,71,933,0,0,0,24,0,454,454,933,0,0,24,0,0,0,0,0,0,0,0,0,0,0,0,0,0,0,0
0,0,0,0,0,0,0,0,0,0,391,0,391,0,22,0,0,391,391,391,0,0,0,0,0,75,906,0,0,0,22,0,391,391,906,0,0,22,0,0,0,0,0,0,0,0,0,0,0,0,0,0,0,0
0,0,0,0,0,0,0,0,0,0,387,0,387,0,139,0,0,387,387,387,0,0,0,0,0,79,801,0,0,0,139,0,387,387,801,0,0,139,0,0,0,0,0,0,0,0,0,0,0,0,0,0,0,0
0,0,0,0,0,0,0,0,0,0,405,0,405,0,146,0,0,405,405,405,0,0,0,0,0,74,821,0,0,0,146,0,405,405,821,0,0,146,35,0,0,0,0,0,0,0,0,0,0,0,0,0,0,0
0,0,0,0,0,0,0,0,0,0,317,0,317,0,149,0,0,317,317,317,0,0,0,0,0,58,782,0,0,0,149,0,317,317,782,0,0,149,35,0,0,0,0,0,0,0,0,0,0,0,0,0,0,0
0,0,0,0,0,0,0,0,0,0,295,0,295,0,196,0,0,295,295,295,0,0,0,0,0,45,722,0,0,0,196,0,295,295,722,0,0,196,40,0,0,0,0,0,0,0,0,0,0,0,0,0,0,0
0,0,0,0,0,0,0,0,0,0,314,0,314,0,176,0,0,314,314,314,0,0,0,0,0,0,567,0,0,0,176,0,314,314,567,0,0,176,33,0,0,0,0,0,0,0,0,0,0,0,0,0,0,0
0,0,0,0,0,0,0,0,0,0,294,0,294,0,182,0,0,294,294,294,0,0,0,0,0,32,524,0,0,0,182,0,294,294,524,0,0,182,37,0,0,0,0,0,0,0,0,0,0,0,0,0,0,0
0,0,0,0,0,0,0,0,0,0,260,0,260,0,236,0,0,260,260,260,0,0,0,0,0,30,483,0,0,0,236,0,260,260,483,0,0,236,0,0,0,0,0,0,0,0,0,0,0,0,0,0,0,0
0,0,0,0,0,0,0,0,0,0,208,0,208,0,218,0,0,208,208,208,0,0,0,0,0,34,502,0,0,0,218,0,208,208,502,0,0,218,0,0,0,0,0,0,0,0,0,0,0,0,0,0,0,0
0,0,0,0,0,0,0,0,0,0,216,0,216,0,206,0,0,216,216,216,0,0,0,0,0,48,477,0,0,0,206,0,216,216,477,0,0,206,0,0,0,0,0,0,0,0,0,0,0,0,0,0,0,0
0,0,0,0,0,0,0,0,0,0,137,0,137,0,191,0,0,137,137,137,0,0,0,0,0,24,497,0,0,0,191,0,137,137,497,0,0,191,0,0,0,0,0,0,0,0,0,0,0,0,0,0,0,0
0,0,0,0,0,0,0,0,0,0,179,0,179,0,253,0,0,179,179,179,0,0,0,0,0,22,504,0,0,0,253,0,179,179,504,0,0,253,0,0,0,0,0,0,0,0,0,0,0,0,0,0,0,0
0,0,0,0,0,0,0,0,21,0,167,0,167,0,236,0,21,167,167,167,0,0,21,0,0,32,420,0,0,0,236,0,167,167,420,0,0,236,0,0,0,0,0,0,0,0,0,0,0,0,0,0,0,0
0,0,0,0,0,0,0,0,0,0,225,0,225,0,267,0,0,225,225,225,0,0,0,0,0,0,425,0,0,0,267,0,225,225,425,0,0,267,0,0,0,0,0,0,0,0,0,0,0,0,0,0,0,0
0,0,0,0,0,0,0,0,0,0,171,0,171,0,257,0,0,171,171,171,0,0,0,0,0,25,589,0,0,0,257,0,171,171,589,0,0,257,25,0,0,0,0,0,0,0,0,0,0,0,0,0,0,0
0,0,0,0,0,0,0,0,0,0,212,0,212,0,254,0,0,212,212,212,0,0,0,0,0,32,540,0,0,0,254,0,212,212,540,0,0,254,254,0,0,0,0,0,0,0,0,0,0,0,0,0,0,0
0,0,0,0,0,0,0,0,0,0,165,0,165,0,293,0,0,165,165,165,0,0,0,0,0,30,544,0,0,0,293,0,165,165,544,0,0,293,293,26,0,0,0,0,0,0,0,0,0,0,0,0,0,0
0,0,0,0,0,0,0,0,0,0,129,0,129,0,273,0,0,129,129,129,0,0,0,0,0,27,528,0,0,0,273,0,129,129,528,0,0,273,273,31,0,0,0,0,0,0,0,0,0,0,0,0,0,0
0,0,0,0,0,0,0,0,21,0,127,0,127,0,337,0,21,127,127,127,0,0,21,0,0,41,517,0,0,0,337,0,127,127,517,0,0,337,337,29,0,0,0,0,0,0,0,0,0,0,0,0,0,0
0,0,0,0,0,0,0,0,0,0,160,0,160,0,322,0,0,160,160,160,0,0,0,0,0,59,506,0,0,0,322,0,160,160,506,0,0,322,322,0,0,0,0,0,0,0,0,0,0,0,0,0,0,0
0,0,0,0,0,0,0,0,29,0,109,0,109,0,271,0,29,109,109,109,0,0,29,0,0,71,466,0,0,0,271,0,109,109,466,0,0,271,271,25,0,0,0,0,0,0,0,0,0,0,0,0,0,0
0,0,0,0,0,0,0,0,0,0,133,0,133,0,304,0,0,133,133,133,0,0,0,0,0,28,439,0,0,0,304,0,133,133,439,0,0,304,304,33,0,0,0,0,0,0,0,0,0,0,0,0,0,0
0,0,0,0,0,0,0,0,27,0,131,0,131,0,395,0,27,131,131,131,0,0,27,0,0,51,438,0,0,0,395,0,131,131,438,0,0,395,395,22,0,0,0,0,0,0,0,0,0,0,0,0,0,0
0,0,0,0,0,0,0,0,26,0,133,0,133,0,284,0,26,133,133,133,0,0,26,0,0,43,420,0,0,0,284,0,133,133,420,0,0,284,284,25,0,0,0,0,0,0,0,0,0,0,0,0,0,0
0,0,0,0,0,0,0,0,0,0,97,0,97,0,313,0,0,97,97,97,0,0,0,0,0,54,454,0,0,0,313,0,97,97,454,0,0,313,313,22,0,0,0,0,0,0,0,0,0,0,0,0,0,0
0,0,0,0,0,0,0,0,0,0,83,0,83,0,196,0,0,83,83,83,0,0,0,0,0,22,432,0,0,0,196,0,83,83,432,0,0,196,196,0,0,0,0,0,0,0,0,0,0,0,0,0,0,0
0,0,0,0,0,0,0,0,0,0,38,0,38,0,172,0,0,38,38,38,0,0,0,0,0,0,488,0,0,0,172,0,38,38,488,0,0,172,172,0,0,0,0,0,0,0,0,0,0,0,0,0,0,0
0,0,0,0,0,0,0,0,22,0,37,0,37,0,187,0,22,37,37,37,0,0,22,0,0,0,572,0,0,0,187,0,37,37,572,0,0,187,187,0,0,0,0,0,0,0,0,0,0,0,0,0,0,0
0,0,0,0,0,0,0,0,0,0,34,0,34,0,222,0,0,34,34,34,0,0,0,0,0,0,419,0,0,0,222,0,34,34,419,0,0,222,222,0,0,0,0,0,0,0,0,0,0,0,0,0,0,0
0,0,0,0,0,0,0,0,0,0,23,0,23,0,262,0,0,23,23,23,0,0,0,0,0,20,405,0,0,0,262,0,23,23,405,0,0,262,262,0,0,0,0,0,0,0,0,0,0,0,0,0,0,0
0,0,0,0,0,0,0,0,0,0,25,0,25,0,145,0,0,25,25,25,0,0,0,0,0,0,250,0,0,0,145,0,25,25,250,0,0,145,145,0,0,0,0,0,0,0,0,0,0,0,0,0,0,0
0,0,0,0,0,0,0,0,0,0,0,0,0,0,158,0,0,0,0,0,0,0,0,0,0,0,204,0,0,0,158,0,0,0,204,0,0,158,158,0,0,0,0,0,0,0,0,0,0,0,0,0,0,0
0,0,0,0,0,0,0,0,0,0,0,0,0,0,169,0,0,0,0,0,0,0,0,0,0,0,248,0,0,0,169,0,0,0,248,0,0,169,169,0,0,0,0,0,0,0,0,0,0,0,0,0,0,0
0,0,0,0,0,0,0,0,0,0,0,0,0,0,316,0,0,0,0,0,0,0,0,0,0,23,262,0,0,0,316,0,0,0,262,0,0,316,316,0,0,0,0,0,0,0,0,0,0,0,0,0,0,0
0,0,0,0,0,0,0,0,0,0,20,0,20,0,332,0,0,20,20,20,0,0,0,0,0,0,337,0,0,0,332,0,20,20,337,0,0,332,332,0,0,0,0,0,0,0,0,0,0,0,0,0,0,0
0,0,0,0,0,0,0,0,27,0,20,0,20,0,390,0,27,20,20,20,0,0,27,0,0,0,400,0,0,0,390,0,20,20,400,0,0,390,390,0,0,0,0,0,0,0,0,0,0,0,0,0,0,0
0,0,0,0,0,0,0,0,0,0,21,0,21,0,391,0,0,21,21,21,0,0,0,0,0,0,400,0,0,0,391,0,21,21,400,0,0,391,391,22,0,0,0,0,0,0,0,0,0,0,0,0,0,0
0,0,0,0,0,0,0,0,0,0,23,0,23,0,487,0,0,23,23,23,0,0,0,0,0,0,656,0,0,0,487,0,23,23,656,0,0,487,487,25,0,0,0,0,0,0,0,0,0,0,0,0,0,0
0,0,0,0,0,0,0,0,32,0,20,0,20,0,607,0,32,20,20,20,0,0,32,0,0,0,735,0,0,0,607,0,20,20,735,0,0,607,607,0,21,0,0,0,0,0,0,0,0,0,0,0,0,0
0,0,0,0,0,0,0,0,32,0,0,0,0,0,750,0,32,0,0,0,0,0,32,0,0,0,765,0,0,0,750,0,0,0,765,0,0,750,750,25,750,0,0,0,0,0,0,0,0,0,0,0,0,0
0,0,0,0,0,0,0,0,0,0,0,0,0,0,702,0,0,0,0,0,0,0,0,0,0,0,861,0,0,0,702,0,0,0,861,0,0,702,702,44,702,22,0,0,0,0,0,0,0,0,0,0,0,0
0,0,0,0,0,0,0,0,0,0,0,0,0,0,741,0,0,0,0,0,0,0,0,0,0,0,839,0,0,0,741,0,0,0,839,0,0,741,741,55,741,0,0,0,0,0,0,0,0,0,0,0,0,0
0,0,0,0,0,0,0,0,34,0,0,0,0,0,761,0,34,0,0,0,0,0,34,0,0,0,727,0,0,0,761,0,0,0,727,0,0,761,761,36,761,0,0,0,0,0,0,0,0,0,0,0,0,0
0,0,0,0,0,0,0,0,25,0,0,0,0,0,821,0,25,0,0,0,0,0,25,0,0,0,797,0,0,0,821,0,0,0,797,0,0,821,821,32,821,29,0,0,0,0,0,0,0,0,0,0,0,0
0,0,0,0,0,0,0,0,0,0,0,0,0,0,716,0,0,0,0,0,0,0,0,0,0,0,866,0,0,0,716,0,0,0,866,0,0,716,716,28,716,21,0,0,0,0,0,0,0,0,0,0,0,0
0,0,0,0,0,0,0,0,0,0,0,0,0,0,729,0,0,0,0,0,0,0,0,0,0,0,857,0,0,0,729,0,0,0,857,0,0,729,729,72,729,44,0,0,0,0,0,0,0,0,0,0,0,0
0,0,0,0,0,0,0,0,0,0,0,0,0,0,716,0,0,0,0,0,0,0,0,0,0,0,960,0,0,0,716,0,0,0,960,0,0,716,716,62,716,31,0,0,0,0,0,0,0,0,0,0,0,0
0,0,0,0,0,0,0,0,24,0,0,0,0,0,601,0,24,0,0,0,0,0,24,0,0,0,887,0,0,0,601,0,0,0,887,0,0,601,601,75,601,30,28,0,0,0,0,0,0,0,0,0,0,0
0,0,0,0,0,0,0,0,0,0,0,0,0,0,576,0,0,0,0,0,0,0,0,0,0,0,834,0,0,0,576,0,0,0,834,0,0,576,576,61,576,22,24,0,0,0,0,0,0,0,0,0,0,0
0,0,0,0,0,0,0,0,34,0,0,0,0,0,469,0,34,0,0,0,0,0,34,0,0,0,963,0,0,0,469,0,0,0,963,0,0,469,469,71,469,46,35,0,0,0,0,0,0,0,0,0,0,0
0,0,0,0,0,0,0,0,40,0,0,0,0,0,410,0,40,0,0,0,0,0,40,0,0,0,858,0,0,0,410,0,0,0,858,0,0,410,410,77,410,40,23,0,0,0,0,0,0,0,0,0,0,0
0,0,0,0,0,0,0,0,31,0,0,0,0,0,547,0,31,0,0,0,0,0,31,0,0,0,828,0,0,0,547,0,0,0,828,0,0,547,547,68,547,21,0,0,0,0,0,0,0,0,0,0,0,0
0,0,0,0,0,0,0,0,24,0,0,0,0,0,584,0,24,0,0,0,0,0,24,0,0,0,778,0,0,0,584,0,0,0,778,0,0,584,584,92,584,34,0,0,0,0,0,0,0,0,0,0,0,0
0,0,0,0,0,0,0,0,0,0,0,0,0,0,635,0,0,0,0,0,0,0,0,0,0,0,754,0,0,0,635,0,0,0,754,0,0,635,635,64,635,635,0,0,0,0,0,0,0,0,0,0,0,0
0,0,0,0,0,0,0,0,0,0,0,0,0,0,628,0,0,0,0,0,0,0,0,0,0,0,686,0,0,0,628,0,0,0,686,0,0,628,628,84,628,628,0,0,0,0,0,0,0,0,0,0,0,0
0,0,0,0,0,0,0,0,0,0,0,0,0,0,596,0,0,0,0,0,0,0,0,0,0,0,607,0,0,0,596,0,0,0,607,0,0,596,596,64,596,596,0,0,0,0,0,0,0,0,0,0,0,0
0,0,0,0,0,0,0,0,0,0,0,0,0,0,572,0,0,0,0,0,0,0,0,0,0,0,566,0,0,0,572,0,0,0,566,0,0,572,572,72,572,572,0,0,0,0,0,0,0,0,0,0,0,0
0,0,0,0,0,0,0,0,35,0,0,0,0,0,483,0,35,0,0,0,0,0,35,0,0,0,607,0,0,0,483,0,0,0,607,0,0,483,483,91,483,483,22,0,0,0,0,0,0,0,0,0,0,0
0,0,0,0,0,0,0,0,40,0,0,0,0,0,448,0,40,0,0,0,0,0,40,0,0,0,517,0,0,0,448,0,0,0,517,0,0,448,448,50,448,448,0,0,0,0,0,0,0,0,0,0,0,0
0,0,0,0,0,0,0,0,23,0,0,0,0,0,382,0,23,0,0,0,0,0,23,0,0,0,470,0,0,0,382,0,0,0,470,0,0,382,382,53,382,382,0,0,0,0,0,0,0,0,0,0,0,0
0,0,0,0,0,0,0,0,0,0,0,0,0,0,328,0,0,0,0,0,0,0,0,0,0,0,414,0,0,0,328,0,0,0,414,0,0,328,328,59,328,328,0,0,0,0,0,0,0,0,0,0,0,0
0,0,0,0,0,0,0,0,0,0,0,0,0,0,318,0,0,0,0,0,0,0,0,0,0,0,372,0,0,0,318,0,0,0,372,0,0,318,318,64,318,318,0,0,0,0,0,0,0,0,0,0,0,0
0,0,0,0,0,0,0,0,0,0,0,0,0,0,301,0,0,0,0,0,0,0,0,0,0,0,313,0,0,0,301,0,0,0,313,0,0,301,301,70,301,301,0,0,0,0,0,0,0,0,0,0,0,0
0,0,0,0,0,0,0,0,25,0,0,0,0,0,210,0,25,0,0,0,0,0,25,0,0,0,238,0,0,0,210,0,0,0,238,0,0,210,210,59,210,210,0,0,0,0,0,0,0,0,0,0,0,0
0,0,0,0,0,0,0,0,20,0,0,0,0,0,195,0,20,0,0,0,0,0,20,0,0,0,317,0,0,0,195,0,0,0,317,0,0,195,195,55,195,195,0,0,0,0,0,0,0,0,0,0,0,0
0,0,0,0,0,0,0,0,0,0,0,0,0,0,255,0,0,0,0,0,0,0,0,0,0,0,511,0,0,0,255,0,0,0,511,0,0,255,255,80,255,255,0,0,0,0,0,0,0,0,0,0,0,0
0,0,0,0,0,0,0,0,39,0,0,0,0,0,282,0,39,0,0,0,0,0,39,0,0,0,541,0,0,0,282,0,0,0,541,0,0,282,282,53,282,282,0,0,0,0,0,0,0,0,0,0,0,0
0,0,0,0,0,0,0,0,39,0,0,0,0,0,378,0,39,0,0,0,0,0,39,0,0,0,617,0,0,0,378,0,0,0,617,0,0,378,378,34,378,378,0,0,0,0,0,0,0,0,0,0,0,0
0,0,0,0,0,0,0,0,0,0,0,0,0,0,401,0,0,0,0,0,0,0,0,0,0,0,721,0,0,0,401,0,0,0,721,0,0,401,401,34,401,401,0,0,0,0,0,0,0,0,0,0,0,0
0,0,0,0,0,0,0,0,0,0,0,0,0,0,335,0,0,0,0,0,0,0,0,0,0,0,739,0,0,0,335,0,0,0,739,0,0,335,335,42,335,335,0,0,0,0,0,0,0,0,0,0,0,0
0,0,0,0,0,0,0,0,0,0,0,0,0,0,297,0,0,0,0,0,0,0,0,0,0,0,754,0,0,0,297,0,0,0,754,0,0,297,297,47,297,297,0,0,0,0,0,0,0,0,0,0,0,0
0,0,0,0,0,0,0,0,21,0,0,0,0,0,242,0,21,0,0,0,0,0,21,0,0,0,903,0,0,0,242,0,0,0,903,0,0,242,242,53,242,242,0,0,0,0,0,0,0,0,0,0,0,0
0,0,0,0,0,0,0,0,39,0,0,0,0,0,207,0,39,0,0,0,0,0,39,0,0,0,853,0,0,0,207,0,0,0,853,0,0,207,207,47,207,207,0,0,0,0,0,0,0,0,0,0,0,0
0,0,0,0,0,0,0,0,0,0,0,0,0,0,182,0,0,0,0,0,0,0,0,0,0,0,729,0,0,0,182,0,0,0,729,0,0,182,182,44,182,182,25,0,0,0,0,0,0,0,0,0,0,0
0,0,0,0,0,0,0,0,0,0,0,0,0,0,136,0,0,0,0,0,0,0,0,0,0,21,750,0,0,0,136,0,0,0,750,0,0,136,136,42,136,136,0,0,0,0,0,0,0,0,0,0,0,0
0,0,0,0,0,0,0,0,0,0,0,0,0,0,115,0,0,0,0,0,0,0,0,0,0,0,706,0,0,0,115,0,0,0,706,0,0,115,115,43,115,115,0,0,0,0,0,0,0,0,0,0,0,0
0,0,0,0,0,0,0,0,0,0,0,0,0,0,131,0,0,0,0,0,0,0,0,0,0,0,595,0,0,0,131,0,0,0,595,0,0,131,131,66,131,131,0,0,0,0,0,0,0,0,0,0,0,0
0,0,0,0,0,0,0,0,0,0,0,0,0,0,79,0,0,0,0,0,0,0,0,0,0,0,455,0,0,0,79,0,0,0,455,0,0,79,79,25,79,79,0,0,0,0,0,0,0,0,0,0,0,0
0,0,0,0,0,0,0,0,0,0,0,0,0,0,61,0,0,0,0,0,0,0,0,0,0,0,210,0,0,0,61,0,0,0,210,0,0,61,61,27,61,61,0,0,0,0,0,0,0,0,0,0,0,0
0,0,0,0,0,0,0,0,0,0,0,0,0,0,56,0,0,0,0,0,0,0,0,0,0,0,152,0,0,0,56,0,0,0,152,0,0,56,56,62,56,56,0,0,0,0,0,0,0,0,0,0,0,0
0,0,0,0,0,0,0,0,0,0,0,0,0,0,80,0,0,0,0,0,0,0,0,0,0,0,97,0,0,0,80,0,0,0,97,0,0,80,80,98,80,80,0,0,0,0,0,0,0,0,0,0,0,0
0,0,0,0,0,0,0,0,0,0,0,0,0,0,85,0,0,0,0,0,0,0,0,0,0,0,36,0,0,0,85,0,0,0,36,0,0,85,85,108,85,85,0,0,0,0,0,0,0,0,0,0,0,0
0,0,0,0,0,0,0,0,0,0,0,0,0,0,77,0,0,0,0,0,0,0,0,0,0,0,64,0,0,89,77,0,0,0,64,0,0,77,77,89,77,77,0,0,0,0,0,0,0,0,0,0,0,0
0,23,23,0,23,0,0,0,0,0,0,0,0,0,38,0,0,0,0,0,0,0,0,0,0,23,37,0,0,96,38,0,0,0,37,0,0,38,38,96,38,38,0,0,0,0,0,0,0,0,0,0,0,0
0,0,0,0,0,0,0,0,0,0,0,0,0,0,40,0,0,0,0,0,0,0,0,0,0,0,20,0,0,104,40,0,0,0,20,0,0,40,40,104,40,40,0,0,0,0,0,0,0,0,0,0,0,0
0,0,0,0,0,0,0,0,0,0,0,0,0,0,0,0,0,0,0,0,0,0,0,0,0,0,27,0,0,53,0,0,0,0,27,0,0,0,0,53,0,0,0,0,0,0,0,0,0,0,0,0,0,0
0,0,0,0,0,0,0,0,0,0,0,0,0,0,0,0,0,0,0,0,0,0,0,0,0,0,39,0,0,77,0,0,0,0,39,0,0,0,0,77,0,0,0,0,0,0,0,0,0,0,0,0,0,0
0,0,0,0,0,0,0,0,0,0,0,0,0,0,0,0,0,0,0,0,0,0,0,0,0,0,75,0,0,76,0,0,0,0,75,0,0,0,0,76,0,0,0,0,0,0,0,0,0,0,0,0,0,0
0,0,0,0,0,0,0,0,0,0,0,0,0,0,35,0,0,0,0,0,0,0,0,0,0,0,31,0,0,32,35,0,0,0,31,0,0,35,35,32,35,35,0,0,0,0,0,0,0,0,0,0,0,0
0,0,0,0,0,0,0,0,0,0,0,0,0,0,22,0,0,0,0,0,0,0,0,0,0,0,37,0,0,45,22,0,0,0,37,0,0,22,22,45,22,22,0,0,0,0,0,0,0,0,0,0,0,0
0,0,0,0,0,0,0,0,24,0,0,0,0,0,67,0,24,0,0,0,0,0,24,0,0,0,20,0,0,45,67,0,0,0,20,0,0,67,67,45,67,67,0,0,0,0,0,0,0,0,0,0,0,0
0,0,0,0,0,0,0,0,0,0,0,0,0,0,46,0,0,0,0,0,0,0,0,0,0,0,22,0,0,37,46,0,0,0,22,0,0,46,46,37,46,46,0,0,0,0,0,0,0,0,0,0,0,0
0,0,0,0,0,0,0,0,0,0,0,0,0,0,39,0,0,0,0,0,0,0,0,0,0,0,644,0,0,50,39,0,0,0,644,0,0,39,39,50,39,39,0,0,0,0,0,0,0,0,0,0,0,0
0,0,0,0,0,0,0,0,0,0,0,0,0,0,93,0,0,0,0,0,0,0,0,0,0,0,466,0,0,30,93,0,0,0,466,0,0,93,93,30,93,93,0,0,0,0,0,0,0,0,0,0,0,0
0,0,0,0,0,0,0,0,0,0,0,0,0,0,92,0,0,0,0,0,0,0,0,0,0,0,419,0,0,0,92,0,0,0,419,0,0,92,92,0,92,92,0,0,0,0,0,0,0,0,0,0,0,0
0,0,0,0,0,0,0,0,0,0,0,0,0,0,50,0,0,0,0,0,0,0,0,0,0,0,431,0,0,53,50,0,0,0,431,0,0,50,50,53,50,50,0,0,0,0,0,0,0,0,0,0,0,0
0,0,0,0,0,0,0,0,0,0,0,0,0,0,38,0,0,0,0,0,0,0,0,0,0,0,479,0,0,64,38,0,0,0,479,0,0,38,38,64,38,38,0,0,0,0,0,0,0,0,0,0,0,0
0,0,0,0,0,0,0,0,0,0,0,0,0,0,39,0,0,0,0,0,0,0,0,0,0,0,516,0,0,39,39,0,0,0,516,0,0,39,39,39,39,39,0,0,0,0,0,0,0,0,0,0,0,0
0,0,0,0,0,0,0,0,0,0,0,0,0,0,47,0,0,0,0,0,0,0,0,0,0,0,563,0,0,58,47,0,0,0,563,0,0,47,47,58,47,47,0,0,0,0,0,0,0,0,0,0,0,0
0,0,0,0,0,0,0,0,0,0,0,0,0,0,46,0,0,0,0,0,0,0,0,0,0,0,664,0,0,26,46,0,0,0,664,0,0,46,46,26,46,46,0,0,0,0,0,0,0,0,0,0,0,0
0,0,0,0,0,0,0,0,0,0,0,0,0,0,57,0,0,0,0,0,0,0,0,0,0,0,778,0,0,32,57,0,0,0,778,0,0,57,57,32,57,57,0,0,0,0,0,0,0,0,0,0,0,0
0,0,0,0,0,0,0,0,0,0,0,0,0,0,28,0,0,0,0,0,0,0,0,0,0,0,808,0,0,35,28,0,0,0,808,0,0,28,28,35,28,28,0,0,0,0,0,0,0,0,0,0,0,0
0,0,0,0,0,0,0,0,0,0,0,0,0,0,30,0,0,0,0,0,0,0,0,0,0,0,850,0,0,34,30,0,0,0,850,0,0,30,30,34,30,30,0,0,0,0,0,0,0,0,0,0,0,0
0,0,0,0,0,0,0,0,0,0,0,0,0,0,0,0,0,0,0,0,0,0,0,0,0,0,723,0,0,36,0,0,0,0,723,0,0,0,0,36,0,0,0,0,0,0,0,0,0,0,0,0,0,0
0,0,0,0,0,0,0,0,0,0,0,0,0,0,0,0,0,0,0,0,0,0,0,0,0,0,799,0,0,42,0,0,0,0,799,0,0,0,0,42,0,0,0,0,0,0,0,0,0,0,0,0,0,0
0,0,0,0,0,0,0,0,0,0,0,0,0,0,25,0,0,0,0,0,0,0,0,0,0,0,846,0,0,36,25,0,0,0,846,0,0,25,25,36,25,25,0,0,0,0,0,0,0,0,0,0,0,0
0,0,0,0,0,0,0,0,0,0,0,0,0,0,0,0,0,0,0,0,0,0,0,0,0,0,652,0,0,28,0,0,0,0,652,0,0,0,0,28,0,0,0,0,0,0,0,0,0,0,0,0,0,0
0,0,0,0,0,0,0,0,0,0,0,0,0,0,20,0,0,0,0,0,0,0,0,0,0,0,582,0,0,39,20,0,0,0,582,0,0,20,20,39,20,20,0,0,0,0,0,0,0,0,0,0,0,0
0,0,0,0,0,0,0,0,0,0,0,0,0,0,0,0,0,0,0,0,0,0,0,0,0,0,566,0,0,26,0,0,0,0,566,0,0,0,0,26,0,0,0,0,0,0,0,0,0,0,0,0,0,0
0,0,0,0,0,0,0,0,0,0,0,0,0,0,0,0,0,0,0,0,0,0,0,0,0,0,623,0,0,0,0,0,0,0,623,0,0,0,0,0,0,0,0,0,0,0,0,0,0,0,0,0,0,0
0,0,0,0,0,0,0,0,0,0,0,0,0,0,0,0,0,0,0,0,0,0,0,0,0,0,497,0,0,24,0,0,0,0,497,0,0,0,0,24,0,0,0,0,0,0,0,0,0,0,0,0,0,0
0,0,0,0,0,0,0,0,0,0,0,0,0,0,0,0,0,0,0,0,0,0,0,0,0,0,469,0,0,23,0,0,0,0,469,0,0,0,0,23,0,0,0,36,0,0,0,0,0,0,0,0,0,0
0,0,0,0,0,0,0,0,0,0,0,0,0,0,0,0,0,0,0,0,0,0,0,0,0,0,409,0,0,0,0,0,0,0,409,0,0,0,0,0,0,0,0,30,0,0,0,0,0,0,0,0,0,0
0,0,0,0,0,0,0,0,0,0,0,0,0,0,0,0,0,0,0,0,0,0,0,0,0,0,386,0,0,0,0,0,0,0,386,0,0,0,0,0,0,0,0,31,0,0,0,0,0,0,0,0,0,0
0,0,0,0,0,0,0,0,0,0,0,0,0,0,0,0,0,0,0,0,0,0,0,0,0,0,442,0,0,0,0,0,0,0,442,0,0,0,0,0,0,0,0,0,0,0,0,0,0,0,0,0,0,0
0,0,0,0,0,0,0,0,0,0,0,0,0,0,0,0,0,0,0,0,0,0,0,0,0,0,460,0,0,23,0,0,0,0,460,0,0,0,0,23,0,0,0,0,0,0,0,0,0,0,0,0,0,0
0,0,0,0,0,0,0,0,0,0,0,0,0,0,0,0,0,0,0,0,0,0,0,0,0,0,414,0,0,21,0,0,0,0,414,0,0,0,0,21,0,0,0,0,0,0,0,0,0,0,0,0,0,0
0,0,0,0,0,0,0,0,0,0,0,0,0,0,0,0,0,0,0,0,0,0,0,0,0,0,358,0,0,0,0,0,0,0,358,0,0,0,0,0,0,0,0,0,0,0,0,0,0,0,0,0,0,0
0,0,0,0,0,0,0,0,0,0,0,0,0,0,0,0,0,0,0,0,0,0,0,0,0,0,349,0,0,0,0,0,0,0,349,0,0,0,0,0,0,0,0,0,0,0,0,0,0,0,0,0,0,0
0,0,0,0,0,0,0,0,0,0,0,0,0,0,0,0,0,0,0,0,0,0,0,0,0,0,285,0,0,0,0,0,0,0,285,0,0,0,0,0,0,0,0,0,0,0,0,0,0,0,0,0,0,0
0,0,0,0,0,0,0,0,0,0,0,0,0,0,0,0,0,0,0,0,0,0,0,0,0,0,183,0,0,0,0,0,0,0,183,0,0,0,0,0,0,0,0,0,0,0,0,0,0,0,0,0,0,0
0,0,0,0,0,0,0,0,0,0,0,0,0,0,0,0,0,0,0,0,0,0,0,0,0,0,228,0,0,0,0,0,0,0,228,0,0,0,0,0,0,0,0,0,0,0,0,0,0,0,0,0,0,0
0,0,0,0,0,0,0,0,0,0,0,0,0,0,0,0,0,0,0,0,0,0,0,0,0,0,237,0,0,0,0,0,0,0,237,0,0,0,0,0,0,0,0,0,0,0,0,0,0,0,0,0,0,0
0,0,0,0,0,0,0,0,0,0,0,0,0,0,0,0,0,0,0,0,0,0,0,0,0,0,174,0,0,0,0,0,0,0,174,0,0,0,0,0,0,0,0,0,0,0,0,0,0,0,0,0,0,0
0,0,0,0,0,0,0,0,0,0,0,0,0,0,0,0,0,0,0,0,0,0,0,0,0,0,137,0,0,0,0,0,0,0,137,0,0,0,0,0,0,0,0,0,0,0,0,0,0,0,0,0,0,0
0,0,0,0,0,0,0,0,0,0,0,0,0,0,0,0,0,0,0,0,0,0,0,0,0,0,219,0,0,0,0,0,0,0,219,0,0,0,0,0,0,0,0,0,0,0,0,0,0,0,0,0,0,0
0,0,0,0,0,0,0,0,0,0,0,0,0,0,0,0,0,0,0,0,0,0,0,0,0,0,165,0,0,0,0,0,0,0,165,0,0,0,0,0,0,0,0,0,0,0,0,0,0,0,0,0,0,0
0,0,0,0,0,0,0,0,0,0,0,0,0,0,0,0,0,0,0,0,0,0,0,0,0,0,210,0,0,0,0,0,0,0,210,0,0,0,0,0,0,0,0,0,0,0,0,0,0,0,0,0,0,0
0,0,0,0,0,0,0,0,0,0,0,0,0,0,0,0,0,0,0,0,0,0,0,0,0,0,127,0,0,0,0,0,0,0,127,0,0,0,0,0,0,0,0,0,0,0,0,0,0,0,0,0,0,0
0,0,0,0,0,0,0,0,0,0,0,0,0,0,0,0,0,0,0,0,0,0,0,0,0,0,162,0,0,0,0,0,0,0,162,0,0,0,0,0,0,0,0,0,0,0,0,0,0,0,0,0,0,0
0,0,0,0,0,0,0,0,0,0,0,0,0,0,0,0,0,0,0,0,0,0,0,0,0,0,170,0,0,0,0,0,0,0,170,0,0,0,0,0,0,0,0,0,0,0,0,0,0,0,0,0,0,0
0,0,0,0,0,0,0,0,0,0,0,0,0,0,0,0,0,0,0,0,0,0,0,0,0,0,123,0,0,0,0,0,0,0,123,0,0,0,0,0,0,0,0,0,0,0,0,0,0,0,0,0,0,0
0,0,0,0,0,0,0,0,0,0,0,0,0,0,0,0,0,0,0,0,0,0,0,0,0,0,85,0,0,0,0,0,0,0,85,0,0,0,0,0,0,0,0,0,0,0,0,0,0,0,0,0,0,0
0,0,0,0,0,0,0,0,0,0,0,0,0,0,0,0,0,0,0,0,0,0,0,0,0,0,97,0,0,0,0,0,0,0,97,0,0,0,0,0,0,0,0,0,0,0,0,0,0,0,0,0,0,0
0,0,0,0,0,0,0,0,0,0,0,0,0,0,0,0,0,0,0,0,0,0,0,0,0,0,69,0,0,0,0,0,0,0,69,0,0,0,0,0,0,0,0,0,0,0,0,0,0,0,0,0,0,0
0,0,0,0,0,0,0,0,0,0,0,0,0,0,0,0,0,0,0,0,0,0,0,0,0,0,54,0,0,0,0,0,0,0,54,0,0,0,0,0,0,0,0,0,0,0,0,0,0,0,0,0,0,0
0,0,0,0,0,0,0,0,0,0,0,0,0,0,0,0,0,0,0,0,0,0,0,0,0,0,69,0,0,0,0,0,0,0,69,0,0,0,0,0,0,0,0,0,0,0,0,0,0,0,0,0,0,0
0,0,0,0,0,0,0,0,0,0,0,0,0,0,0,0,0,0,0,0,0,0,0,0,0,0,31,0,0,0,0,0,0,0,31,0,0,0,0,0,0,0,0,0,0,0,0,0,0,0,0,0,0,0
0,0,0,0,0,0,0,0,0,0,0,0,0,0,0,0,0,0,0,0,0,0,0,0,0,0,54,0,0,0,0,0,0,0,54,0,0,0,0,0,0,0,0,0,0,0,0,0,0,0,0,0,0,0
0,0,0,0,0,0,0,0,0,0,0,0,0,0,0,0,0,0,0,0,0,0,0,0,0,0,43,0,0,0,0,0,0,0,43,0,0,0,0,0,0,0,0,0,0,0,0,0,0,0,0,0,0,0
0,0,0,0,0,0,0,0,0,0,0,0,0,0,0,0,0,0,0,0,0,0,0,0,0,0,40,0,0,0,0,0,0,0,40,0,0,0,0,0,0,0,0,0,0,0,0,0,0,0,0,0,0,0
0,0,0,0,0,0,0,0,0,0,0,0,0,0,0,0,0,0,0,0,0,0,0,0,0,0,47,0,0,0,0,0,0,0,47,0,0,0,0,0,0,0,0,0,0,0,0,0,0,0,0,0,0,0
0,0,0,0,0,0,0,0,0,0,0,0,0,0,0,0,0,0,0,0,0,0,0,0,0,0,40,0,0,0,0,0,0,0,40,0,0,0,0,0,0,0,0,0,0,0,0,0,0,0,0,0,0,0
0,0,0,0,0,0,0,0,0,0,0,0,0,0,0,0,0,0,0,0,0,0,0,0,0,0,28,0,0,0,0,0,0,0,28,0,0,0,0,0,0,0,0,0,0,0,0,0,0,0,0,0,0,0
0,0,0,0,0,0,0,0,0,0,0,0,0,0,0,0,0,0,0,0,0,0,0,0,0,0,32,0,0,0,0,0,0,0,32,0,0,0,0,0,0,0,0,0,0,0,0,0,0,0,0,0,0,0
0,0,0,0,0,0,0,0,0,0,0,0,0,0,0,0,0,0,0,0,0,0,0,0,0,0,0,0,0,0,0,0,0,0,0,0,0,0,0,0,0,0,0,0,0,0,0,0,0,0,0,0,0,0
0,0,0,0,0,0,0,0,0,0,0,0,0,0,0,0,0,0,0,0,0,0,0,0,0,0,0,0,0,0,0,0,0,0,0,0,0,0,0,0,0,0,0,0,0,0,0,0,0,0,0,0,0,0
0,0,0,0,0,0,0,0,0,0,0,0,0,0,0,0,0,0,0,0,0,0,0,0,0,0,0,0,0,0,0,0,0,0,0,0,0,0,0,0,0,0,0,0,0,0,0,0,0,0,0,0,0,0
0,0,0,0,0,0,0,0,0,0,0,0,0,0,0,0,0,0,0,0,0,0,0,0,0,0,64,0,0,0,0,0,0,0,64,0,0,0,0,0,0,0,0,0,0,0,0,0,0,0,0,0,0,0
0,0,0,0,0,0,0,0,0,0,0,0,0,0,0,0,0,0,0,0,0,0,0,0,0,0,0,0,0,0,0,0,0,0,0,0,0,0,0,0,0,0,0,0,0,0,0,0,0,0,0,0,0,0
0,0,0,0,0,0,0,0,0,0,0,0,0,0,0,0,0,0,0,0,0,0,0,0,0,0,42,0,0,0,0,0,0,0,42,0,0,0,0,0,0,0,0,0,0,0,0,0,0,0,0,0,0,0
0,0,0,0,0,0,0,0,0,0,0,0,0,0,0,0,0,0,0,0,0,0,0,0,0,0,43,0,0,0,0,0,0,0,43,0,0,0,0,0,0,0,0,0,0,0,0,0,0,0,0,0,0,0
0,0,0,0,0,0,0,0,0,0,0,0,0,0,0,0,0,0,0,0,0,0,0,0,0,0,0,0,0,0,0,0,0,0,0,0,0,0,0,0,0,0,0,0,0,0,0,0,0,0,0,0,0,0
0,0,0,0,0,0,0,0,0,0,0,0,0,0,0,0,0,0,0,0,0,0,0,0,0,0,47,0,0,0,0,0,0,0,47,0,0,0,0,0,0,0,0,0,0,0,0,0,0,0,0,0,0,0
0,0,0,0,0,0,0,0,0,0,0,0,0,0,0,0,0,0,0,0,0,0,0,0,0,0,0,0,0,0,0,0,0,0,0,0,0,0,0,0,0,0,0,0,0,0,0,0,0,0,0,0,0,0
0,0,0,0,0,0,0,0,0,0,0,0,0,0,0,0,0,0,0,0,0,0,0,0,0,0,51,0,0,0,0,0,0,0,51,0,0,0,0,0,0,0,0,0,0,0,0,0,0,0,0,0,0,0
0,0,0,0,0,0,0,0,0,0,0,0,0,0,0,0,0,0,0,0,0,0,0,0,0,0,0,0,0,0,0,0,0,0,0,0,0,0,0,0,0,0,0,0,0,0,0,0,0,0,0,0,0,0
0,0,0,0,0,0,0,0,0,0,0,0,0,0,0,0,0,0,0,0,0,0,0,0,0,0,67,0,0,0,0,0,0,0,67,0,0,0,0,0,0,0,0,0,0,0,0,0,0,0,0,0,0,0
0,0,0,0,0,0,0,0,0,0,0,0,0,0,0,0,0,0,0,0,0,0,0,0,0,0,60,0,0,0,0,0,0,0,60,0,0,0,0,0,0,0,0,0,0,0,0,0,0,0,0,0,0,0
0,0,0,0,0,0,0,0,0,0,0,0,0,0,0,0,0,0,0,0,0,0,0,0,0,0,89,0,0,30,0,0,0,0,89,0,0,0,0,30,0,0,0,0,0,0,0,0,0,0,0,0,0,0
0,0,0,0,0,0,0,0,0,0,0,0,0,0,0,0,0,0,0,0,0,0,0,0,0,0,0,0,0,0,0,0,0,0,0,0,0,0,0,0,0,0,0,0,0,0,0,0,0,0,0,0,0,0
0,0,0,0,0,0,0,0,0,0,0,0,0,0,0,0,0,0,0,0,0,0,0,0,0,0,51,0,0,0,0,0,0,0,51,0,0,0,0,0,0,0,0,0,0,0,0,0,0,0,0,0,0,0
0,0,0,0,0,0,0,0,0,0,0,0,0,0,0,0,0,0,0,0,0,0,0,0,0,0,37,0,0,0,0,0,0,0,37,0,0,0,0,0,0,0,0,0,0,0,0,0,0,0,0,0,0,0
0,0,0,0,0,0,0,0,0,0,0,0,0,0,0,0,0,0,0,0,0,0,0,0,0,0,50,0,0,0,0,0,0,0,50,0,0,0,0,0,0,0,0,0,0,0,0,0,0,0,0,0,0,0
0,0,0,0,0,0,0,0,0,0,0,0,0,0,0,0,0,0,0,0,0,0,0,0,0,0,0,0,0,0,0,0,0,0,0,0,0,0,0,0,0,0,0,0,0,0,0,0,0,0,0,0,0,0
0,0,0,0,0,0,0,0,0,0,0,0,0,0,0,0,0,0,0,0,0,0,0,0,0,0,0,0,0,0,0,0,0,0,0,0,0,0,0,0,0,0,0,0,0,0,0,0,0,0,0,0,0,0
0,0,0,0,0,0,0,0,0,0,0,0,0,0,0,0,0,0,0,0,0,0,0,0,0,0,35,0,0,0,0,0,0,0,35,0,0,0,0,0,0,0,0,0,0,0,0,0,0,0,0,0,0,0
0,0,0,0,0,0,0,0,0,0,0,0,0,0,0,0,0,0,0,0,0,0,0,0,0,0,43,0,0,0,0,0,0,0,43,0,0,0,0,0,0,0,0,0,0,0,0,0,0,0,0,0,0,0
0,0,0,0,0,0,0,0,0,0,0,0,0,0,0,0,0,0,0,0,0,0,0,0,0,0,38,0,0,0,0,0,0,0,38,0,0,0,0,0,0,0,0,0,0,0,0,0,0,0,0,0,0,0
0,0,0,0,0,0,0,0,0,0,0,0,0,0,0,0,0,0,0,0,0,0,0,0,0,0,53,0,0,20,0,0,0,0,53,0,0,0,0,20,0,0,0,0,0,0,0,0,0,0,0,0,0,0
0,0,0,0,0,0,0,0,0,0,0,0,0,0,0,0,0,0,0,0,0,0,0,0,0,0,119,0,0,0,0,0,0,0,119,0,0,0,0,0,0,0,0,0,0,0,0,0,0,0,0,0,0,0
0,0,0,0,0,0,0,0,0,0,0,0,0,0,0,0,0,0,0,0,0,0,0,0,0,0,71,0,0,0,0,0,0,0,71,0,0,0,0,0,0,0,0,0,0,0,0,0,0,0,0,0,0,0
0,0,0,0,0,0,0,0,0,0,0,0,0,0,0,0,0,0,0,0,0,0,0,0,0,0,82,0,0,0,0,0,0,0,82,0,0,0,0,0,0,0,0,0,0,0,0,0,0,0,0,0,0,0
0,0,0,0,0,0,0,0,0,0,0,0,0,0,0,0,0,0,0,0,0,0,0,0,0,0,117,0,0,0,0,0,0,0,117,0,0,0,0,0,0,0,0,0,0,0,0,0,0,0,0,0,0,0
0,0,0,0,0,0,0,0,0,0,0,0,0,0,0,0,0,0,0,0,0,0,0,0,0,0,63,0,0,0,0,0,0,0,63,0,0,0,0,0,0,0,0,0,0,0,0,0,0,0,0,0,0,0
0,0,0,0,0,0,0,0,0,0,0,0,0,0,0,0,0,0,0,0,0,0,0,0,0,0,89,0,0,0,0,0,0,0,89,0,0,0,0,0,0,0,0,0,0,0,0,0,0,0,0,0,0,0
0,0,0,0,0,0,0,0,0,0,0,0,0,0,0,0,0,0,0,0,0,0,0,0,0,0,176,0,0,0,0,0,0,0,176,0,0,0,0,0,0,0,0,0,0,0,0,0,0,0,0,0,0,0
0,0,0,0,0,0,0,0,0,0,0,0,0,0,0,0,0,0,0,0,0,0,0,0,0,0,118,0,0,0,0,0,0,0,118,0,0,0,0,0,0,0,0,0,0,0,0,0,0,0,0,0,0,0
0,0,0,0,0,0,0,0,0,0,0,0,0,0,0,0,0,0,0,0,0,0,0,0,0,0,119,0,0,0,0,0,0,0,119,0,0,0,0,0,0,0,0,0,0,0,0,0,0,0,0,0,0,0
0,0,0,0,0,0,0,0,0,0,0,0,0,0,0,0,0,0,0,0,0,0,0,0,0,0,143,0,0,0,0,0,0,0,143,0,0,0,0,0,0,0,0,0,0,0,0,0,0,0,0,0,0,0
0,0,0,0,0,0,0,0,0,0,0,0,0,0,0,0,0,0,0,0,0,0,0,0,0,0,38,0,0,0,0,0,0,0,38,0,0,0,0,0,0,0,0,0,0,0,0,0,0,0,0,0,0,0
0,0,0,0,0,0,0,0,0,0,0,0,0,0,0,0,0,0,0,0,0,0,0,0,0,0,29,0,0,0,0,0,0,0,29,0,0,0,0,0,0,0,0,0,0,0,0,0,0,0,0,0,0,0
0,0,0,0,0,0,0,0,0,0,0,0,0,0,0,0,0,0,0,0,0,0,0,0,0,0,50,0,0,0,0,0,0,0,50,0,0,0,0,0,0,0,0,0,0,0,0,0,0,0,0,0,0,0
0,0,0,0,0,0,0,0,0,0,0,0,0,0,0,0,0,0,0,0,0,0,0,0,0,0,0,0,0,0,0,0,0,0,0,0,0,0,0,0,0,0,0,0,0,0,0,0,0,0,0,0,0,0
0,0,0,0,0,0,0,0,0,0,0,0,0,0,0,0,0,0,0,0,0,0,0,0,0,0,26,0,0,0,0,0,0,0,26,0,0,0,0,0,0,0,0,0,0,0,0,0,0,0,0,0,0,0
0,0,0,0,0,0,0,0,0,0,0,0,0,0,0,0,0,0,0,0,0,0,0,0,0,0,35,0,0,0,0,0,0,0,35,0,0,0,0,0,0,0,0,0,0,0,0,0,0,0,0,0,0,0
0,0,0,0,0,0,0,0,0,0,0,0,0,0,0,0,0,0,0,0,0,0,0,0,0,0,34,0,0,0,0,0,0,0,34,0,0,0,0,0,0,0,0,0,0,0,0,0,0,0,0,0,0,0
0,0,0,0,0,0,0,0,0,0,0,0,0,0,0,0,0,0,0,0,0,0,0,0,0,0,60,0,0,0,0,0,0,0,60,0,0,0,0,0,0,0,0,0,0,0,0,0,0,0,0,0,0,0
0,0,0,0,0,0,0,0,0,0,0,0,0,0,0,0,0,0,0,0,0,0,0,0,0,0,191,0,0,0,0,0,0,0,191,0,0,0,0,0,0,0,0,0,0,0,0,0,0,0,0,0,0,0
0,0,0,0,0,0,0,0,0,0,0,0,0,0,0,0,0,0,0,0,0,0,0,0,0,0,113,0,0,0,0,0,0,0,113,0,0,0,0,0,0,0,0,0,0,0,0,0,0,0,0,0,0,0
0,0,0,0,0,0,0,0,0,0,0,0,0,0,0,0,0,0,0,0,0,0,0,0,0,0,79,0,0,0,0,0,0,0,79,0,0,0,0,0,0,0,0,0,0,0,0,0,0,0,0,0,0,0
0,0,0,0,0,0,0,0,0,0,0,0,0,0,0,0,0,0,0,0,0,0,0,0,0,0,102,0,0,0,0,0,0,0,102,0,0,0,0,0,0,0,0,0,0,0,0,0,0,0,0,0,0,0
0,0,0,0,0,0,0,0,0,0,0,0,0,0,0,0,0,0,0,0,0,0,0,0,0,0,127,0,0,0,0,0,0,0,127,0,0,0,0,0,0,0,0,0,0,0,0,0,0,0,0,0,0,0
0,0,0,0,0,0,0,0,0,0,0,0,0,0,0,0,0,0,0,0,0,0,0,0,0,0,134,0,0,0,0,0,0,0,134,0,0,0,0,0,0,0,0,0,0,0,0,0,0,0,0,0,0,0
0,0,0,0,0,0,0,0,0,0,0,0,0,0,0,0,0,0,0,0,0,0,0,0,0,0,122,0,0,0,0,0,0,0,122,0,0,0,0,0,0,0,0,0,0,0,0,0,0,0,0,0,0,0
0,0,0,0,0,0,0,0,0,0,0,0,0,0,0,0,0,0,0,0,0,0,0,0,0,0,110,0,0,0,0,0,0,0,110,0,0,0,0,0,0,0,0,0,0,0,0,0,0,0,0,0,0,0
0,0,0,0,0,0,0,0,0,0,0,0,0,0,0,0,0,0,0,0,0,0,0,0,0,0,138,0,0,0,0,0,0,0,138,0,0,0,0,0,0,0,0,0,0,0,0,0,0,0,0,0,0,0
0,0,0,0,0,0,0,0,0,0,0,0,0,0,0,0,0,0,0,0,0,0,0,0,0,0,113,0,0,0,0,0,0,0,113,0,0,0,0,0,0,0,0,0,0,0,0,0,0,0,0,0,0,0
0,0,0,0,0,0,0,0,0,0,0,0,0,0,0,0,0,0,0,0,0,0,0,0,0,0,130,0,0,20,0,0,0,0,130,0,0,0,0,20,0,0,0,0,0,0,0,0,0,0,0,0,0,0
0,0,0,0,0,0,0,0,0,0,0,0,0,0,0,0,0,0,0,0,0,0,0,0,0,0,82,0,0,0,0,0,0,0,82,0,0,0,0,0,0,0,0,0,0,0,0,0,0,0,0,0,0,0
0,0,0,0,0,0,0,0,0,0,0,0,0,0,0,0,0,0,0,0,0,0,0,0,0,0,75,0,0,0,0,0,0,0,75,0,0,0,0,0,0,0,0,0,0,0,0,0,0,0,0,0,0,0
0,0,0,0,0,0,0,0,0,0,0,0,0,0,0,0,0,0,0,0,0,0,0,0,0,0,88,0,0,0,0,0,0,0,88,0,0,0,0,0,0,0,0,0,0,0,0,0,0,0,0,0,0,0
0,0,0,0,0,0,0,0,0,0,0,0,0,0,0,0,0,0,0,0,0,0,0,0,0,0,39,0,0,0,0,0,0,0,39,0,0,0,0,0,0,0,0,0,0,0,0,0,0,0,0,0,0,0
0,0,0,0,0,0,0,0,0,0,0,0,0,0,0,0,0,0,0,0,0,0,0,0,0,0,29,0,0,0,0,0,0,0,29,0,0,0,0,0,0,0,0,0,0,0,0,0,0,0,0,0,0,0
0,0,0,0,0,0,0,0,0,0,0,0,0,0,0,0,0,0,0,0,0,0,0,0,0,0,26,0,0,0,0,0,0,0,26,0,0,0,0,0,0,0,0,0,0,0,0,0,0,0,0,0,0,0
0,0,0,0,0,0,0,0,0,0,0,0,0,0,0,0,0,0,0,0,0,0,0,0,0,0,35,0,0,0,0,0,0,0,35,0,0,0,0,0,0,0,0,0,0,0,0,0,0,0,0,0,0,0
0,0,0,0,0,0,0,0,0,0,0,0,0,0,0,0,0,0,0,0,0,0,0,0,0,0,0,0,0,0,0,0,0,0,0,0,0,0,0,0,0,0,0,0,0,0,0,0,0,0,0,0,0,0
0,0,0,0,0,0,0,0,0,0,0,0,0,0,0,0,0,0,0,0,0,0,0,0,0,0,22,0,0,0,0,0,0,0,22,0,0,0,0,0,0,0,0,0,0,0,0,0,0,0,0,0,0,0
0,0,0,0,0,0,0,0,0,0,0,0,0,0,0,0,0,0,0,0,0,0,0,0,0,0,0,0,0,0,0,0,0,0,0,0,0,0,0,0,0,0,0,0,0,0,0,0,0,0,0,0,0,0
0,0,0,0,0,0,0,0,0,0,0,0,0,0,0,0,0,0,0,0,0,0,0,0,0,0,0,0,0,0,0,0,0,0,0,0,0,0,0,0,0,0,0,0,0,0,0,0,0,0,0,0,0,0
0,0,0,0,0,0,0,0,0,0,0,0,0,0,0,0,0,0,0,0,0,0,0,0,0,0,0,0,0,0,0,0,0,0,0,0,0,0,0,0,0,0,0,0,0,0,0,0,0,0,0,0,0,0
0,0,0,0,0,0,0,0,0,0,0,0,0,0,0,0,0,0,0,0,0,0,0,0,0,0,0,0,0,0,0,0,0,0,0,0,0,0,0,0,0,0,0,0,0,0,0,0,0,0,0,0,0,0
0,0,0,0,0,0,0,0,0,0,0,0,0,0,0,0,0,0,0,0,0,0,0,0,0,0,0,0,0,0,0,0,0,0,0,0,0,0,0,0,0,0,0,0,0,0,0,0,0,0,0,0,0,0
0,0,0,0,0,0,0,0,0,0,0,0,0,0,0,0,0,0,0,0,0,0,0,0,0,0,50,0,0,32,0,0,0,0,50,0,0,0,0,32,0,0,0,42,0,0,0,0,0,0,0,0,0,0
0,0,0,0,0,0,0,0,0,0,0,0,0,0,0,0,0,0,0,0,0,0,0,0,0,0,84,0,0,0,0,0,0,0,84,0,0,0,0,0,0,0,0,84,0,0,0,0,0,0,0,0,0,0
0,0,0,0,0,0,0,0,0,0,0,0,0,0,0,0,0,0,0,0,0,0,0,0,0,0,29,0,0,0,0,0,0,0,29,0,0,0,0,0,0,0,0,29,0,0,0,0,0,0,0,0,0,0
0,0,0,0,0,0,0,0,0,0,0,0,0,0,0,0,0,0,0,0,0,0,0,0,0,0,20,0,0,28,0,0,0,0,20,0,0,0,0,28,0,0,0,20,0,0,0,0,0,0,0,0,0,0
0,0,0,0,0,0,0,0,0,0,0,0,0,0,0,0,0,0,0,0,0,0,0,0,0,0,44,0,0,0,0,0,0,0,44,0,0,0,0,0,0,0,0,44,0,0,0,0,0,0,0,0,0,0
0,0,0,0,0,0,0,0,0,0,0,0,0,0,0,0,0,0,0,0,0,0,0,0,0,0,21,0,0,0,0,0,0,0,21,0,0,0,0,0,0,0,0,21,0,0,0,0,0,0,0,0,0,0
0,0,0,0,0,0,0,0,0,0,0,0,0,0,0,0,0,0,0,0,0,0,0,0,0,0,50,0,0,20,0,0,0,0,50,0,0,0,0,20,0,0,0,50,0,0,0,0,0,0,0,0,0,0
0,0,0,0,0,0,0,0,0,0,0,0,0,0,0,0,0,0,0,0,0,0,0,0,0,0,28,0,0,0,0,0,0,0,28,0,0,0,0,0,0,0,0,28,0,0,0,0,0,0,0,0,0,0
0,0,0,0,0,0,0,0,0,0,0,0,0,0,0,0,0,0,0,0,0,0,0,0,0,0,0,0,0,25,0,0,0,0,0,0,0,0,0,25,0,0,0,0,0,0,0,0,0,0,0,0,0,0
0,0,0,0,0,0,0,0,0,0,0,0,0,0,0,0,0,0,0,0,0,0,0,0,0,0,87,0,0,0,0,0,0,0,87,0,0,0,0,0,0,0,0,87,0,0,0,0,0,0,0,0,0,0
0,0,0,0,0,0,0,0,0,0,0,0,0,0,0,0,0,0,0,0,0,0,0,0,0,0,82,0,0,0,0,0,0,0,82,0,0,0,0,0,0,0,0,82,0,0,0,0,0,0,0,0,0,0
0,0,0,0,0,0,0,0,0,0,0,0,0,0,0,0,0,0,0,0,0,0,0,0,0,0,92,0,0,0,0,0,0,0,92,0,0,0,0,0,0,0,0,92,0,0,0,0,0,0,0,0,0,0
0,0,0,0,0,0,0,0,0,0,0,0,0,0,0,0,0,0,0,0,0,0,0,0,0,0,46,0,0,31,0,0,0,0,46,0,0,0,0,31,0,0,0,46,0,0,0,0,0,0,0,0,0,0
0,0,0,0,0,0,0,0,0,0,0,0,0,0,0,0,0,0,0,0,0,0,0,0,0,0,35,0,0,0,0,0,0,0,35,0,0,0,0,0,0,0,0,35,0,0,0,0,0,0,0,0,0,0
0,0,0,0,0,0,0,0,0,0,0,0,0,0,0,0,0,0,0,0,0,0,0,0,0,0,29,0,0,0,0,0,0,0,29,0,0,0,0,0,0,0,0,29,0,0,0,0,0,0,0,0,0,0
0,0,0,0,0,0,0,0,0,0,0,0,0,0,0,0,0,0,0,0,0,0,0,0,0,0,0,0,0,0,0,0,0,0,0,0,0,0,0,0,0,0,0,0,0,0,0,0,0,0,0,0,0,0
0,0,0,0,0,0,0,0,0,0,0,0,0,0,0,0,0,0,0,0,0,0,0,0,0,0,53,0,0,0,0,0,0,0,53,0,0,0,0,0,0,0,0,53,0,0,0,0,0,0,0,0,0,0
0,0,0,0,0,0,0,0,0,0,0,0,0,0,0,0,0,0,0,0,0,0,0,0,0,0,25,0,0,0,0,0,0,0,25,0,0,0,0,0,0,0,0,25,0,0,0,0,0,0,0,0,0,0
0,0,0,0,0,0,0,0,0,0,0,0,0,0,0,0,0,0,0,0,0,0,0,0,0,0,48,0,0,0,0,0,0,0,48,0,0,0,0,0,0,0,0,48,0,0,0,0,0,0,0,0,0,0
0,0,0,0,0,0,0,0,0,0,0,0,0,0,0,0,0,0,0,0,0,0,0,0,0,0,36,0,0,0,0,0,0,0,36,0,0,0,0,0,0,0,0,36,0,0,0,0,0,0,0,0,0,0
0,0,0,0,0,0,0,0,0,0,0,0,0,0,0,0,0,0,0,0,0,0,0,0,0,0,82,0,0,0,0,0,0,0,82,0,0,0,0,0,0,0,0,82,0,0,0,0,0,0,0,0,0,0
0,0,0,0,0,0,0,0,0,0,0,0,0,0,0,0,0,0,0,0,0,0,0,0,0,0,28,0,0,0,0,0,0,0,28,0,0,0,0,0,0,0,0,28,0,0,0,0,0,0,0,0,0,0
0,0,0,0,0,0,0,0,0,0,0,0,0,0,0,0,0,0,0,0,0,0,0,0,0,0,76,0,0,0,0,0,0,0,76,0,0,0,0,0,0,0,0,76,0,0,0,0,0,0,0,0,0,0
0,0,0,0,0,0,0,0,0,0,0,0,0,0,0,0,0,0,0,0,0,0,0,0,0,0,88,0,0,0,0,0,0,0,88,0,0,0,0,0,0,0,0,88,0,0,0,0,0,0,0,0,0,0
0,0,0,0,0,0,0,0,0,0,0,0,0,0,0,0,0,0,0,0,0,0,0,0,0,0,101,0,0,0,0,0,0,0,101,0,0,0,0,0,0,0,0,101,0,0,0,0,0,0,0,0,0,0
0,0,0,0,0,0,0,0,0,0,0,0,0,0,0,0,0,0,0,0,0,0,0,0,0,0,86,0,0,0,0,0,0,0,86,0,0,0,0,0,0,0,0,86,0,0,0,0,0,0,0,0,0,0
0,0,0,0,0,0,0,0,0,0,0,0,0,0,0,0,0,0,0,0,0,0,0,0,0,0,81,0,0,0,0,0,0,0,81,0,0,0,0,0,0,0,0,81,0,0,0,0,0,0,0,0,0,0
0,0,0,0,0,0,0,0,0,0,0,0,0,0,0,0,0,0,0,0,0,0,0,0,0,0,55,0,0,0,0,0,0,0,55,0,0,0,0,0,0,0,0,55,0,0,0,0,0,0,0,0,0,0
0,0,0,0,0,0,0,0,0,0,0,0,0,0,0,0,0,0,0,0,0,0,0,0,0,0,0,0,0,0,0,0,0,0,0,0,0,0,0,0,0,0,0,0,0,0,0,0,0,0,0,0,0,0
0,0,0,0,0,0,0,0,0,0,0,0,0,0,0,0,0,0,0,0,0,0,0,0,0,0,39,0,0,0,0,0,0,0,39,0,0,0,0,0,0,0,0,39,0,0,0,0,0,0,0,0,0,0
0,0,0,0,0,0,0,0,0,0,0,0,0,0,0,0,0,0,0,0,0,0,0,0,0,0,24,0,0,0,0,0,0,0,24,0,0,0,0,0,0,0,0,24,0,0,0,0,0,0,0,0,0,0
0,0,0,0,0,0,0,0,28,0,0,0,0,0,0,0,28,0,0,0,0,0,28,0,0,0,47,0,0,0,0,0,0,0,47,0,0,0,0,0,0,0,0,47,0,0,0,0,0,0,0,0,0,0
0,0,0,0,0,0,0,0,0,0,0,0,0,0,0,0,0,0,0,0,0,0,0,0,0,0,47,0,0,0,0,0,0,0,47,0,0,0,0,0,0,0,0,47,0,0,0,0,0,0,0,0,0,0
0,0,0,0,0,0,0,0,0,0,0,0,0,0,0,0,0,0,0,0,0,0,0,0,0,0,27,0,0,0,0,0,0,0,27,0,0,0,0,0,0,0,0,27,0,0,0,0,0,0,0,0,0,0
0,0,0,0,0,0,0,0,0,0,0,0,0,0,0,0,0,0,0,0,0,0,0,0,0,0,0,0,0,0,0,0,0,0,0,0,0,0,0,0,0,0,0,0,0,0,0,0,0,0,0,0,0,0
0,0,0,0,0,0,0,0,0,0,0,0,0,0,0,0,0,0,0,0,0,0,0,0,0,0,0,0,0,0,0,0,0,0,0,0,0,0,0,0,0,0,0,0,0,0,0,0,0,0,0,0,0,0
0,0,0,0,0,0,0,0,0,0,0,0,0,0,0,0,0,0,0,0,0,0,0,0,0,0,47,0,0,0,0,0,0,0,47,0,0,0,0,0,0,0,0,47,0,0,0,0,0,0,0,0,0,0
0,0,0,0,0,0,0,0,0,0,0,0,0,0,0,0,0,0,0,0,0,0,0,0,0,0,0,0,0,0,0,0,0,0,0,0,0,0,0,0,0,0,0,0,0,0,0,0,0,0,0,0,0,0
0,0,0,0,0,0,0,0,0,0,0,0,0,0,0,0,0,0,0,0,0,0,0,0,0,0,58,0,0,0,0,0,0,0,58,0,0,0,0,0,0,0,0,58,0,0,0,0,0,0,0,0,0,0
0,0,0,0,0,0,0,0,0,0,0,0,0,0,0,0,0,0,0,0,0,0,0,0,0,0,85,0,0,0,0,0,0,0,85,0,0,0,0,0,0,0,0,85,0,0,0,0,0,0,0,0,0,0
0,0,0,0,0,0,0,0,0,0,0,0,0,0,0,0,0,0,0,0,0,0,0,0,0,0,0,0,0,0,0,0,0,0,0,0,0,0,0,0,0,0,0,0,0,0,0,0,0,0,0,0,0,0
0,0,0,0,0,0,0,0,0,0,0,0,0,0,0,0,0,0,0,0,0,0,0,0,0,0,0,0,0,0,0,0,0,0,0,0,0,0,0,0,0,0,0,0,0,0,0,0,0,0,0,0,0,0
0,0,0,0,0,0,0,0,0,0,0,0,0,0,0,0,0,0,0,0,0,0,0,0,0,0,24,0,0,0,0,0,0,0,24,0,0,0,0,0,0,0,0,24,0,0,0,0,0,0,0,0,0,0
0,0,0,0,0,0,0,0,0,0,0,0,0,0,0,0,0,0,0,0,0,0,0,0,0,0,0,0,0,0,0,0,0,0,0,0,0,0,0,0,0,0,0,0,0,0,0,0,0,0,0,0,0,0
0,0,0,0,0,0,0,0,0,0,0,0,0,0,0,0,0,0,0,0,0,0,0,0,0,0,0,0,0,0,0,0,0,0,0,0,0,0,0,0,0,0,0,0,0,0,0,0,0,0,0,0,0,0
0,0,0,0,0,0,0,0,0,0,0,0,0,0,0,0,0,0,0,0,0,0,0,0,0,0,21,0,0,0,0,0,0,0,21,0,0,0,0,0,0,0,0,21,0,0,0,0,0,0,0,0,0,0
0,0,0,0,0,0,0,0,0,0,0,0,0,0,0,0,0,0,0,0,0,0,0,0,0,0,0,0,0,39,0,0,0,0,0,0,0,0,0,39,0,0,0,0,0,0,0,0,0,0,0,0,0,0
0,0,0,0,0,0,0,0,0,0,0,0,0,0,0,0,0,0,0,0,0,0,0,0,0,0,0,0,0,36,0,0,0,0,0,0,0,0,0,36,0,0,0,0,0,0,0,0,0,0,0,0,0,0
0,0,0,0,0,0,0,0,25,0,0,0,0,0,0,0,25,0,0,0,0,0,25,0,0,0,0,0,0,35,0,0,0,0,0,0,0,0,0,35,0,0,0,0,0,0,0,0,0,0,0,0,0,0
0,0,0,0,0,0,0,0,0,0,0,0,0,0,0,0,0,0,0,0,0,0,0,0,0,0,46,0,0,23,0,0,0,0,46,0,0,0,0,23,0,0,0,46,0,0,0,0,0,0,0,0,0,0
0,0,0,0,0,0,0,0,0,0,0,0,0,0,0,0,0,0,0,0,0,0,0,0,0,0,0,0,0,34,0,0,0,0,0,0,0,0,0,34,0,0,0,0,0,0,0,0,0,0,0,0,0,0
0,0,0,0,0,0,0,0,0,0,0,0,0,0,0,0,0,0,0,0,0,0,0,0,0,0,0,0,0,28,0,0,0,0,0,0,0,0,0,28,0,0,0,0,0,0,0,0,0,0,0,0,0,0
0,0,0,0,0,0,0,0,33,0,0,0,0,0,0,0,33,0,0,0,0,0,33,0,0,0,0,0,0,31,0,0,0,0,0,0,0,0,0,31,0,0,0,0,0,0,0,0,0,0,0,0,0,0
0,0,0,0,0,0,0,0,23,0,0,0,0,0,0,0,23,0,0,0,0,0,23,0,0,0,0,0,0,0,0,0,0,0,0,0,0,0,0,0,0,0,0,0,0,0,0,0,0,0,0,0,0,0
0,0,0,0,0,0,0,0,0,0,0,0,0,0,0,0,0,0,0,0,0,0,0,0,0,0,0,0,0,26,0,0,0,0,0,0,0,0,0,26,0,0,0,0,0,0,0,0,0,0,0,0,0,0
0,0,0,0,0,0,0,0,0,0,0,0,0,0,0,0,0,0,0,0,0,0,0,0,0,0,0,0,0,21,0,0,0,0,0,0,0,0,0,21,0,0,0,0,0,0,0,0,0,0,0,0,0,0
0,0,0,0,0,0,0,0,0,0,0,0,0,0,0,0,0,0,0,0,0,0,0,0,0,0,36,0,0,31,0,0,0,0,36,0,0,0,0,31,0,0,0,36,20,0,0,0,0,0,0,0,0,0
0,0,0,0,0,0,0,0,33,0,0,0,0,0,0,0,33,0,0,0,0,0,33,0,0,0,0,0,0,25,0,0,0,0,0,0,0,0,0,25,0,0,0,0,0,0,0,0,0,0,0,0,0,0
0,23,23,0,23,0,0,0,24,0,0,0,0,0,0,0,24,0,0,0,0,0,24,0,0,23,0,0,0,40,0,0,0,0,0,0,0,0,0,40,0,0,0,0,0,0,0,0,0,0,0,0,0,0
0,0,0,0,0,0,0,0,0,0,0,0,0,0,0,0,0,0,0,0,0,0,0,0,0,0,0,0,0,66,0,0,0,0,0,0,0,0,0,66,0,0,0,0,0,0,0,0,0,0,0,0,0,0
0,0,0,0,0,0,0,0,0,0,0,0,0,0,0,0,0,0,0,0,0,0,0,0,0,0,0,0,0,38,0,0,0,0,0,0,0,0,0,38,0,0,0,0,0,0,0,0,0,0,0,0,0,0
0,0,0,0,0,0,0,0,0,0,0,0,0,0,0,0,0,0,0,0,0,0,0,0,0,0,0,0,0,38,0,0,0,0,0,0,0,0,0,38,0,0,0,0,0,0,0,0,0,0,0,0,0,0
0,0,0,0,0,0,0,0,0,0,0,0,0,0,0,0,0,0,0,0,0,0,0,0,0,0,0,0,0,43,0,0,0,0,0,0,0,0,0,43,0,0,0,0,0,0,0,0,0,0,0,0,0,0
0,0,0,0,0,0,0,0,0,0,0,0,0,0,0,0,0,0,0,0,0,0,0,0,0,0,0,0,0,39,0,0,0,0,0,0,0,0,0,39,0,0,0,0,0,33,0,0,0,0,0,0,0,0
0,0,0,0,0,0,0,0,20,0,0,0,0,0,0,0,20,0,0,0,0,0,20,0,0,0,0,0,0,60,0,0,0,0,0,0,0,0,0,60,0,0,0,0,0,0,0,0,0,0,0,0,0,0
0,0,0,0,0,0,0,0,24,0,0,0,0,0,0,0,24,0,0,0,0,0,24,0,0,0,0,0,0,24,0,0,0,0,0,0,0,0,0,24,0,0,0,0,20,0,0,0,0,0,0,0,0,0
0,0,0,0,0,0,0,0,20,0,0,0,0,0,0,0,20,0,0,0,0,0,20,0,0,0,0,0,0,41,0,0,0,0,0,0,0,0,0,41,0,0,0,0,0,41,0,0,0,0,0,0,0,0
0,0,0,0,0,0,0,0,20,0,0,0,0,0,0,0,20,0,0,0,0,0,20,0,0,0,0,0,0,57,0,0,0,0,0,0,0,0,0,57,0,0,0,0,0,57,0,0,0,0,0,0,0,0
0,21,21,0,21,0,0,0,0,0,0,0,0,0,0,0,0,0,0,0,0,0,0,0,0,21,0,0,0,38,0,0,0,0,0,0,0,0,0,38,0,0,0,0,0,38,0,0,0,0,0,0,0,0
0,0,0,0,0,0,0,0,0,0,0,0,0,0,0,0,0,0,0,0,0,0,0,0,0,0,0,0,0,34,0,0,0,0,0,0,0,0,0,34,0,0,0,0,0,34,0,0,0,0,0,0,0,0
0,0,0,0,0,0,0,0,30,0,0,0,0,0,0,0,30,0,0,0,0,0,30,0,0,0,0,0,0,41,0,0,0,0,0,0,0,0,0,41,0,0,0,0,47,41,0,0,0,0,0,0,0,0
0,0,0,0,0,0,0,0,29,0,0,0,0,0,0,0,29,0,0,0,0,0,29,0,0,0,0,0,0,25,0,0,0,0,0,0,0,0,0,25,0,0,0,0,25,25,0,0,0,0,0,0,0,0
0,23,23,0,23,0,0,0,32,0,0,0,0,0,0,0,32,0,0,0,0,0,32,0,0,23,0,0,0,65,0,0,0,0,0,0,0,0,0,65,0,0,0,0,0,65,0,0,0,0,0,0,0,0
0,0,0,0,0,0,0,0,0,0,0,0,0,0,0,0,0,0,0,0,0,0,0,0,0,0,0,0,0,80,0,0,0,0,0,0,0,0,0,80,0,0,0,0,0,80,0,0,0,0,0,0,0,0
0,0,0,0,0,0,0,0,0,0,0,0,0,0,0,0,0,0,0,0,0,0,0,0,0,0,0,0,0,53,0,0,0,0,0,0,0,0,0,53,0,0,0,0,21,53,0,0,0,0,0,0,0,0
0,31,31,0,31,0,0,0,0,0,0,0,0,0,0,0,0,0,0,0,0,0,0,0,0,31,0,0,0,56,0,0,0,0,0,0,0,0,0,56,0,0,0,0,0,56,0,0,0,0,0,0,0,0
0,0,0,0,0,0,0,0,0,0,0,0,0,0,0,0,0,0,0,0,0,0,0,0,0,0,0,0,0,49,0,0,0,0,0,0,0,0,0,49,0,0,0,0,0,49,0,0,0,0,0,0,0,0
0,21,21,0,21,0,0,0,39,0,0,0,0,0,0,0,39,0,0,0,0,0,39,0,0,21,0,0,0,51,0,0,0,0,0,0,0,0,0,51,0,0,0,0,0,51,0,0,0,0,0,0,0,0
0,0,0,0,0,0,0,0,0,0,0,0,0,0,0,0,0,0,0,0,0,0,0,0,0,0,0,0,0,63,0,0,0,0,0,0,0,0,0,63,0,0,0,0,0,63,0,0,0,0,0,0,0,0
0,47,47,0,47,0,0,0,0,0,0,0,0,0,0,0,0,0,0,0,0,0,0,0,0,47,0,0,0,54,0,0,0,0,0,0,0,0,0,54,0,0,0,0,0,54,0,0,0,0,0,0,0,0
0,25,25,0,25,0,0,0,0,0,0,0,0,0,0,0,0,0,0,0,0,0,0,0,0,25,0,0,0,33,0,0,0,0,0,0,0,0,0,33,0,0,0,0,0,33,0,0,0,0,0,0,0,0
0,34,34,0,34,0,0,0,22,0,0,0,0,0,0,0,22,0,0,0,0,0,22,0,0,34,0,0,0,47,0,0,0,0,0,0,0,0,0,47,0,0,0,0,0,47,0,0,0,0,0,0,0,0
0,0,0,0,0,0,0,0,26,0,0,0,0,0,0,0,26,0,0,0,0,0,26,0,0,0,0,0,0,36,0,0,0,0,0,0,0,0,0,36,0,0,0,0,0,36,0,0,0,0,0,0,0,0
0,0,0,0,0,0,0,0,0,0,0,0,0,0,0,0,0,0,0,0,0,0,0,0,0,0,0,0,0,45,0,0,0,0,0,0,0,0,0,45,0,0,0,0,0,45,0,0,0,0,0,0,0,0
0,0,0,0,0,0,0,0,20,0,0,0,0,0,0,0,20,0,0,0,0,0,20,0,0,0,0,0,0,27,0,0,0,0,0,0,0,0,0,27,0,0,0,0,0,27,0,0,0,0,0,0,0,0
0,0,0,0,0,0,0,0,0,0,0,0,0,0,0,0,0,0,0,0,0,0,0,0,0,0,0,0,0,32,0,0,0,0,0,0,0,0,0,32,0,0,0,0,24,32,0,0,0,0,0,0,0,0
0,0,0,0,0,0,0,0,0,0,0,0,0,0,0,0,0,0,0,0,0,0,0,0,0,0,0,0,0,39,0,0,0,0,0,0,0,0,0,39,0,0,0,0,43,39,0,0,0,0,0,0,0,0
0,0,0,0,0,0,0,0,24,0,0,0,0,0,0,0,24,0,0,0,0,0,24,0,0,0,0,0,0,22,0,0,0,0,0,0,0,0,0,22,0,0,0,0,0,22,0,0,0,0,0,0,0,0
0,0,0,0,0,0,0,0,0,0,0,0,0,0,0,0,0,0,0,0,0,0,0,0,0,0,0,0,0,40,0,0,0,0,0,0,0,0,0,40,0,0,0,0,0,40,0,0,0,0,0,0,0,0
0,22,22,0,22,0,0,0,0,0,0,0,0,0,0,0,0,0,0,0,0,0,0,0,0,22,0,0,0,29,0,0,0,0,0,0,0,0,0,29,0,0,0,0,60,29,0,0,0,0,0,0,0,0
0,0,0,0,0,0,0,0,0,0,0,0,0,0,0,0,0,0,0,0,0,0,0,0,0,0,0,0,0,33,0,0,0,0,0,0,0,0,0,33,0,0,0,0,0,33,0,0,0,0,0,0,0,0
0,25,25,0,25,0,0,0,0,0,0,0,0,0,0,0,0,0,0,0,0,0,0,0,0,25,0,0,0,0,0,0,0,0,0,0,0,0,0,0,0,0,0,0,0,0,0,0,0,0,0,0,0,0
0,0,0,0,0,0,0,0,0,0,0,0,0,0,0,0,0,0,0,0,0,0,0,0,0,0,0,0,0,0,0,0,0,0,0,0,0,0,0,0,0,0,0,0,21,0,0,0,0,0,0,0,0,0
0,0,0,0,0,0,0,0,0,0,0,0,0,0,0,0,0,0,0,0,0,0,0,0,0,0,0,0,0,30,0,0,0,0,0,0,0,0,0,30,0,0,0,0,0,30,0,0,0,0,0,0,0,0
0,0,0,0,0,0,0,0,20,0,0,0,0,0,0,0,20,0,0,0,0,0,20,0,0,0,0,0,0,39,0,0,0,0,0,0,0,0,0,39,0,0,0,0,0,39,0,0,0,0,0,0,0,0
0,0,0,0,0,0,0,0,0,0,0,0,0,0,0,0,0,0,0,0,0,0,0,0,0,0,0,0,0,22,0,0,0,0,0,0,0,0,0,22,0,0,0,0,0,22,0,0,0,0,0,0,0,0
0,0,0,0,0,0,0,0,0,0,0,0,0,0,0,0,0,0,0,0,0,0,0,0,0,0,0,0,0,25,0,0,0,0,0,0,0,0,0,25,0,0,0,0,37,25,0,0,0,0,0,0,0,0
0,0,0,0,0,0,0,0,0,0,0,0,0,0,0,0,0,0,0,0,0,0,0,0,0,0,0,0,0,32,0,0,0,0,0,0,0,0,0,32,0,0,0,0,0,32,0,0,0,0,0,0,0,0
0,0,0,0,0,0,0,0,0,0,0,0,0,0,0,0,0,0,0,0,0,0,0,0,0,0,0,0,0,21,0,0,0,0,0,0,0,0,0,21,0,0,0,0,0,21,0,0,0,0,0,0,0,0
0,0,0,0,0,0,0,0,0,0,0,0,0,0,0,0,0,0,0,0,0,0,0,0,0,0,0,0,0,20,0,0,0,0,0,0,0,0,0,20,0,0,0,0,0,20,0,0,0,0,0,0,0,0
0,0,0,0,0,0,0,0,0,0,0,0,0,0,0,0,0,0,0,0,0,0,0,0,0,0,0,0,0,27,0,0,0,0,0,0,0,0,0,27,0,0,0,0,0,27,0,0,0,0,0,0,0,0
0,0,0,0,0,0,0,0,0,0,0,0,0,0,0,0,0,0,0,0,0,0,0,0,0,0,0,0,0,24,0,0,0,0,0,0,0,0,0,24,0,0,0,0,0,24,0,0,0,0,0,0,0,0
0,0,0,0,0,0,0,0,0,0,0,0,0,0,0,0,0,0,0,0,0,0,0,0,0,0,0,0,0,31,0,0,0,0,0,0,0,0,0,31,0,0,0,0,51,31,0,0,0,0,0,0,0,0
0,0,0,0,0,0,0,0,0,0,0,0,0,0,0,0,0,0,0,0,0,0,0,0,0,0,0,0,0,33,0,0,0,0,0,0,0,0,0,33,0,0,0,0,0,33,0,0,0,0,0,0,0,0
0,0,0,0,0,0,0,0,0,0,0,0,0,0,0,0,0,0,0,0,0,0,0,0,0,0,0,0,0,47,0,0,0,0,0,0,0,0,0,47,0,0,0,0,0,47,0,0,0,0,0,0,0,0
0,0,0,0,0,0,0,0,25,0,0,0,0,0,0,0,25,0,0,0,0,0,25,0,0,0,0,0,0,32,0,0,0,0,0,0,0,0,0,32,0,0,0,0,23,32,0,0,0,0,0,0,0,0
0,0,0,0,0,0,0,0,0,0,0,0,0,0,0,0,0,0,0,0,0,0,0,0,0,0,0,0,0,40,0,0,0,0,0,0,0,0,0,40,0,0,0,0,0,40,0,0,0,0,0,0,0,0
0,0,0,0,0,0,0,0,0,0,0,0,0,0,0,0,0,0,0,0,0,0,0,0,0,0,0,0,0,39,0,0,0,0,0,0,0,0,0,39,0,0,22,0,24,39,24,0,0,0,0,0,0,0
0,0,0,0,0,0,0,0,0,0,0,0,0,0,0,0,0,0,0,0,0,0,0,0,0,0,0,0,0,24,0,0,0,0,0,0,0,0,0,24,0,0,0,0,0,24,27,0,0,0,0,0,0,0
0,0,0,0,0,0,0,0,0,0,0,0,0,0,0,0,0,0,0,0,0,0,0,0,0,0,0,0,0,0,0,0,0,0,0,0,0,0,0,0,0,0,23,0,0,0,0,0,0,0,0,0,0,0
0,0,0,0,0,0,0,0,55,0,0,0,0,0,0,0,55,0,0,0,0,0,55,0,0,0,0,0,0,0,0,0,0,0,0,0,0,0,0,0,0,0,0,0,50,0,0,0,0,0,0,0,0,0
0,0,0,0,0,0,0,0,0,0,0,0,0,0,0,0,0,0,0,0,0,0,0,0,0,0,0,0,0,23,0,0,0,0,0,0,0,0,0,23,0,0,0,0,33,23,34,0,0,0,0,0,0,0
0,0,0,0,0,0,0,0,0,0,0,0,0,0,0,0,0,0,0,0,0,0,0,0,0,0,0,0,0,0,0,0,0,0,0,0,0,0,0,0,0,0,0,0,0,0,0,0,0,0,0,0,0,0
0,0,0,0,0,0,0,0,0,0,0,0,0,0,0,0,0,0,0,0,0,0,0,0,0,0,0,0,0,0,0,0,0,0,0,0,0,0,0,0,0,0,0,0,0,0,20,0,0,0,0,0,0,0
0,0,0,0,0,0,0,0,0,0,0,0,0,0,0,0,0,0,0,0,0,0,0,0,0,0,0,0,0,0,0,0,0,0,0,0,0,0,0,0,0,0,0,0,20,0,0,0,0,0,0,0,0,0
0,0,0,0,0,0,0,0,0,0,0,0,0,0,0,0,0,0,0,0,0,0,0,0,0,0,0,0,0,0,0,0,0,0,0,0,0,0,0,0,0,0,0,0,0,0,36,0,0,0,0,0,0,0
0,0,0,0,0,0,0,0,0,0,0,0,0,0,0,0,0,0,0,0,0,0,0,0,0,0,0,0,0,0,0,0,0,0,0,0,0,0,0,0,0,0,0,0,0,0,20,0,0,0,0,0,0,0
0,0,0,0,0,0,0,0,0,0,0,0,0,0,0,0,0,0,0,0,0,0,0,0,0,0,0,0,0,0,0,0,0,0,0,0,0,0,0,0,0,0,0,0,0,0,44,0,0,0,0,0,0,0
0,0,0,0,0,0,0,0,0,0,0,0,0,0,0,0,0,0,0,0,0,0,0,0,0,0,0,0,0,21,0,0,0,0,0,0,0,0,0,21,0,0,0,0,24,21,89,22,0,0,0,0,0,0
0,0,0,0,0,0,0,0,0,0,0,0,0,0,0,0,0,0,0,0,0,0,0,0,0,0,0,0,0,31,0,0,0,0,0,0,0,0,0,31,0,0,0,0,0,31,139,0,23,0,0,0,0,0
0,0,0,0,0,0,0,0,0,0,0,0,0,0,0,0,0,0,0,0,0,0,0,0,0,0,0,0,0,21,0,0,0,0,0,0,0,0,0,21,0,0,0,0,0,21,126,0,0,0,0,0,0,0
0,0,0,0,0,0,0,0,0,0,0,0,0,0,0,0,0,0,0,0,0,0,0,0,0,0,0,0,0,0,0,0,0,0,0,0,0,0,0,0,0,0,0,0,0,0,101,0,0,0,0,0,0,0
0,0,0,0,0,0,0,0,24,0,0,0,0,0,0,0,24,0,0,0,0,0,24,0,0,0,0,0,0,0,0,0,0,0,0,0,0,0,0,0,0,0,0,0,0,0,190,0,0,0,0,0,0,0
0,0,0,0,0,0,0,0,0,0,0,0,0,0,0,0,0,0,0,0,0,0,0,0,0,0,0,0,0,0,0,0,0,0,0,0,0,0,0,0,0,0,0,0,0,0,130,0,0,0,0,0,0,0
0,0,0,0,0,0,0,0,0,0,0,0,0,0,0,0,0,0,0,0,0,0,0,0,0,0,0,0,0,0,0,0,0,0,0,0,0,0,0,0,0,0,0,0,38,0,193,38,23,0,0,0,0,0
0,24,24,0,24,0,0,0,24,0,0,0,0,0,0,0,24,0,0,0,0,0,24,0,0,24,0,0,0,20,0,0,0,0,0,0,0,0,0,20,0,0,0,0,39,20,173,39,26,0,0,0,0,0
0,0,0,0,0,0,0,0,0,0,0,0,0,0,0,0,0,0,0,0,0,0,0,0,0,0,0,0,0,0,0,0,0,0,0,0,0,0,0,0,0,0,0,0,0,0,155,0,0,0,0,0,0,0
0,25,25,0,25,0,0,0,25,0,0,0,0,0,0,0,25,0,0,0,0,0,25,0,0,25,0,0,0,0,0,0,0,0,0,0,0,0,0,0,0,0,0,0,30,0,146,30,0,0,0,0,0,0
0,21,21,0,21,0,0,0,21,0,0,0,0,0,0,0,21,0,0,0,0,0,21,0,0,21,0,0,0,23,0,0,0,0,0,0,0,0,0,23,0,0,0,0,37,23,113,37,0,0,0,0,0,0
0,0,0,0,0,0,0,0,0,0,0,0,0,0,0,0,0,0,0,0,0,0,0,0,0,0,0,0,0,0,0,0,0,0,0,0,0,0,0,0,0,0,0,0,48,0,147,48,0,0,0,0,0,0
0,68,68,0,68,0,0,0,68,0,0,0,0,0,0,0,68,0,0,0,0,0,68,0,0,68,0,0,0,0,0,0,0,0,0,0,0,0,0,0,0,0,0,0,68,0,79,68,0,0,0,0,0,0
0,95,95,0,95,0,0,0,95,0,0,0,0,0,0,0,95,0,0,0,0,0,95,0,0,95,0,0,0,0,0,0,0,0,0,0,0,0,0,0,0,0,0,0,95,0,101,95,0,0,0,0,0,0
0,80,80,0,80,0,0,0,80,0,0,0,0,0,0,0,80,0,0,0,0,0,80,0,0,80,0,0,0,0,0,0,0,0,0,0,0,0,0,0,0,0,0,0,80,0,109,80,0,0,0,0,0,0
0,26,26,0,26,0,0,0,26,0,0,0,0,0,0,0,26,0,0,0,0,0,26,0,0,26,0,0,0,0,0,0,0,0,0,0,0,0,0,0,0,0,0,0,26,0,134,26,0,0,0,0,0,0
0,36,36,0,36,0,0,0,36,0,0,0,0,0,0,0,36,0,0,0,0,0,36,0,0,36,0,0,0,0,0,0,0,0,0,0,0,0,0,0,0,0,0,0,36,0,130,36,0,0,0,0,0,0
0,25,25,0,25,0,0,0,25,0,0,0,0,0,0,0,25,0,0,0,0,0,25,0,0,25,0,0,0,0,0,0,0,0,0,0,0,0,0,0,0,0,0,0,25,0,141,25,0,0,0,0,0,0
0,39,39,0,39,0,0,0,39,0,0,0,0,0,0,0,39,0,0,0,0,0,39,0,0,39,0,0,0,0,0,0,0,0,0,0,0,0,0,0,0,0,0,0,39,0,166,39,35,0,0,0,0,0
0,57,57,0,57,0,0,0,57,0,0,0,0,0,0,0,57,0,0,0,0,0,57,0,0,57,0,0,0,0,0,0,0,0,0,0,0,0,0,0,0,0,0,0,57,0,150,57,24,0,0,0,0,0
0,114,114,0,114,0,0,0,114,0,0,0,0,0,0,0,114,0,0,0,0,0,114,0,0,114,22,0,0,0,0,0,0,0,22,0,0,0,0,0,0,0,0,22,114,0,258,114,24,25,0,0,0,0
0,107,107,0,107,0,0,0,107,0,0,0,0,0,0,0,107,0,0,0,0,0,107,0,0,107,0,0,0,0,0,0,0,0,0,0,0,0,0,0,0,0,0,0,107,0,252,107,23,25,0,0,0,0
0,124,124,0,124,0,0,0,124,0,0,0,0,0,0,0,124,0,0,0,0,0,124,0,0,124,0,0,0,0,0,0,0,0,0,0,0,0,0,0,0,0,0,0,124,0,216,124,25,35,0,0,0,0
0,126,126,0,126,0,0,0,126,0,0,0,0,0,0,0,126,0,0,0,0,0,126,0,0,126,0,0,0,0,0,0,0,0,0,0,0,0,0,0,0,0,0,0,126,0,172,126,0,126,0,0,0,0
0,89,89,0,89,0,0,0,89,0,0,0,0,0,0,0,89,0,0,0,0,0,89,0,0,89,0,0,0,0,0,0,0,0,0,0,0,0,0,0,0,0,0,0,89,0,216,89,0,89,41,0,0,0
0,86,86,0,86,0,0,0,86,0,0,0,0,0,0,0,86,0,0,0,0,0,86,0,0,86,0,0,0,0,0,0,0,0,0,0,0,0,0,0,0,0,0,0,86,0,164,86,0,86,36,0,0,0
0,101,101,0,101,0,0,0,101,0,0,0,0,0,0,0,101,0,0,0,0,0,101,0,0,101,0,0,0,0,0,0,0,0,0,23,0,0,0,0,0,0,0,0,101,0,199,101,0,101,45,27,0,0
0,97,97,0,97,0,0,0,97,0,0,0,0,0,0,0,97,0,0,0,0,0,97,0,0,97,0,0,0,0,0,0,0,0,0,0,0,0,0,0,0,0,0,0,97,0,241,97,0,97,23,23,0,0
0,230,230,0,230,0,0,0,230,0,0,0,0,0,0,0,230,0,0,0,0,0,230,0,0,230,0,0,0,0,0,0,0,0,0,0,0,0,0,0,0,0,0,0,230,0,224,230,0,230,29,29,0,0
0,168,168,0,168,0,0,0,168,0,0,0,0,0,0,0,168,0,0,0,0,0,168,0,0,168,0,0,0,0,0,0,0,0,0,0,0,0,0,0,0,0,0,0,168,0,242,168,0,168,22,22,0,0
0,140,140,0,140,0,0,0,140,0,0,0,0,0,0,0,140,0,0,0,0,0,140,0,0,140,0,0,0,0,0,0,0,0,0,0,0,0,0,0,0,0,0,0,140,0,244,140,0,140,36,36,22,0
0,167,167,0,167,0,0,0,167,0,0,0,0,0,0,0,167,0,0,0,0,0,167,0,0,167,0,0,0,0,0,0,0,0,0,0,0,0,0,0,0,0,0,0,167,0,258,167,0,167,167,167,0,0
0,150,150,0,150,0,0,0,150,0,0,0,0,0,0,0,150,0,0,0,0,0,150,0,0,150,0,0,0,0,0,0,0,0,0,0,0,0,0,0,0,0,0,0,150,0,274,150,0,150,150,150,0,0
0,213,213,0,213,0,0,0,213,0,0,0,0,0,0,0,213,0,0,0,0,0,213,0,0,213,0,0,0,0,0,0,0,0,0,0,0,0,0,0,0,0,0,0,213,0,249,213,0,213,213,213,38,0
0,247,247,0,247,0,0,0,247,0,0,0,0,0,0,0,247,0,0,0,0,0,247,0,0,247,0,0,0,0,0,0,0,0,0,0,0,0,0,0,0,0,0,0,247,0,248,247,0,247,247,247,20,0
0,235,235,0,235,0,0,0,235,0,0,0,0,0,0,0,235,0,0,0,0,0,235,0,0,235,0,0,0,0,0,0,0,0,0,0,0,0,0,0,0,0,0,0,235,0,190,235,0,235,235,235,0,0
0,160,160,0,160,0,0,0,160,0,0,0,0,0,0,0,160,0,0,0,0,0,160,0,0,160,0,0,0,0,0,0,0,0,0,0,0,0,0,0,0,0,0,0,160,0,265,160,0,160,160,160,44,0
0,202,202,0,202,0,0,0,202,0,0,0,0,0,0,0,202,0,0,0,0,0,202,0,0,202,0,0,0,0,0,0,0,0,0,0,0,0,0,0,0,0,0,0,202,0,280,202,0,202,202,202,57,0
0,201,201,0,201,0,0,0,201,0,0,0,0,0,0,0,201,0,0,0,0,0,201,0,0,201,0,0,0,0,0,0,0,0,0,0,0,0,0,0,0,0,0,0,201,0,284,201,0,201,201,201,32,0
0,179,179,0,179,0,0,0,179,0,0,0,0,0,0,0,179,0,0,0,0,0,179,0,0,179,0,0,0,0,0,0,0,0,0,0,0,0,0,0,0,0,0,0,179,0,272,179,0,179,179,179,36,0
0,119,119,0,119,0,0,0,119,0,0,0,0,0,0,0,119,0,0,0,0,0,119,0,0,119,0,0,0,0,0,0,0,0,0,0,0,0,0,0,0,0,0,0,119,0,254,119,0,119,119,119,33,0
0,134,134,0,134,0,0,0,134,0,0,0,0,0,0,0,134,0,0,0,0,0,134,0,0,134,0,0,0,218,0,0,0,0,0,0,0,0,0,218,0,0,0,0,134,218,218,134,0,134,134,134,49,0
0,202,202,0,202,0,0,0,202,0,0,0,0,0,0,0,202,0,0,0,0,0,202,0,0,202,0,0,0,183,0,0,0,0,0,0,0,0,0,183,0,0,0,0,202,183,183,202,0,202,202,202,41,0
0,114,114,0,114,0,0,0,114,0,0,0,0,0,0,0,114,0,0,0,0,0,114,0,0,114,0,0,0,216,0,0,0,0,0,0,0,0,0,216,0,0,0,0,114,216,216,114,0,114,114,114,32,52
0,186,186,0,186,0,0,0,186,0,0,0,0,0,0,0,186,0,0,0,0,0,186,0,0,186,0,0,0,153,0,0,0,0,0,0,0,0,0,153,0,0,0,0,186,153,153,186,0,186,186,186,50,30
0,247,247,0,247,0,0,0,247,0,0,0,0,0,0,0,247,0,0,0,0,0,247,0,0,247,0,0,0,167,0,0,0,0,0,0,0,0,0,167,0,0,0,0,247,167,167,247,0,247,247,247,33,101
0,168,168,0,168,0,0,0,168,0,0,0,0,0,0,0,168,0,0,0,0,0,168,0,0,168,0,0,0,204,0,0,0,0,0,0,0,0,0,204,0,0,0,0,168,204,204,168,0,168,168,168,26,37
0,230,230,0,230,0,0,0,230,0,0,0,0,0,0,0,230,0,0,0,0,0,230,0,0,230,0,0,0,203,0,0,0,0,0,0,0,0,0,203,0,0,0,0,230,203,203,230,0,230,230,230,29,20
0,227,227,0,227,0,0,0,227,0,0,0,0,0,0,0,227,0,0,0,0,0,227,0,0,227,0,0,0,151,0,0,0,0,0,0,0,0,0,151,0,0,0,0,227,151,151,227,0,227,227,227,0,36
0,234,234,0,234,0,0,0,234,0,0,0,0,0,0,0,234,0,0,0,0,0,234,0,0,234,0,0,0,159,0,0,0,0,0,0,0,0,0,159,0,0,0,0,234,159,159,234,0,234,234,234,0,234
0,252,252,0,252,0,0,0,252,0,0,0,0,0,0,0,252,0,0,0,0,0,252,0,0,252,0,0,0,169,0,0,0,0,0,0,0,0,0,169,0,0,0,0,252,169,169,252,0,252,252,252,0,252
0,226,226,0,226,0,0,0,226,0,0,0,0,0,0,0,226,0,0,0,0,0,226,0,0,226,0,0,0,154,0,0,0,0,0,0,0,0,0,154,0,0,0,0,226,154,154,226,0,226,226,226,21,226
0,193,193,0,193,0,0,0,193,0,0,0,0,0,0,0,193,0,0,0,0,0,193,0,0,193,0,0,0,218,0,0,0,0,0,0,0,0,0,218,0,0,0,0,193,218,218,193,0,193,193,193,31,193
0,204,204,0,204,0,0,0,204,0,0,0,0,0,0,0,204,0,0,0,0,0,204,0,0,204,0,0,0,96,0,0,0,0,0,0,0,0,0,96,0,0,0,0,204,96,96,204,0,204,204,204,0,204
0,127,127,0,127,0,0,0,127,0,0,0,0,0,0,0,127,0,0,0,0,0,127,0,0,127,0,0,0,184,0,0,0,0,0,0,0,0,0,184,0,0,0,0,127,184,184,127,0,127,127,127,138,127
0,129,129,0,129,0,0,0,129,0,0,0,0,0,0,0,129,0,0,0,0,0,129,0,0,129,0,0,0,112,0,0,0,0,0,0,0,0,0,112,0,0,0,0,129,112,112,129,0,129,129,129,92,129
0,201,201,0,201,0,0,0,201,0,0,0,0,0,0,0,201,0,0,0,0,0,201,0,0,201,0,0,0,141,0,0,0,0,0,0,0,0,0,141,0,0,0,0,201,141,141,201,0,201,201,201,40,201
0,159,159,0,159,0,0,0,159,0,0,0,0,0,0,0,159,0,0,0,0,0,159,0,0,159,0,0,0,143,0,0,0,0,0,0,0,0,0,143,0,0,0,0,159,143,143,159,0,159,159,159,43,159
0,204,204,0,204,0,0,0,204,0,0,0,0,0,0,0,204,0,0,0,0,0,204,0,0,204,0,0,0,166,0,0,0,0,0,0,0,0,0,166,0,0,0,0,204,166,166,204,0,204,204,204,125,204
0,146,146,0,146,0,0,0,146,0,0,0,0,0,0,0,146,0,0,0,0,0,146,0,0,146,0,0,0,161,0,0,0,0,0,0,0,0,0,161,0,0,0,0,146,161,161,146,0,146,146,146,86,146
