0,1,2,3,4,5,6,7,8,9,10,11,12,13,14,15,16,17,18,19,20,21,22,23,24,25,26,27,28,29,30,31,32,33,34,35,36
0,0,0,0,0,0,0,0,0,0,0,0,0,0,0,0,0,0,0,0,0,0,0,0,0,0,0,0,0,0,0,0,0,0,0,0,0
0,0,0,0,0,0,0,0,0,0,0,0,0,0,0,0,0,0,0,0,0,0,0,0,0,0,0,0,0,0,0,0,0,0,0,0,0
0,0,0,0,0,0,0,0,0,0,0,0,0,0,0,0,0,0,0,0,0,0,0,0,0,0,0,0,0,0,0,0,0,0,0,0,0
20,0,0,0,0,0,0,0,0,0,0,0,0,0,0,0,0,0,0,0,0,0,0,0,0,0,0,0,0,0,0,0,0,0,0,0,0
0,0,0,0,0,0,0,0,0,0,0,0,0,0,0,0,0,0,0,0,0,0,0,0,0,0,0,0,0,0,0,0,0,0,0,0,0
21,0,0,0,0,0,0,0,0,0,0,0,0,0,0,0,0,0,0,0,0,0,0,0,0,0,0,0,0,0,0,0,0,0,0,0,0
20,0,0,0,0,0,0,0,0,0,0,0,0,0,0,0,0,0,0,0,0,0,0,0,0,0,0,0,0,0,0,0,0,0,0,0,0
0,0,0,0,0,0,0,0,0,0,0,0,0,0,0,0,0,0,0,0,0,0,0,0,0,0,0,0,0,0,0,0,0,0,0,0,0
0,0,0,0,0,0,0,0,0,0,0,0,0,0,0,0,0,0,0,0,0,0,0,0,0,0,0,0,0,0,0,0,0,0,0,0,0
0,0,0,0,0,0,0,0,0,0,0,0,0,0,0,0,0,0,0,0,0,0,0,0,0,0,0,0,0,0,0,0,0,0,0,0,0
26,0,0,0,0,0,0,0,0,0,0,0,0,0,0,0,0,0,0,0,0,0,0,0,0,0,0,0,0,0,0,0,0,0,0,0,0
21,0,0,0,0,0,0,0,0,0,0,0,0,0,0,0,0,0,0,0,0,0,0,0,0,0,0,0,0,0,0,0,0,0,0,0,0
29,0,0,0,0,0,0,0,0,0,0,0,0,0,0,0,0,0,0,0,0,0,0,0,0,0,0,0,0,0,0,0,0,0,0,0,0
34,0,0,0,0,0,0,0,0,0,0,0,0,0,0,0,0,0,0,0,0,0,0,0,0,0,0,0,0,0,0,0,0,0,0,0,0
21,0,0,0,0,0,0,0,0,0,0,0,0,0,0,0,0,0,0,0,0,0,0,0,0,0,0,0,0,0,0,0,0,0,0,0,0
21,0,0,0,0,0,0,0,0,0,0,0,0,0,0,0,0,0,0,0,0,0,0,0,0,0,0,0,0,0,0,0,0,0,0,0,0
33,0,0,0,0,0,0,0,0,0,0,0,0,0,0,0,0,0,0,0,0,0,0,0,0,0,0,0,0,0,0,0,0,0,0,0,0
38,0,0,0,0,0,0,0,0,0,0,0,0,0,0,0,0,0,0,0,0,0,0,0,0,0,0,0,0,0,0,0,0,0,0,0,0
24,0,0,0,0,0,0,0,0,0,0,0,0,0,0,0,0,0,0,0,0,0,0,0,0,0,0,0,0,0,0,0,0,0,0,0,0
31,0,0,0,0,0,0,0,0,0,0,0,0,0,0,0,0,0,0,0,0,0,0,0,0,0,0,0,0,0,0,0,0,0,0,0,0
0,0,0,0,0,0,0,0,0,0,0,0,0,0,0,0,0,0,0,0,0,0,0,0,0,0,0,0,0,0,0,0,0,0,0,0,0
0,0,0,0,0,0,0,0,0,0,0,0,0,0,0,0,0,0,0,0,0,0,0,0,0,0,0,0,0,0,0,0,0,0,0,0,0
0,0,0,0,0,0,0,0,0,0,0,0,0,0,0,0,0,0,0,0,0,0,0,0,0,0,0,0,0,0,0,0,0,0,0,0,0
0,0,0,0,0,0,0,0,0,0,0,0,0,0,0,0,0,0,0,0,0,0,0,0,0,0,0,0,0,0,0,0,0,0,0,0,0
0,0,0,0,0,0,0,0,0,0,0,0,0,0,0,0,0,0,0,0,0,0,0,0,0,0,0,0,0,0,0,0,0,0,0,0,0
20,21,0,0,0,0,0,0,0,0,0,0,0,0,0,0,0,0,0,0,0,0,0,0,0,0,0,0,0,0,0,0,0,0,0,0,0
0,0,0,0,0,0,0,0,0,0,0,0,0,0,0,0,0,0,0,0,0,0,0,0,0,0,0,0,0,0,0,0,0,0,0,0,0
0,33,0,0,0,0,0,0,0,0,0,0,0,0,0,0,0,0,0,0,0,0,0,0,0,0,0,0,0,0,0,0,0,0,0,0,0
0,66,0,0,0,0,0,0,0,0,0,0,0,0,0,0,0,0,0,0,0,0,0,0,0,0,0,0,0,0,0,0,0,0,0,0,0
0,75,25,0,0,0,0,0,0,0,0,0,0,0,0,0,0,0,0,0,0,0,0,0,0,0,0,0,0,0,0,0,0,0,0,0,0
0,78,0,0,0,0,0,0,0,0,0,0,0,0,0,0,0,0,0,0,0,0,0,0,0,0,0,0,0,0,0,0,0,0,0,0,0
0,60,0,0,0,0,0,0,0,0,0,0,0,0,0,0,0,0,0,0,0,0,0,0,0,0,0,0,0,0,0,0,0,0,0,0,0
0,45,0,0,0,0,0,0,0,0,0,0,0,0,0,0,0,0,0,0,0,0,0,0,0,0,0,0,0,0,0,0,0,0,0,0,0
0,30,29,0,0,0,0,0,0,0,0,0,0,0,0,0,0,0,0,0,0,0,0,0,0,0,0,0,0,0,0,0,0,0,0,0,0
0,25,28,0,0,0,0,0,0,0,0,0,0,0,0,0,0,0,0,0,0,0,0,0,0,0,0,0,0,0,0,0,0,0,0,0,0
0,43,0,0,0,0,0,0,0,0,0,0,0,0,0,0,0,0,0,0,0,0,0,0,0,0,0,0,0,0,0,0,0,0,0,0,0
0,102,22,0,0,0,0,0,0,0,0,0,0,0,0,0,0,0,0,0,0,0,0,0,0,0,0,0,0,0,0,0,0,0,0,0,0
0,123,0,0,0,0,0,0,0,0,0,0,0,0,0,0,0,0,0,0,0,0,0,0,0,0,0,0,0,0,0,0,0,0,0,0,0
0,177,0,0,0,0,0,0,0,0,0,0,0,0,0,0,0,0,0,0,0,0,0,0,0,0,0,0,0,0,0,0,0,0,0,0,0
0,154,0,0,0,0,0,0,0,0,0,0,0,0,0,0,0,0,0,0,0,0,0,0,0,0,0,0,0,0,0,0,0,0,0,0,0
0,146,28,0,0,0,0,0,0,0,0,0,0,0,0,0,0,0,0,0,0,0,0,0,0,0,0,0,0,0,0,0,0,0,0,0,0
0,134,22,24,0,0,0,0,0,0,0,0,0,0,0,0,0,0,0,0,0,0,0,0,0,0,0,0,0,0,0,0,0,0,0,0,0
0,65,31,39,0,0,0,0,0,0,0,0,0,0,0,0,0,0,0,0,0,0,0,0,0,0,0,0,0,0,0,0,0,0,0,0,0
0,47,33,27,0,0,0,0,0,0,0,0,0,0,0,0,0,0,0,0,0,0,0,0,0,0,0,0,0,0,0,0,0,0,0,0,0
0,66,58,0,0,0,0,0,0,0,0,0,0,0,0,0,0,0,0,0,0,0,0,0,0,0,0,0,0,0,0,0,0,0,0,0,0
0,35,51,0,0,0,0,0,0,0,0,0,0,0,0,0,0,0,0,0,0,0,0,0,0,0,0,0,0,0,0,0,0,0,0,0,0
0,30,70,0,0,0,0,0,0,0,0,0,0,0,0,0,0,0,0,0,0,0,0,0,0,0,0,0,0,0,0,0,0,0,0,0,0
0,52,35,52,0,0,0,0,0,0,0,0,0,0,0,0,0,0,0,0,0,0,0,0,0,0,0,0,0,0,0,0,0,0,0,0,0
0,63,41,63,0,0,0,0,0,0,0,0,0,0,0,0,0,0,0,0,0,0,0,0,0,0,0,0,0,0,0,0,0,0,0,0,0
0,67,45,67,0,0,0,0,0,0,0,0,0,0,0,0,0,0,0,0,0,0,0,0,0,0,0,0,0,0,0,0,0,0,0,0,0
0,129,54,129,0,0,0,0,0,0,0,0,0,0,0,0,0,0,0,0,0,0,0,0,0,0,0,0,0,0,0,0,0,0,0,0,0
0,93,38,93,0,0,0,0,0,0,0,0,0,0,0,0,0,0,0,0,0,0,0,0,0,0,0,0,0,0,0,0,0,0,0,0,0
0,130,46,130,0,0,0,0,0,0,0,0,0,0,0,0,0,0,0,0,0,0,0,0,0,0,0,0,0,0,0,0,0,0,0,0,0
0,182,38,182,0,0,0,0,0,0,0,0,0,0,0,0,0,0,0,0,0,0,0,0,0,0,0,0,0,0,0,0,0,0,0,0,0
0,158,50,158,0,0,0,0,0,0,0,0,0,0,0,0,0,0,0,0,0,0,0,0,0,0,0,0,0,0,0,0,0,0,0,0,0
0,202,51,202,0,0,0,0,0,0,0,0,0,0,0,0,0,0,0,0,0,0,0,0,0,0,0,0,0,0,0,0,0,0,0,0,0
0,213,49,213,0,0,0,0,0,0,0,0,0,0,0,0,0,0,0,0,0,0,0,0,0,0,0,0,0,0,0,0,0,0,0,0,0
0,266,52,266,0,0,0,0,0,0,0,0,0,0,0,0,0,0,0,0,0,0,0,0,0,0,0,0,0,0,0,0,0,0,0,0,0
0,281,62,281,0,0,0,0,0,0,0,0,0,0,0,0,0,0,0,0,0,0,0,0,0,0,0,0,0,0,0,0,0,0,0,0,0
29,237,55,237,0,0,0,0,0,0,0,0,0,0,0,0,0,0,0,0,0,0,0,0,0,0,0,0,0,0,0,0,0,0,0,0,0
25,278,82,278,0,0,0,0,0,0,0,0,0,0,0,0,0,0,0,0,0,0,0,0,0,0,0,0,0,0,0,0,0,0,0,0,0
116,139,116,139,0,0,0,0,0,0,0,0,0,0,0,0,0,0,0,0,0,0,0,0,0,0,0,0,0,0,0,0,0,0,0,0,0
158,170,158,170,0,0,0,0,0,0,0,0,0,0,0,0,0,0,0,0,0,0,0,0,0,0,0,0,0,0,0,0,0,0,0,0,0
132,133,132,133,22,0,0,0,0,0,0,0,0,0,0,0,0,0,0,0,0,0,0,0,0,0,0,0,0,0,0,0,0,0,0,0,0
94,107,94,107,0,0,0,0,0,0,0,0,0,0,0,0,0,0,0,0,0,0,0,0,0,0,0,0,0,0,0,0,0,0,0,0,0
93,104,93,104,0,20,0,0,0,0,0,0,0,0,0,0,0,0,0,0,0,0,0,0,0,0,0,0,0,0,0,0,0,0,0,0,0
77,135,77,135,0,0,0,0,0,0,0,0,0,0,0,0,0,0,0,0,0,0,0,0,0,0,0,0,0,0,0,0,0,0,0,0,0
96,146,96,146,0,0,36,0,0,0,0,0,0,0,0,0,0,0,0,0,0,0,0,0,0,0,0,0,0,0,0,0,0,0,0,0,0
62,196,62,196,0,0,75,0,0,0,0,0,0,0,0,0,0,0,0,0,0,0,0,0,0,0,0,0,0,0,0,0,0,0,0,0,0
45,157,45,157,0,28,68,0,0,0,0,0,0,0,0,0,0,0,0,0,0,0,0,0,0,0,0,0,0,0,0,0,0,0,0,0,0
43,156,43,156,0,0,62,0,0,0,0,0,0,0,0,0,0,0,0,0,0,0,0,0,0,0,0,0,0,0,0,0,0,0,0,0,0
62,208,62,208,0,0,57,0,0,0,0,0,0,0,0,0,0,0,0,0,0,0,0,0,0,0,0,0,0,0,0,0,0,0,0,0,0
31,136,31,136,0,0,49,47,0,0,0,0,0,0,0,0,0,0,0,0,0,0,0,0,0,0,0,0,0,0,0,0,0,0,0,0,0
64,144,64,144,0,0,27,29,0,0,0,0,0,0,0,0,0,0,0,0,0,0,0,0,0,0,0,0,0,0,0,0,0,0,0,0,0
40,148,40,148,0,0,32,42,0,0,0,0,0,0,0,0,0,0,0,0,0,0,0,0,0,0,0,0,0,0,0,0,0,0,0,0,0
61,136,61,136,0,52,22,54,0,0,0,0,0,0,0,0,0,0,0,0,0,0,0,0,0,0,0,0,0,0,0,0,0,0,0,0,0
67,154,67,154,0,32,21,115,0,0,0,0,0,0,0,0,0,0,0,0,0,0,0,0,0,0,0,0,0,0,0,0,0,0,0,0,0
67,151,67,151,0,37,48,122,0,0,0,0,0,0,0,0,0,0,0,0,0,0,0,0,0,0,0,0,0,0,0,0,0,0,0,0,0
67,186,67,186,0,0,36,177,0,0,0,0,0,0,0,0,0,0,0,0,0,0,0,0,0,0,0,0,0,0,0,0,0,0,0,0,0
86,159,86,159,0,0,31,221,0,0,0,0,0,0,0,0,0,0,0,0,0,0,0,0,0,0,0,0,0,0,0,0,0,0,0,0,0
75,161,75,161,0,35,21,216,0,0,0,0,0,0,0,0,0,0,0,0,0,0,0,0,0,0,0,0,0,0,0,0,0,0,0,0,0
108,102,108,102,0,27,0,214,0,0,0,0,0,0,0,0,0,0,0,0,0,0,0,0,0,0,0,0,0,0,0,0,0,0,0,0,0
79,116,79,116,0,23,0,188,0,0,0,0,0,0,0,0,0,0,0,0,0,0,0,0,0,0,0,0,0,0,0,0,0,0,0,0,0
57,113,57,113,0,0,0,173,0,0,0,0,0,0,0,0,0,0,0,0,0,0,0,0,0,0,0,0,0,0,0,0,0,0,0,0,0
55,102,55,102,0,0,0,142,0,0,0,0,0,0,0,0,0,0,0,0,0,0,0,0,0,0,0,0,0,0,0,0,0,0,0,0,0
30,80,30,80,0,0,0,149,0,0,0,0,0,0,0,0,0,0,0,0,0,0,0,0,0,0,0,0,0,0,0,0,0,0,0,0,0
66,127,66,127,0,0,0,110,0,0,0,0,0,0,0,0,0,0,0,0,0,0,0,0,0,0,0,0,0,0,0,0,0,0,0,0,0
49,133,49,133,0,0,0,113,0,0,0,0,0,0,0,0,0,0,0,0,0,0,0,0,0,0,0,0,0,0,0,0,0,0,0,0,0
35,115,35,115,0,24,0,91,0,0,0,0,0,0,0,0,0,0,0,0,0,0,0,0,0,0,0,0,0,0,0,0,0,0,0,0,0
51,68,51,68,0,0,0,98,0,0,0,0,0,0,0,0,0,0,0,0,0,0,0,0,0,0,0,0,0,0,0,0,0,0,0,0,0
69,72,69,72,0,0,0,79,0,0,0,0,0,0,0,0,0,0,0,0,0,0,0,0,0,0,0,0,0,0,0,0,0,0,0,0,0
75,78,75,78,0,0,78,68,0,0,0,0,0,0,0,0,0,0,0,0,0,0,0,0,0,0,0,0,0,0,0,0,0,0,0,0,0
56,113,56,113,0,0,113,39,0,0,0,0,0,0,0,0,0,0,0,0,0,0,0,0,0,0,0,0,0,0,0,0,0,0,0,0,0
58,102,58,102,0,0,102,85,0,0,0,0,0,0,0,0,0,0,0,0,0,0,0,0,0,0,0,0,0,0,0,0,0,0,0,0,0
54,72,54,72,0,0,72,126,0,0,0,0,0,0,0,0,0,0,0,0,0,0,0,0,0,0,0,0,0,0,0,0,0,0,0,0,0
65,66,65,66,0,0,66,175,0,0,0,0,0,0,0,0,0,0,0,0,0,0,0,0,0,0,0,0,0,0,0,0,0,0,0,0,0
85,52,85,52,0,0,52,227,0,0,0,0,0,0,0,0,0,0,0,0,0,0,0,0,0,0,0,0,0,0,0,0,0,0,0,0,0
77,50,77,50,0,0,50,221,0,0,0,0,0,0,0,0,0,0,0,0,0,0,0,0,0,0,0,0,0,0,0,0,0,0,0,0,0
60,56,60,56,0,0,56,152,0,0,0,0,0,0,0,0,0,0,0,0,0,0,0,0,0,0,0,0,0,0,0,0,0,0,0,0,0
61,58,61,58,0,0,58,150,0,0,0,0,0,0,0,0,0,0,0,0,0,0,0,0,0,0,0,0,0,0,0,0,0,0,0,0,0
66,108,66,108,0,0,108,194,0,0,0,0,0,0,0,0,0,0,0,0,0,0,0,0,0,0,0,0,0,0,0,0,0,0,0,0,0
64,120,64,120,0,0,120,165,0,0,0,0,0,0,0,0,0,0,0,0,0,0,0,0,0,0,0,0,0,0,0,0,0,0,0,0,0
39,75,39,75,0,0,75,113,0,0,0,0,0,0,0,0,0,0,0,0,0,0,0,0,0,0,0,0,0,0,0,0,0,0,0,0,0
50,82,50,82,0,0,82,79,0,0,0,0,0,0,0,0,0,0,0,0,0,0,0,0,0,0,0,0,0,0,0,0,0,0,0,0,0
53,89,53,89,0,0,89,73,0,0,0,0,0,0,0,0,0,0,0,0,0,0,0,0,0,0,0,0,0,0,0,0,0,0,0,0,0
47,70,47,70,0,0,70,81,0,0,0,0,0,0,0,0,0,0,0,0,0,0,0,0,0,0,0,0,0,0,0,0,0,0,0,0,0
56,115,56,115,0,0,115,112,0,0,0,0,0,0,0,0,0,0,0,0,0,0,0,0,0,0,0,0,0,0,0,0,0,0,0,0,0
47,87,47,87,0,0,87,122,0,0,0,0,0,0,0,0,0,0,0,0,0,0,0,0,0,0,0,0,0,0,0,0,0,0,0,0,0
36,128,36,128,0,0,128,68,0,0,0,0,0,0,0,0,0,0,0,0,0,0,0,0,0,0,0,0,0,0,0,0,0,0,0,0,0
21,119,21,119,0,0,119,97,0,0,0,0,0,0,0,0,0,0,0,0,0,0,0,0,0,0,0,0,0,0,0,0,0,0,0,0,0
262,83,262,83,0,0,83,103,0,0,0,0,0,0,0,0,0,0,0,0,0,0,0,0,0,0,0,0,0,0,0,0,0,0,0,0,0
255,115,255,115,0,0,115,115,0,0,0,0,0,0,0,0,0,0,0,0,0,0,0,0,0,0,0,0,0,0,0,0,0,0,0,0,0
290,108,290,108,0,0,108,129,0,0,0,0,0,0,0,0,0,0,0,0,0,0,0,0,0,0,0,0,0,0,0,0,0,0,0,0,0
313,81,313,81,0,0,81,124,0,0,0,0,0,0,0,0,0,0,0,0,0,0,0,0,0,0,0,0,0,0,0,0,0,0,0,0,0
353,86,353,86,0,0,86,88,0,0,0,0,0,0,0,0,0,0,0,0,0,0,0,0,0,0,0,0,0,0,0,0,0,0,0,0,0
376,67,376,67,0,0,67,95,0,0,0,0,0,0,0,0,0,0,0,0,0,0,0,0,0,0,0,0,0,0,0,0,0,0,0,0,0
303,82,303,82,0,0,82,113,0,0,0,0,0,0,0,0,0,0,0,0,0,0,0,0,0,0,0,0,0,0,0,0,0,0,0,0,0
313,158,313,158,0,0,158,116,0,0,0,0,0,0,0,0,0,0,0,0,0,0,0,0,0,0,0,0,0,0,0,0,0,0,0,0,0
252,155,252,155,0,0,155,183,0,0,0,0,0,0,0,0,0,0,0,0,0,0,0,0,0,0,0,0,0,0,0,0,0,0,0,0,0
253,223,253,223,0,0,223,207,0,0,0,0,0,0,0,0,0,0,0,0,0,0,0,0,0,0,0,0,0,0,0,0,0,0,0,0,0
185,313,185,313,0,20,313,161,0,0,0,0,0,0,0,0,0,0,0,0,0,0,0,0,0,0,0,0,0,0,0,0,0,0,0,0,0
153,281,153,281,0,0,281,204,0,0,0,0,0,0,0,0,0,0,0,0,0,0,0,0,0,0,0,0,0,0,0,0,0,0,0,0,0
120,262,120,262,0,0,262,188,0,0,0,0,0,0,0,0,0,0,0,0,0,0,0,0,0,0,0,0,0,0,0,0,0,0,0,0,0
96,308,96,308,0,0,308,194,0,0,0,0,0,0,0,0,0,0,0,0,0,0,0,0,0,0,0,0,0,0,0,0,0,0,0,0,0
79,269,79,269,0,0,269,234,0,0,0,0,0,0,0,0,0,0,0,0,0,0,0,0,0,0,0,0,0,0,0,0,0,0,0,0,0
89,332,89,332,0,0,332,231,0,0,0,0,0,0,0,0,0,0,0,0,0,0,0,0,0,0,0,0,0,0,0,0,0,0,0,0,0
116,374,116,374,0,0,374,228,0,0,0,0,0,0,0,0,0,0,0,0,0,0,0,0,0,0,0,0,0,0,0,0,0,0,0,0,0
159,325,159,325,0,0,325,186,0,0,0,0,0,0,0,0,0,0,0,0,0,0,0,0,0,0,0,0,0,0,0,0,0,0,0,0,0
148,305,148,305,0,0,305,164,0,0,0,0,0,0,0,0,0,0,0,0,0,0,0,0,0,0,0,0,0,0,0,0,0,0,0,0,0
169,393,169,393,0,0,393,116,0,0,0,0,0,0,0,0,0,0,0,0,0,0,0,0,0,0,0,0,0,0,0,0,0,0,0,0,0
218,387,218,387,0,0,387,108,26,0,0,0,0,0,0,0,0,0,0,0,0,0,0,0,0,0,0,0,0,0,0,0,0,0,0,0,0
253,381,253,381,0,0,381,151,0,0,0,0,0,0,0,0,0,0,0,0,0,0,0,0,0,0,0,0,0,0,0,0,0,0,0,0,0
293,468,293,468,0,0,468,85,29,0,0,0,0,0,0,0,0,0,0,0,0,0,0,0,0,0,0,0,0,0,0,0,0,0,0,0,0
371,379,371,379,0,0,379,110,23,0,0,0,0,0,0,0,0,0,0,0,0,0,0,0,0,0,0,0,0,0,0,0,0,0,0,0,0
432,430,432,430,0,0,430,94,32,0,0,0,0,0,0,0,0,0,0,0,0,0,0,0,0,0,0,0,0,0,0,0,0,0,0,0,0
512,495,512,495,0,0,495,106,48,0,0,0,0,0,0,0,0,0,0,0,0,0,0,0,0,0,0,0,0,0,0,0,0,0,0,0,0
476,410,476,410,0,0,410,186,30,0,0,0,0,0,0,0,0,0,0,0,0,0,0,0,0,0,0,0,0,0,0,0,0,0,0,0,0
401,345,401,345,0,0,345,149,41,0,0,0,0,0,0,0,0,0,0,0,0,0,0,0,0,0,0,0,0,0,0,0,0,0,0,0,0
387,493,387,493,0,0,493,141,50,0,0,0,0,0,0,0,0,0,0,0,0,0,0,0,0,0,0,0,0,0,0,0,0,0,0,0,0
346,470,346,470,0,0,470,159,65,0,0,0,0,0,0,0,0,0,0,0,0,0,0,0,0,0,0,0,0,0,0,0,0,0,0,0,0
275,559,275,559,0,0,559,174,53,0,0,0,0,0,0,0,0,0,0,0,0,0,0,0,0,0,0,0,0,0,0,0,0,0,0,0,0
325,618,325,618,0,0,618,181,44,0,0,0,0,0,0,0,0,0,0,0,0,0,0,0,0,0,0,0,0,0,0,0,0,0,0,0,0
376,737,376,737,0,0,737,152,26,0,0,0,0,0,0,0,0,0,0,0,0,0,0,0,0,0,0,0,0,0,0,0,0,0,0,0,0
274,828,274,828,38,0,828,100,38,0,0,0,0,0,0,0,0,0,0,0,0,0,0,0,0,0,0,0,0,0,0,0,0,0,0,0,0
314,657,314,657,39,0,657,141,0,0,0,0,0,0,0,0,0,0,0,0,0,0,0,0,0,0,0,0,0,0,0,0,0,0,0,0,0
344,731,344,731,20,0,731,157,36,0,0,0,0,0,0,0,0,0,0,0,0,0,0,0,0,0,0,0,0,0,0,0,0,0,0,0,0
288,656,288,656,0,0,656,223,0,0,0,0,0,0,0,0,0,0,0,0,0,0,0,0,0,0,0,0,0,0,0,0,0,0,0,0,0
383,673,383,673,25,0,673,161,23,0,0,0,0,0,0,0,0,0,0,0,0,0,0,0,0,0,0,0,0,0,0,0,0,0,0,0,0
438,801,438,801,45,0,801,128,0,0,0,0,0,0,0,0,0,0,0,0,0,0,0,0,0,0,0,0,0,0,0,0,0,0,0,0,0
446,791,446,791,36,0,791,110,0,0,0,0,0,0,0,0,0,0,0,0,0,0,0,0,0,0,0,0,0,0,0,0,0,0,0,0,0
408,903,408,903,46,0,903,79,0,0,0,0,0,0,0,0,0,0,0,0,0,0,0,0,0,0,0,0,0,0,0,0,0,0,0,0,0
376,833,376,833,54,0,833,78,0,0,0,0,0,0,0,0,0,0,0,0,0,0,0,0,0,0,0,0,0,0,0,0,0,0,0,0,0
352,747,352,747,46,0,747,69,0,0,0,0,0,0,0,0,0,0,0,0,0,0,0,0,0,0,0,0,0,0,0,0,0,0,0,0,0
298,688,298,688,27,0,688,71,0,0,0,0,0,0,0,0,0,0,0,0,0,0,0,0,0,0,0,0,0,0,0,0,0,0,0,0,0
251,693,251,693,0,20,693,127,0,0,0,0,0,0,0,0,0,0,0,0,0,0,0,0,0,0,0,0,0,0,0,0,0,0,0,0,0
239,661,239,661,21,0,661,146,0,0,0,0,0,0,0,0,0,0,0,0,0,0,0,0,0,0,0,0,0,0,0,0,0,0,0,0,0
242,513,242,513,26,0,513,204,0,0,0,0,0,0,0,0,0,0,0,0,0,0,0,0,0,0,0,0,0,0,0,0,0,0,0,0,0
206,439,206,439,44,0,439,228,0,0,0,0,0,0,0,0,0,0,0,0,0,0,0,0,0,0,0,0,0,0,0,0,0,0,0,0,0
257,456,257,456,53,0,456,201,0,0,0,0,0,0,0,0,0,0,0,0,0,0,0,0,0,0,0,0,0,0,0,0,0,0,0,0,0
237,417,237,417,77,0,417,171,0,0,0,0,0,0,0,0,0,0,0,0,0,0,0,0,0,0,0,0,0,0,0,0,0,0,0,0,0
238,402,238,402,89,0,402,212,0,0,0,0,0,0,0,0,0,0,0,0,0,0,0,0,0,0,0,0,0,0,0,0,0,0,0,0,0
237,358,237,358,65,0,358,209,0,0,0,0,0,0,0,0,0,0,0,0,0,0,0,0,0,0,0,0,0,0,0,0,0,0,0,0,0
184,421,184,421,60,0,421,245,0,0,0,0,0,0,0,0,0,0,0,0,0,0,0,0,0,0,0,0,0,0,0,0,0,0,0,0,0
171,397,171,397,60,0,397,391,0,0,0,0,0,0,0,0,0,0,0,0,0,0,0,0,0,0,0,0,0,0,0,0,0,0,0,0,0
137,385,137,385,40,0,385,476,0,0,0,0,0,0,0,0,0,0,0,0,0,0,0,0,0,0,0,0,0,0,0,0,0,0,0,0,0
127,296,127,296,22,0,296,530,0,0,0,0,0,0,0,0,0,0,0,0,0,0,0,0,0,0,0,0,0,0,0,0,0,0,0,0,0
99,356,99,356,29,0,356,529,0,0,0,0,0,0,0,0,0,0,0,0,0,0,0,0,0,0,0,0,0,0,0,0,0,0,0,0,0
94,311,94,311,48,0,311,598,0,0,0,0,0,0,0,0,0,0,0,0,0,0,0,0,0,0,0,0,0,0,0,0,0,0,0,0,0
102,296,102,296,95,0,296,565,0,0,0,0,0,0,0,0,0,0,0,0,0,0,0,0,0,0,0,0,0,0,0,0,0,0,0,0,0
110,289,110,289,68,0,289,553,0,0,0,0,0,0,0,0,0,0,0,0,0,0,0,0,0,0,0,0,0,0,0,0,0,0,0,0,0
113,294,113,294,72,0,294,546,0,0,0,0,0,0,0,0,0,0,0,0,0,0,0,0,0,0,0,0,0,0,0,0,0,0,0,0,0
147,243,147,243,37,0,243,463,0,0,0,0,0,0,0,0,0,0,0,0,0,0,0,0,0,0,0,0,0,0,0,0,0,0,0,0,0
142,282,142,282,29,0,282,401,0,0,0,0,0,0,0,0,0,0,0,0,0,0,0,0,0,0,0,0,0,0,0,0,0,0,0,0,0
182,270,182,270,48,0,270,317,0,0,0,0,0,0,0,0,0,0,0,0,0,0,0,0,0,0,0,0,0,0,0,0,0,0,0,0,0
157,279,157,279,35,0,279,252,0,0,0,0,0,0,0,0,0,0,0,0,0,0,0,0,0,0,0,0,0,0,0,0,0,0,0,0,0
144,247,144,247,48,0,247,221,0,0,0,0,0,0,0,0,0,0,0,0,0,0,0,0,0,0,0,0,0,0,0,0,0,0,0,0,0
154,250,154,250,55,0,250,222,0,0,0,0,0,0,0,0,0,0,0,0,0,0,0,0,0,0,0,0,0,0,0,0,0,0,0,0,0
118,195,118,195,40,0,195,263,0,0,0,0,0,0,0,0,0,0,0,0,0,0,0,0,0,0,0,0,0,0,0,0,0,0,0,0,0
71,291,71,291,31,0,291,244,0,0,0,0,0,0,0,0,0,0,0,0,0,0,0,0,0,0,0,0,0,0,0,0,0,0,0,0,0
87,256,87,256,56,0,256,150,0,0,0,0,0,0,0,0,0,0,0,0,0,0,0,0,0,0,0,0,0,0,0,0,0,0,0,0,0
60,213,60,213,72,0,213,142,0,0,0,0,0,0,0,0,0,0,0,0,0,0,0,0,0,0,0,0,0,0,0,0,0,0,0,0,0
47,190,47,190,69,0,190,155,0,0,0,0,0,0,0,0,0,0,0,0,0,0,0,0,0,0,0,0,0,0,0,0,0,0,0,0,0
36,209,36,209,91,0,209,132,0,0,0,0,0,0,0,0,0,0,0,0,0,0,0,0,0,0,0,0,0,0,0,0,0,0,0,0,0
28,229,28,229,80,0,229,80,0,0,0,0,0,0,0,0,0,0,0,0,0,0,0,0,0,0,0,0,0,0,0,0,0,0,0,0,0
0,180,0,180,68,0,180,41,0,34,0,0,0,0,0,0,0,0,0,0,0,0,0,0,0,0,0,0,0,0,0,0,0,0,0,0,0
0,134,0,134,69,0,134,35,0,36,0,0,0,0,0,0,0,0,0,0,0,0,0,0,0,0,0,0,0,0,0,0,0,0,0,0,0
0,109,0,109,65,0,109,21,27,48,0,0,0,0,0,0,0,0,0,0,0,0,0,0,0,0,0,0,0,0,0,0,0,0,0,0,0
0,126,0,126,48,0,126,48,24,69,0,0,0,0,0,0,0,0,0,0,0,0,0,0,0,0,0,0,0,0,0,0,0,0,0,0,0
0,137,0,137,38,0,137,38,0,69,0,0,0,0,0,0,0,0,0,0,0,0,0,0,0,0,0,0,0,0,0,0,0,0,0,0,0
0,114,0,114,0,0,114,0,0,70,0,0,0,0,0,0,0,0,0,0,0,0,0,0,0,0,0,0,0,0,0,0,0,0,0,0,0
0,132,0,132,0,0,132,0,0,70,0,0,0,0,0,0,0,0,0,0,0,0,0,0,0,0,0,0,0,0,0,0,0,0,0,0,0
0,92,0,92,0,0,92,0,0,63,0,0,0,0,0,0,0,0,0,0,0,0,0,0,0,0,0,0,0,0,0,0,0,0,0,0,0
0,97,0,97,0,0,97,0,0,51,0,0,0,0,0,0,0,0,0,0,0,0,0,0,0,0,0,0,0,0,0,0,0,0,0,0,0
0,106,0,106,24,0,106,24,0,70,0,0,0,0,0,0,0,0,0,0,0,0,0,0,0,0,0,0,0,0,0,0,0,0,0,0,0
0,84,0,84,23,0,84,23,50,65,0,0,0,0,0,0,0,0,0,0,0,0,0,0,0,0,0,0,0,0,0,0,0,0,0,0,0
0,84,0,84,37,0,84,37,68,68,0,0,0,0,0,0,0,0,0,0,0,0,0,0,0,0,0,0,0,0,0,0,0,0,0,0,0
0,0,0,0,44,0,0,44,52,36,0,0,0,0,0,0,0,0,0,0,0,0,0,0,0,0,0,0,0,0,0,0,0,0,0,0,0
0,37,0,37,57,0,37,57,58,36,0,0,0,0,0,0,0,0,0,0,0,0,0,0,0,0,0,0,0,0,0,0,0,0,0,0,0
0,66,0,66,61,0,66,61,70,20,0,0,0,0,0,0,0,0,0,0,0,0,0,0,0,0,0,0,0,0,0,0,0,0,0,0,0
0,36,0,36,64,0,36,64,106,32,0,0,0,0,0,0,0,0,0,0,0,0,0,0,0,0,0,0,0,0,0,0,0,0,0,0,0
0,52,0,52,68,0,52,68,86,55,0,0,0,0,0,0,0,0,0,0,0,0,0,0,0,0,0,0,0,0,0,0,0,0,0,0,0
0,70,0,70,78,0,70,78,97,42,0,0,0,0,0,0,0,0,0,0,0,0,0,0,0,0,0,0,0,0,0,0,0,0,0,0,0
0,91,0,91,41,0,91,41,104,36,0,0,0,0,0,0,0,0,0,0,0,0,0,0,0,0,0,0,0,0,0,0,0,0,0,0,0
0,76,0,76,36,0,76,36,80,25,0,0,0,0,0,0,0,0,0,0,0,0,0,0,0,0,0,0,0,0,0,0,0,0,0,0,0
0,130,0,130,40,0,130,40,68,31,0,0,0,0,0,0,0,0,0,0,0,0,0,0,0,0,0,0,0,0,0,0,0,0,0,0,0
0,24,0,24,32,0,24,32,176,0,0,0,0,0,0,0,0,0,0,0,0,0,0,0,0,0,0,0,0,0,0,0,0,0,0,0,0
0,90,0,90,0,0,90,0,74,0,0,0,0,0,0,0,0,0,0,0,0,0,0,0,0,0,0,0,0,0,0,0,0,0,0,0,0
0,82,0,82,43,0,82,43,116,31,0,0,0,0,0,0,0,0,0,0,0,0,0,0,0,0,0,0,0,0,0,0,0,0,0,0,0
0,71,0,71,33,0,71,33,57,21,0,0,0,0,0,0,0,0,0,0,0,0,0,0,0,0,0,0,0,0,0,0,0,0,0,0,0
0,123,0,123,25,0,123,25,105,21,0,0,0,0,0,0,0,0,0,0,0,0,0,0,0,0,0,0,0,0,0,0,0,0,0,0,0
0,115,0,115,28,0,115,28,32,0,0,0,0,0,0,0,0,0,0,0,0,0,0,0,0,0,0,0,0,0,0,0,0,0,0,0,0
0,193,0,193,40,0,193,40,58,0,0,0,0,0,0,0,0,0,0,0,0,0,0,0,0,0,0,0,0,0,0,0,0,0,0,0,0
0,256,0,256,72,0,256,72,66,0,0,0,0,0,0,0,0,0,0,0,0,0,0,0,0,0,0,0,0,0,0,0,0,0,0,0,0
0,295,0,295,40,0,295,40,295,24,0,0,0,0,0,0,0,0,0,0,0,0,0,0,0,0,0,0,0,0,0,0,0,0,0,0,0
0,260,0,260,42,20,260,42,260,23,0,0,0,0,0,0,0,0,0,0,0,0,0,0,0,0,0,0,0,0,0,0,0,0,0,0,0
0,202,0,202,38,0,202,38,202,0,0,0,0,0,0,0,0,0,0,0,0,0,0,0,0,0,0,0,0,0,0,0,0,0,0,0,0
0,255,0,255,46,0,255,46,255,0,0,0,0,0,0,0,0,0,0,0,0,0,0,0,0,0,0,0,0,0,0,0,0,0,0,0,0
0,284,0,284,36,0,284,36,284,0,0,0,0,0,0,0,0,0,0,0,0,0,0,0,0,0,0,0,0,0,0,0,0,0,0,0,0
0,227,0,227,26,0,227,26,227,21,24,0,0,0,0,0,0,0,0,0,0,0,0,0,0,0,0,0,0,0,0,0,0,0,0,0,0
0,220,0,220,23,0,220,23,220,42,20,0,0,0,0,0,0,0,0,0,0,0,0,0,0,0,0,0,0,0,0,0,0,0,0,0,0
0,284,0,284,47,0,284,47,284,43,31,0,0,0,0,0,0,0,0,0,0,0,0,0,0,0,0,0,0,0,0,0,0,0,0,0,0
0,210,0,210,44,0,210,44,210,78,53,0,0,0,0,0,0,0,0,0,0,0,0,0,0,0,0,0,0,0,0,0,0,0,0,0,0
0,99,0,99,35,0,99,35,99,82,54,0,0,0,0,0,0,0,0,0,0,0,0,0,0,0,0,0,0,0,0,0,0,0,0,0,0
0,110,0,110,0,0,110,0,110,68,59,0,0,0,0,0,0,0,0,0,0,0,0,0,0,0,0,0,0,0,0,0,0,0,0,0,0
0,107,0,107,24,0,107,24,107,72,50,0,0,0,0,0,0,0,0,0,0,0,0,0,0,0,0,0,0,0,0,0,0,0,0,0,0
0,120,0,120,21,0,120,21,120,52,44,0,0,0,0,0,0,0,0,0,0,0,0,0,0,0,0,0,0,0,0,0,0,0,0,0,0
0,173,0,173,23,0,173,23,173,52,42,0,0,0,0,0,0,0,0,0,0,0,0,0,0,0,0,0,0,0,0,0,0,0,0,0,0
0,164,0,164,23,0,164,23,164,90,20,0,0,0,0,0,0,0,0,0,0,0,0,0,0,0,0,0,0,0,0,0,0,0,0,0,0
0,138,0,138,0,0,138,0,138,136,30,0,0,0,0,0,0,0,0,0,0,0,0,0,0,0,0,0,0,0,0,0,0,0,0,0,0
0,123,0,123,0,0,123,0,123,183,25,0,0,0,0,0,0,0,0,0,0,0,0,0,0,0,0,0,0,0,0,0,0,0,0,0,0
0,101,0,101,0,0,101,0,101,283,0,0,0,0,0,0,0,0,0,0,0,0,0,0,0,0,0,0,0,0,0,0,0,0,0,0,0
0,81,0,81,0,0,81,0,81,254,0,0,0,0,0,0,0,0,0,0,0,0,0,0,0,0,0,0,0,0,0,0,0,0,0,0,0
0,80,0,80,0,0,80,0,80,161,0,0,0,0,0,0,0,0,0,0,0,0,0,0,0,0,0,0,0,0,0,0,0,0,0,0,0
0,110,0,110,0,0,110,0,110,202,0,0,0,0,0,0,0,0,0,0,0,0,0,0,0,0,0,0,0,0,0,0,0,0,0,0,0
0,103,0,103,0,0,103,0,103,208,0,0,0,0,0,0,0,0,0,0,0,0,0,0,0,0,0,0,0,0,0,0,0,0,0,0,0
0,107,0,107,0,0,107,0,107,241,0,0,0,0,0,0,0,0,0,0,0,0,0,0,0,0,0,0,0,0,0,0,0,0,0,0,0
0,79,0,79,0,0,79,0,79,199,0,0,0,0,0,0,0,0,0,0,0,0,0,0,0,0,0,0,0,0,0,0,0,0,0,0,0
0,89,0,89,0,0,89,0,89,143,40,0,0,0,0,0,0,0,0,0,0,0,0,0,0,0,0,0,0,0,0,0,0,0,0,0,0
0,59,0,59,0,0,59,0,59,135,30,0,0,0,0,0,0,0,0,0,0,0,0,0,0,0,0,0,0,0,0,0,0,0,0,0,0
0,73,0,73,0,0,73,0,73,153,47,0,0,0,0,0,0,0,0,0,0,0,0,0,0,0,0,0,0,0,0,0,0,0,0,0,0
0,66,0,66,0,0,66,0,66,122,0,0,0,0,0,0,0,0,0,0,0,0,0,0,0,0,0,0,0,0,0,0,0,0,0,0,0
0,70,0,70,0,0,70,0,70,124,0,0,0,0,0,0,0,0,0,0,0,0,0,0,0,0,0,0,0,0,0,0,0,0,0,0,0
0,80,0,80,0,0,80,0,80,136,30,0,0,0,0,0,0,0,0,0,0,0,0,0,0,0,0,0,0,0,0,0,0,0,0,0,0
0,38,0,38,0,0,38,0,38,116,0,0,0,0,0,0,0,0,0,0,0,0,0,0,0,0,0,0,0,0,0,0,0,0,0,0,0
0,26,0,26,0,0,26,0,26,92,0,0,0,0,0,0,0,0,0,0,0,0,0,0,0,0,0,0,0,0,0,0,0,0,0,0,0
0,77,0,77,0,0,77,0,77,78,0,0,0,0,0,0,0,0,0,0,0,0,0,0,0,0,0,0,0,0,0,0,0,0,0,0,0
0,59,0,59,0,0,59,0,59,72,0,0,0,0,0,0,0,0,0,0,0,0,0,0,0,0,0,0,0,0,0,0,0,0,0,0,0
0,22,0,22,0,0,22,0,22,83,0,0,0,0,0,0,0,0,0,0,0,0,0,0,0,0,0,0,0,0,0,0,0,0,0,0,0
0,39,0,39,0,0,39,0,39,64,27,0,0,0,0,0,0,0,0,0,0,0,0,0,0,0,0,0,0,0,0,0,0,0,0,0,0
0,20,0,20,0,0,20,0,20,49,37,0,0,0,0,0,0,0,0,0,0,0,0,0,0,0,0,0,0,0,0,0,0,0,0,0,0
0,24,0,24,0,0,24,0,24,78,45,0,0,0,0,0,0,0,0,0,0,0,0,0,0,0,0,0,0,0,0,0,0,0,0,0,0
0,26,0,26,0,0,26,0,26,40,30,0,0,0,0,0,0,0,0,0,0,0,0,0,0,0,0,0,0,0,0,0,0,0,0,0,0
0,23,0,23,0,0,23,0,23,25,43,0,0,0,0,0,0,0,0,0,0,0,0,0,0,0,0,0,0,0,0,0,0,0,0,0,0
0,32,0,32,0,0,32,0,32,23,43,0,0,0,0,0,0,0,0,0,0,0,0,0,0,0,0,0,0,0,0,0,0,0,0,0,0
0,101,0,101,0,0,101,0,101,21,31,0,0,0,0,0,0,0,0,0,0,0,0,0,0,0,0,0,0,0,0,0,0,0,0,0,0
0,97,0,97,0,0,97,0,97,28,32,0,0,0,0,0,0,0,0,0,0,0,0,0,0,0,0,0,0,0,0,0,0,0,0,0,0
0,83,0,83,0,0,83,0,83,35,38,0,0,0,0,0,0,0,0,0,0,0,0,0,0,0,0,0,0,0,0,0,0,0,0,0,0
0,109,0,109,0,0,109,0,109,20,24,0,0,0,0,0,0,0,0,0,0,0,0,0,0,0,0,0,0,0,0,0,0,0,0,0,0
0,100,0,100,0,0,100,0,100,23,33,0,0,0,0,0,0,0,0,0,0,0,0,0,0,0,0,0,0,0,0,0,0,0,0,0,0
0,188,0,188,0,0,188,0,188,0,45,0,0,0,0,0,0,0,0,0,0,0,0,0,0,0,0,0,0,0,0,0,0,0,0,0,0
0,175,0,175,0,0,175,0,175,20,33,0,0,0,0,0,0,0,0,0,0,0,0,0,0,0,0,0,0,0,0,0,0,0,0,0,0
0,228,0,228,0,0,228,0,228,0,21,0,0,0,0,0,0,0,0,0,0,0,0,0,0,0,0,0,0,0,0,0,0,0,0,0,0
0,263,0,263,0,0,263,0,263,0,26,0,0,0,0,0,0,0,0,0,0,0,0,0,0,0,0,0,0,0,0,0,0,0,0,0,0
0,298,0,298,0,0,298,0,298,0,35,0,0,0,0,0,0,0,0,0,0,0,0,0,0,0,0,0,0,0,0,0,0,0,0,0,0
0,304,0,304,0,0,304,0,304,0,21,0,0,0,0,0,0,0,0,0,0,0,0,0,0,0,0,0,0,0,0,0,0,0,0,0,0
0,391,0,391,0,0,391,0,391,0,391,0,0,0,0,0,0,0,0,0,0,0,0,0,0,0,0,0,0,0,0,0,0,0,0,0,0
0,373,0,373,0,0,373,0,373,0,373,45,0,0,0,0,0,0,0,0,0,0,0,0,0,0,0,0,0,0,0,0,0,0,0,0,0
0,352,0,352,0,0,352,0,352,0,352,0,0,0,0,0,0,0,0,0,0,0,0,0,0,0,0,0,0,0,0,0,0,0,0,0,0
0,404,0,404,0,0,404,0,404,0,404,0,0,0,0,0,0,0,0,0,0,0,0,0,0,0,0,0,0,0,0,0,0,0,0,0,0
0,489,0,489,0,0,489,0,489,0,489,26,0,0,0,0,0,0,0,0,0,0,0,0,0,0,0,0,0,0,0,0,0,0,0,0,0
0,561,0,561,0,0,561,0,561,0,561,0,0,0,0,0,0,0,0,0,0,0,0,0,0,0,0,0,0,0,0,0,0,0,0,0,0
0,598,0,598,0,0,598,0,598,0,598,24,0,0,0,0,0,0,0,0,0,0,0,0,0,0,0,0,0,0,0,0,0,0,0,0,0
20,617,20,617,0,0,617,0,617,0,617,20,0,0,0,0,0,0,0,0,0,0,0,0,0,0,0,0,0,0,0,0,0,0,0,0,0
26,576,26,576,0,0,576,0,576,0,576,26,0,0,0,0,0,0,0,0,0,0,0,0,0,0,0,0,0,0,0,0,0,0,0,0,0
566,566,566,566,0,0,566,0,566,0,566,566,0,0,0,0,0,0,0,0,0,0,0,0,0,0,0,0,0,0,0,0,0,0,0,0,0
566,566,566,566,0,0,566,0,566,0,566,566,0,0,0,0,0,0,0,0,0,0,0,0,0,0,0,0,0,0,0,0,0,0,0,0,0
449,449,449,449,0,0,449,0,449,0,449,449,0,0,0,0,0,0,0,0,0,0,0,0,0,0,0,0,0,0,0,0,0,0,0,0,0
406,406,406,406,0,0,406,0,406,0,406,406,0,0,0,0,0,0,0,0,0,0,0,0,0,0,0,0,0,0,0,0,0,0,0,0,0
442,442,442,442,0,0,442,0,442,0,442,442,0,0,0,0,0,0,0,0,0,0,0,0,0,0,0,0,0,0,0,0,0,0,0,0,0
470,470,470,470,0,0,470,0,470,0,470,470,21,0,0,0,0,0,0,0,0,0,0,0,0,0,0,0,0,0,0,0,0,0,0,0,0
449,449,449,449,0,0,449,0,449,0,449,449,28,0,0,0,0,0,0,0,0,0,0,0,0,0,0,0,0,0,0,0,0,0,0,0,0
403,403,403,403,0,0,403,0,403,0,403,403,0,0,0,0,0,0,0,0,0,0,0,0,0,0,0,0,0,0,0,0,0,0,0,0,0
310,310,310,310,0,0,310,0,310,0,310,310,23,0,0,0,0,0,0,0,0,0,0,0,0,0,0,0,0,0,0,0,0,0,0,0,0
336,336,336,336,0,0,336,0,336,0,336,336,33,0,0,0,0,0,0,0,0,0,0,0,0,0,0,0,0,0,0,0,0,0,0,0,0
298,298,298,298,0,0,298,0,298,0,298,298,40,0,0,0,0,0,0,0,0,0,0,0,0,0,0,0,0,0,0,0,0,0,0,0,0
333,333,333,333,0,0,333,0,333,0,333,333,35,0,0,0,0,0,0,0,0,0,0,0,0,0,0,0,0,0,0,0,0,0,0,0,0
381,381,381,381,0,0,381,0,381,0,381,381,37,0,0,0,0,0,0,0,0,0,0,0,0,0,0,0,0,0,0,0,0,0,0,0,0
388,388,388,388,0,0,388,0,388,0,388,388,36,0,0,0,0,0,0,0,0,0,0,0,0,0,0,0,0,0,0,0,0,0,0,0,0
345,345,345,345,0,0,345,0,345,0,345,345,48,0,0,0,0,0,0,0,0,0,0,0,0,0,0,0,0,0,0,0,0,0,0,0,0
333,333,333,333,0,0,333,0,333,0,333,333,45,0,0,0,0,0,0,0,0,0,0,0,0,0,0,0,0,0,0,0,0,0,0,0,0
370,370,370,370,0,0,370,0,370,0,370,370,74,0,0,0,0,0,0,0,0,0,0,0,0,0,0,0,0,0,0,0,0,0,0,0,0
325,325,325,325,0,0,325,0,325,0,325,325,93,0,0,0,0,0,0,0,0,0,0,0,0,0,0,0,0,0,0,0,0,0,0,0,0
331,331,331,331,0,0,331,0,331,0,331,331,89,0,0,0,0,0,0,0,0,0,0,0,0,0,0,0,0,0,0,0,0,0,0,0,0
304,304,304,304,0,0,304,0,304,0,304,304,66,0,0,0,0,0,0,0,0,0,0,0,0,0,0,0,0,0,0,0,0,0,0,0,0
356,356,356,356,0,0,356,0,356,0,356,356,84,0,0,0,0,0,0,0,0,0,0,0,0,0,0,0,0,0,0,0,0,0,0,0,0
244,244,244,244,0,0,244,0,244,0,244,244,82,0,0,0,0,0,0,0,0,0,0,0,0,0,0,0,0,0,0,0,0,0,0,0,0
240,240,240,240,0,0,240,0,240,0,240,240,54,0,0,0,0,0,0,0,0,0,0,0,0,0,0,0,0,0,0,0,0,0,0,0,0
251,251,251,251,0,0,251,0,251,0,251,251,47,0,0,0,0,0,0,0,0,0,0,0,0,0,0,0,0,0,0,0,0,0,0,0,0
243,243,243,243,0,0,243,0,243,0,243,243,85,33,0,0,0,0,0,0,0,0,0,0,0,0,0,0,0,0,0,0,0,0,0,0,0
278,278,278,278,0,0,278,0,278,0,278,278,78,49,0,0,0,0,0,0,0,0,0,0,0,0,0,0,0,0,0,0,0,0,0,0,0
284,284,284,284,0,0,284,0,284,0,284,284,70,42,0,0,0,0,0,0,0,0,0,0,0,0,0,0,0,0,0,0,0,0,0,0,0
247,247,247,247,0,0,247,0,247,0,247,247,79,35,0,0,0,0,0,0,0,0,0,0,0,0,0,0,0,0,0,0,0,0,0,0,0
239,239,239,239,0,0,239,0,239,0,239,239,123,28,0,0,0,0,0,0,0,0,0,0,0,0,0,0,0,0,0,0,0,0,0,0,0
226,226,226,226,0,0,226,0,226,0,226,226,94,42,0,0,0,0,0,0,0,0,0,0,0,0,0,0,0,0,0,0,0,0,0,0,0
178,178,178,178,0,0,178,0,178,0,178,178,80,51,0,0,0,0,0,0,0,0,0,0,0,0,0,0,0,0,0,0,0,0,0,0,0
134,134,134,134,0,0,134,0,134,0,134,134,142,34,0,0,0,0,0,0,0,0,0,0,0,0,0,0,0,0,0,0,0,0,0,0,0
111,111,111,111,0,0,111,0,111,0,111,111,154,27,0,0,0,0,0,0,0,0,0,0,0,0,0,0,0,0,0,0,0,0,0,0,0
85,85,85,85,0,0,85,0,85,0,85,85,146,24,0,0,0,0,0,0,0,0,0,0,0,0,0,0,0,0,0,0,0,0,0,0,0
121,121,121,121,0,0,121,0,121,0,121,121,143,30,0,0,0,0,0,0,0,0,0,0,0,0,0,0,0,0,0,0,0,0,0,0,0
90,90,90,90,0,0,90,0,90,0,90,90,158,37,0,0,0,0,0,0,0,0,0,0,0,0,0,0,0,0,0,0,0,0,0,0,0
122,122,122,122,0,0,122,0,122,0,122,122,177,21,0,0,0,0,0,0,0,0,0,0,0,0,0,0,0,0,0,0,0,0,0,0,0
85,85,85,85,0,0,85,0,85,0,85,85,129,129,0,0,0,0,0,0,0,0,0,0,0,0,0,0,0,0,0,0,0,0,0,0,0
96,96,96,96,0,0,96,0,96,0,96,96,115,115,0,0,0,0,0,0,0,0,0,0,0,0,0,0,0,0,0,0,0,0,0,0,0
82,82,82,82,0,0,82,0,82,0,82,82,192,192,0,0,0,0,0,0,0,0,0,0,0,0,0,0,0,0,0,0,0,0,0,0,0
81,81,81,81,0,0,81,0,81,0,81,81,105,105,0,0,0,0,0,0,0,0,0,0,0,0,0,0,0,0,0,0,0,0,0,0,0
43,43,43,43,0,0,43,0,43,0,43,43,114,114,0,0,0,0,0,0,0,0,0,0,0,0,0,0,0,0,0,0,0,0,0,0,0
42,42,42,42,0,0,42,0,42,0,42,42,97,97,0,0,0,0,0,0,0,0,0,0,0,0,0,0,0,0,0,0,0,0,0,0,0
60,60,60,60,0,0,60,0,60,0,60,60,78,78,20,0,0,0,0,0,0,0,0,0,0,0,0,0,0,0,0,0,0,0,0,0,0
61,61,61,61,0,0,61,0,61,0,61,61,71,71,22,0,0,0,0,0,0,0,0,0,0,0,0,0,0,0,0,0,0,0,0,0,0
51,51,51,51,0,0,51,0,51,0,51,51,53,53,27,0,0,0,0,0,0,0,0,0,0,0,0,0,0,0,0,0,0,0,0,0,0
144,144,144,144,0,0,144,0,144,0,144,144,46,46,66,0,0,0,0,0,0,0,0,0,0,0,0,0,0,0,0,0,0,0,0,0,0
63,63,63,63,0,0,63,0,63,0,63,63,57,57,56,0,0,0,0,0,0,0,0,0,0,0,0,0,0,0,0,0,0,0,0,0,0
80,80,80,80,0,0,80,0,80,0,80,80,49,49,44,0,0,0,0,0,0,0,0,0,0,0,0,0,0,0,0,0,0,0,0,0,0
49,49,49,49,0,0,49,0,49,0,49,49,66,66,53,0,0,0,0,0,0,0,0,0,0,0,0,0,0,0,0,0,0,0,0,0,0
44,44,44,44,0,0,44,0,44,0,44,44,89,89,49,0,0,0,0,0,0,0,0,0,0,0,0,0,0,0,0,0,0,0,0,0,0
37,37,37,37,0,0,37,0,37,0,37,37,74,74,32,0,0,0,0,0,0,0,0,0,0,0,0,0,0,0,0,0,0,0,0,0,0
40,40,40,40,0,0,40,0,40,0,40,40,64,64,43,0,0,0,0,0,0,0,0,0,0,0,0,0,0,0,0,0,0,0,0,0,0
35,35,35,35,0,0,35,0,35,0,35,35,47,47,43,0,0,0,0,0,0,0,0,0,0,0,0,0,0,0,0,0,0,0,0,0,0
20,20,20,20,0,0,20,0,20,0,20,20,32,32,28,0,0,0,0,0,0,0,0,0,0,0,0,0,0,0,0,0,0,0,0,0,0
35,35,35,35,0,0,35,0,35,0,35,35,25,25,31,0,0,0,0,0,0,0,0,0,0,0,0,0,0,0,0,0,0,0,0,0,0
86,86,86,86,0,0,86,0,86,0,86,86,27,27,26,0,0,0,0,0,0,0,0,0,0,0,0,0,0,0,0,0,0,0,0,0,0
36,36,36,36,0,0,36,0,36,0,36,36,32,32,41,0,0,0,0,0,0,0,0,0,0,0,0,0,0,0,0,0,0,0,0,0,0
114,114,114,114,0,0,114,0,114,0,114,114,33,33,25,0,0,0,0,0,0,0,0,0,0,0,0,0,0,0,0,0,0,0,0,0,0
51,51,51,51,0,0,51,0,51,0,51,51,57,57,26,0,0,0,0,0,0,0,0,0,0,0,0,0,0,0,0,0,0,0,0,0,0
109,109,109,109,0,0,109,0,109,0,109,109,49,49,21,0,0,0,0,0,0,0,0,0,0,0,0,0,0,0,0,0,0,0,0,0,0
133,133,133,133,0,0,133,0,133,0,133,133,84,84,34,0,0,0,0,0,0,0,0,0,0,0,0,0,0,0,0,0,0,0,0,0,0
84,84,84,84,0,0,84,0,84,0,84,84,95,95,31,0,0,0,0,0,0,0,0,0,0,0,0,0,0,0,0,0,0,0,0,0,0
76,76,76,76,0,0,76,0,76,0,76,76,68,68,68,0,0,0,0,0,0,0,0,0,0,0,0,0,0,0,0,0,0,0,0,0,0
110,110,110,110,0,0,110,0,110,0,110,110,97,97,97,0,0,0,0,0,0,0,0,0,0,0,0,0,0,0,0,0,0,0,0,0,0
87,87,87,87,0,0,87,0,87,0,87,87,94,94,94,0,0,0,0,0,0,0,0,0,0,0,0,0,0,0,0,0,0,0,0,0,0
81,81,81,81,0,0,81,0,81,0,81,81,100,100,100,0,0,0,0,0,0,0,0,0,0,0,0,0,0,0,0,0,0,0,0,0,0
110,110,110,110,0,0,110,0,110,0,110,110,113,113,113,0,0,0,0,0,0,0,0,0,0,0,0,0,0,0,0,0,0,0,0,0,0
62,62,62,62,0,0,62,0,62,0,62,62,107,107,107,0,0,0,0,0,0,0,0,0,0,0,0,0,0,0,0,0,0,0,0,0,0
80,80,80,80,0,0,80,0,80,0,80,80,123,123,123,0,0,0,0,0,0,0,0,0,0,0,0,0,0,0,0,0,0,0,0,0,0
118,118,118,118,0,0,118,0,118,0,118,118,125,125,125,0,0,0,0,0,0,0,0,0,0,0,0,0,0,0,0,0,0,0,0,0,0
122,122,122,122,0,0,122,0,122,0,122,122,113,113,113,0,0,0,0,0,0,0,0,0,0,0,0,0,0,0,0,0,0,0,0,0,0
114,114,114,114,0,0,114,0,114,0,114,114,106,106,106,0,0,0,0,0,0,0,0,0,0,0,0,0,0,0,0,0,0,0,0,0,0
100,100,100,100,0,0,100,0,100,0,100,100,188,188,188,0,0,0,0,0,0,0,0,0,0,0,0,0,0,0,0,0,0,0,0,0,0
137,137,137,137,0,0,137,0,137,0,137,137,138,138,138,0,0,0,0,0,0,0,0,0,0,0,0,0,0,0,0,0,0,0,0,0,0
126,126,126,126,0,0,126,0,126,0,126,126,112,112,112,0,0,0,0,0,0,0,0,0,0,0,0,0,0,0,0,0,0,0,0,0,0
141,141,141,141,0,0,141,0,141,0,141,141,114,114,114,0,0,0,0,0,0,0,0,0,0,0,0,0,0,0,0,0,0,0,0,0,0
121,121,121,121,0,0,121,0,121,0,121,121,111,111,111,0,0,0,0,0,0,0,0,0,0,0,0,0,0,0,0,0,0,0,0,0,0
139,139,139,139,0,0,139,0,139,0,139,139,93,93,93,0,0,0,0,0,0,0,0,0,0,0,0,0,0,0,0,0,0,0,0,0,0
147,147,147,147,0,0,147,0,147,0,147,147,73,73,73,0,0,0,0,0,0,0,0,0,0,0,0,0,0,0,0,0,0,0,0,0,0
141,141,141,141,0,0,141,0,141,0,141,141,87,87,87,0,0,0,0,0,0,0,0,0,0,0,0,0,0,0,0,0,0,0,0,0,0
133,133,133,133,0,0,133,0,133,0,133,133,60,60,60,0,0,0,0,0,0,0,0,0,0,0,0,0,0,0,0,0,0,0,0,0,0
122,122,122,122,0,0,122,0,122,0,122,122,57,57,57,42,0,0,0,0,0,0,0,0,0,0,0,0,0,0,0,0,0,0,0,0,0
104,104,104,104,0,0,104,0,104,0,104,104,56,56,56,0,0,0,0,0,0,0,0,0,0,0,0,0,0,0,0,0,0,0,0,0,0
161,161,161,161,0,0,161,0,161,0,161,161,81,81,81,24,0,0,0,0,0,0,0,0,0,0,0,0,0,0,0,0,0,0,0,0,0
178,178,178,178,0,0,178,0,178,0,178,178,59,59,59,38,0,0,0,0,0,0,0,0,0,0,0,0,0,0,0,0,0,0,0,0,0
217,217,217,217,0,0,217,0,217,0,217,217,79,79,79,0,0,0,0,0,0,0,0,0,0,0,0,0,0,0,0,0,0,0,0,0,0
209,209,209,209,0,0,209,0,209,0,209,209,61,61,61,33,0,0,0,0,0,0,0,0,0,0,0,0,0,0,0,0,0,0,0,0,0
174,174,174,174,0,0,174,0,174,0,174,174,70,70,70,0,0,0,0,0,0,0,0,0,0,0,0,0,0,0,0,0,0,0,0,0,0
194,194,194,194,0,0,194,0,194,0,194,194,82,82,82,0,0,0,0,0,0,0,0,0,0,0,0,0,0,0,0,0,0,0,0,0,0
134,134,134,134,0,0,134,0,134,0,134,134,58,58,58,0,0,0,0,0,0,0,0,0,0,0,0,0,0,0,0,0,0,0,0,0,0
139,139,139,139,0,0,139,0,139,0,139,139,54,54,54,0,0,0,0,0,0,0,0,0,0,0,0,0,0,0,0,0,0,0,0,0,0
117,117,117,117,0,0,117,0,117,0,117,117,61,61,61,0,24,0,0,0,0,0,0,0,0,0,0,0,0,0,0,0,0,0,0,0,0
81,81,81,81,0,0,81,0,81,0,81,81,63,63,63,0,59,0,0,0,0,0,0,0,0,0,0,0,0,0,0,0,0,0,0,0,0
56,56,56,56,0,0,56,0,56,0,56,56,75,75,75,0,60,0,0,0,0,0,0,0,0,0,0,0,0,0,0,0,0,0,0,0,0
42,42,42,42,0,0,42,0,42,0,42,42,90,90,90,0,37,0,0,0,0,0,0,0,0,0,0,0,0,0,0,0,0,0,0,0,0
55,55,55,55,0,0,55,0,55,0,55,55,64,64,64,0,44,0,0,0,0,0,0,0,0,0,0,0,0,0,0,0,0,0,0,0,0
20,20,20,20,0,0,20,0,20,0,20,20,53,53,53,0,43,0,0,0,0,0,0,0,0,0,0,0,0,0,0,0,0,0,0,0,0
22,22,22,22,0,0,22,0,22,0,22,22,60,60,60,27,31,0,0,0,0,0,0,0,0,0,0,0,0,0,0,0,0,0,0,0,0
27,27,27,27,0,0,27,0,27,0,27,27,71,71,71,44,27,0,0,0,0,0,0,0,0,0,0,0,0,0,0,0,0,0,0,0,0
33,33,33,33,0,0,33,0,33,0,33,33,95,95,95,80,33,0,0,0,0,0,0,0,0,0,0,0,0,0,0,0,0,0,0,0,0
44,44,44,44,0,0,44,0,44,0,44,44,95,95,95,74,44,0,0,0,0,0,0,0,0,0,0,0,0,0,0,0,0,0,0,0,0
44,44,44,44,0,0,44,0,44,0,44,44,103,103,103,47,44,0,0,0,0,0,0,0,0,0,0,0,0,0,0,0,0,0,0,0,0
47,47,47,47,0,0,47,0,47,0,47,47,111,111,111,63,47,0,0,0,0,0,0,0,0,0,0,0,0,0,0,0,0,0,0,0,0
40,40,40,40,0,0,40,0,40,0,40,40,80,80,80,99,40,0,0,0,0,0,0,0,0,0,0,0,0,0,0,0,0,0,0,0,0
21,21,21,21,0,0,21,0,21,0,21,21,79,79,79,112,21,0,0,0,0,0,0,0,0,0,0,0,0,0,0,0,0,0,0,0,0
28,28,28,28,0,0,28,0,28,0,28,28,61,61,61,79,28,0,0,0,0,0,0,0,0,0,0,0,0,0,0,0,0,0,0,0,0
36,36,36,36,0,0,36,0,36,0,36,36,84,84,84,82,36,0,0,0,0,0,0,0,0,0,0,0,0,0,0,0,0,0,0,0,0
26,26,26,26,0,0,26,0,26,0,26,26,48,48,48,88,26,0,0,0,0,0,0,0,0,0,0,0,0,0,0,0,0,0,0,0,0
44,44,44,44,0,0,44,0,44,0,44,44,48,48,48,31,44,0,0,0,0,0,0,0,0,0,0,0,0,0,0,0,0,0,0,0,0
48,48,48,48,0,0,48,0,48,0,48,48,53,53,53,48,48,0,0,0,0,0,0,0,0,0,0,0,0,0,0,0,0,0,0,0,0
39,39,39,39,0,0,39,0,39,0,39,39,64,64,64,27,39,0,0,0,0,0,0,0,0,0,0,0,0,0,0,0,0,0,0,0,0
29,29,29,29,0,0,29,0,29,0,29,29,65,65,65,32,29,0,0,0,0,0,0,0,0,0,0,0,0,0,0,0,0,0,0,0,0
38,38,38,38,0,0,38,0,38,0,38,38,67,67,67,73,38,0,0,0,0,0,0,0,0,0,0,0,0,0,0,0,0,0,0,0,0
47,47,47,47,0,0,47,0,47,0,47,47,42,42,42,71,47,0,0,0,0,0,0,0,0,0,0,0,0,0,0,0,0,0,0,0,0
36,36,36,36,0,0,36,0,36,0,36,36,36,36,36,105,36,0,0,0,0,0,0,0,0,0,0,0,0,0,0,0,0,0,0,0,0
81,81,81,81,0,0,81,0,81,0,81,81,0,0,0,124,81,25,0,0,0,0,0,0,0,0,0,0,0,0,0,0,0,0,0,0,0
55,55,55,55,0,0,55,0,55,0,55,55,0,0,0,98,55,24,0,0,0,0,0,0,0,0,0,0,0,0,0,0,0,0,0,0,0
56,56,56,56,0,0,56,0,56,0,56,56,0,0,0,95,56,0,0,0,0,0,0,0,0,0,0,0,0,0,0,0,0,0,0,0,0
76,76,76,76,0,0,76,0,76,0,76,76,0,0,0,127,76,0,0,0,0,0,0,0,0,0,0,0,0,0,0,0,0,0,0,0,0
55,55,55,55,0,0,55,0,55,0,55,55,0,0,0,149,55,0,0,0,0,0,0,0,0,0,0,0,0,0,0,0,0,0,0,0,0
46,46,46,46,0,0,46,0,46,0,46,46,0,0,0,148,46,0,0,0,0,0,0,0,0,0,0,0,0,0,0,0,0,0,0,0,0
44,44,44,44,0,0,44,0,44,0,44,44,0,0,0,168,44,20,0,0,0,0,0,0,0,0,0,0,0,0,0,0,0,0,0,0,0
46,46,46,46,24,0,46,24,46,0,46,46,0,0,0,95,46,21,0,0,0,0,0,0,0,0,0,0,0,0,0,0,0,0,0,0,0
30,30,30,30,22,0,30,22,30,0,30,30,0,0,0,135,30,30,0,0,0,0,0,0,0,0,0,0,0,0,0,0,0,0,0,0,0
51,51,51,51,201,0,51,201,51,0,51,51,0,0,0,201,51,51,0,0,0,0,0,0,0,0,0,0,0,0,0,0,0,0,0,0,0
43,43,43,43,154,0,43,154,43,0,43,43,0,0,0,154,43,43,0,0,0,0,0,0,0,0,0,0,0,0,0,0,0,0,0,0,0
40,40,40,40,202,0,40,202,40,0,40,40,0,0,0,202,40,40,0,0,0,0,0,0,0,0,0,0,0,0,0,0,0,0,0,0,0
45,45,45,45,287,0,45,287,45,0,45,45,0,0,0,287,45,45,0,0,0,0,0,0,0,0,0,0,0,0,0,0,0,0,0,0,0
51,51,51,51,356,0,51,356,51,0,51,51,0,0,0,356,51,51,0,0,0,0,0,0,0,0,0,0,0,0,0,0,0,0,0,0,0
95,95,95,95,376,0,95,376,95,0,95,95,0,0,0,376,95,95,0,0,0,0,0,0,0,0,0,0,0,0,0,0,0,0,0,0,0
126,126,126,126,346,0,126,346,126,0,126,126,0,0,0,346,126,126,0,0,0,0,0,0,0,0,0,0,0,0,0,0,0,0,0,0,0
137,137,137,137,418,0,137,418,137,0,137,137,24,24,24,418,137,137,0,0,0,0,0,0,0,0,0,0,0,0,0,0,0,0,0,0,0
128,128,128,128,406,0,128,406,128,0,128,128,0,0,0,406,128,128,0,0,0,0,0,0,0,0,0,0,0,0,0,0,0,0,0,0,0
153,153,153,153,414,0,153,414,153,0,153,153,0,0,0,414,153,153,0,0,0,0,0,0,0,0,0,0,0,0,0,0,0,0,0,0,0
204,204,204,204,372,0,204,372,204,0,204,204,35,35,35,372,204,204,0,0,0,0,0,0,0,0,0,0,0,0,0,0,0,0,0,0,0
169,169,169,169,406,0,169,406,169,0,169,169,30,30,30,406,169,169,0,0,0,0,0,0,0,0,0,0,0,0,0,0,0,0,0,0,0
118,118,118,118,295,0,118,295,118,0,118,118,38,38,38,295,118,118,0,0,0,0,0,0,0,0,0,0,0,0,0,0,0,0,0,0,0
115,115,115,115,340,0,115,340,115,0,115,115,35,35,35,340,115,115,0,0,0,0,0,0,0,0,0,0,0,0,0,0,0,0,0,0,0
112,112,112,112,266,0,112,266,112,92,112,112,32,32,32,266,112,112,0,0,0,0,0,0,0,0,0,0,0,0,0,0,0,0,0,0,0
48,48,48,48,224,0,48,224,48,84,48,48,46,46,46,224,48,48,0,0,0,0,0,0,0,0,0,0,0,0,0,0,0,0,0,0,0
25,25,25,25,247,0,25,247,25,63,25,25,25,25,25,247,25,25,0,0,0,0,0,0,0,0,0,0,0,0,0,0,0,0,0,0,0
74,74,74,74,301,0,74,301,74,79,74,74,25,25,25,301,74,74,0,0,0,0,0,0,0,0,0,0,0,0,0,0,0,0,0,0,0
101,101,101,101,271,0,101,271,101,47,101,101,47,47,47,271,101,101,0,0,0,0,0,0,0,0,0,0,0,0,0,0,0,0,0,0,0
129,129,129,129,294,0,129,294,129,38,129,129,45,45,45,294,129,129,0,0,0,0,0,0,0,0,0,0,0,0,0,0,0,0,0,0,0
138,138,138,138,355,0,138,355,138,21,138,138,67,67,67,355,138,138,0,0,0,0,0,0,0,0,0,0,0,0,0,0,0,0,0,0,0
114,114,114,114,234,0,114,234,114,22,114,114,55,55,55,234,114,114,0,0,0,0,0,0,0,0,0,0,0,0,0,0,0,0,0,0,0
69,69,69,69,226,0,69,226,69,226,69,69,86,86,86,226,69,69,0,0,0,0,0,0,0,0,0,0,0,0,0,0,0,0,0,0,0
90,90,90,90,172,0,90,172,90,172,90,90,89,89,89,172,90,90,0,0,0,0,0,0,0,0,0,0,0,0,0,0,0,0,0,0,0
82,82,82,82,176,0,82,176,82,176,82,82,102,102,102,176,82,82,0,0,0,0,0,0,0,0,0,0,0,0,0,0,0,0,0,0,0
162,162,162,162,130,0,162,130,162,130,162,162,57,57,57,130,162,162,0,0,0,0,0,0,0,0,0,0,0,0,0,0,0,0,0,0,0
161,161,161,161,118,0,161,118,161,118,161,161,74,74,74,118,161,161,0,0,0,0,0,0,0,0,0,0,0,0,0,0,0,0,0,0,0
171,171,171,171,127,0,171,127,171,127,171,171,75,75,75,127,171,171,0,0,0,0,0,0,0,0,0,0,0,0,0,0,0,0,0,0,0
141,141,141,141,115,0,141,115,141,115,141,141,69,69,69,115,141,141,0,0,0,0,0,0,0,0,0,0,0,0,0,0,0,0,0,0,0
141,141,141,141,102,0,141,102,141,102,141,141,90,90,90,102,141,141,0,0,0,0,0,0,0,0,0,0,0,0,0,0,0,0,0,0,0
107,107,107,107,107,0,107,107,107,107,107,107,103,103,103,107,107,107,0,0,0,0,0,0,0,0,0,0,0,0,0,0,0,0,0,0,0
133,133,133,133,87,0,133,87,133,87,133,133,126,126,126,87,133,133,0,0,0,0,0,0,0,0,0,0,0,0,0,0,0,0,0,0,0
140,140,140,140,94,0,140,94,140,94,140,140,115,115,115,94,140,140,0,0,0,0,0,0,0,0,0,0,0,0,0,0,0,0,0,0,0
123,123,123,123,96,0,123,96,123,96,123,123,110,110,110,96,123,123,0,0,0,0,0,0,0,0,0,0,0,0,0,0,0,0,0,0,0
113,113,113,113,132,0,113,132,113,132,113,113,80,80,80,132,113,113,0,0,0,0,0,0,0,0,0,0,0,0,0,0,0,0,0,0,0
103,103,103,103,79,0,103,79,103,79,103,103,110,110,110,79,103,103,0,0,0,0,0,0,0,0,0,0,0,0,0,0,0,0,0,0,0
156,156,156,156,130,0,156,130,156,130,156,156,91,91,91,130,156,156,0,0,0,0,0,0,0,0,0,0,0,0,0,0,0,0,0,0,0
117,117,117,117,161,0,117,161,117,161,117,117,80,80,80,161,117,117,0,0,0,0,0,0,0,0,0,0,0,0,0,0,0,0,0,0,0
191,191,191,191,197,0,191,197,191,197,191,191,123,123,123,197,191,191,0,0,0,0,0,0,0,0,0,0,0,0,0,0,0,0,0,0,0
208,208,208,208,124,0,208,124,208,124,208,208,123,123,123,124,208,208,0,0,0,0,0,0,0,0,0,0,0,0,0,0,0,0,0,0,0
126,126,126,126,103,0,126,103,126,103,126,126,118,118,118,103,126,126,0,0,0,0,0,0,0,0,0,0,0,0,0,0,0,0,0,0,0
139,139,139,139,84,0,139,84,139,84,139,139,104,104,104,84,139,139,0,0,0,0,0,0,0,0,0,0,0,0,0,0,0,0,0,0,0
130,130,130,130,96,0,130,96,130,96,130,130,116,116,116,96,130,130,0,0,0,0,0,0,0,0,0,0,0,0,0,0,0,0,0,0,0
129,129,129,129,68,0,129,68,129,68,129,129,134,134,134,68,129,129,0,0,0,0,0,0,0,0,0,0,0,0,0,0,0,0,0,0,0
149,149,149,149,51,0,149,51,149,51,149,149,155,155,155,51,149,149,0,0,0,0,0,0,0,0,0,0,0,0,0,0,0,0,0,0,0
117,117,117,117,61,0,117,61,117,61,117,117,137,137,137,61,117,117,0,0,0,0,0,0,0,0,0,0,0,0,0,0,0,0,0,0,0
135,135,135,135,42,0,135,42,135,42,135,135,167,167,167,42,135,135,0,0,0,0,0,0,0,0,0,0,0,0,0,0,0,0,0,0,0
138,138,138,138,25,0,138,25,138,25,138,138,128,128,128,25,138,138,0,0,0,0,0,0,0,0,0,0,0,0,0,0,0,0,0,0,0
146,146,146,146,47,0,146,47,146,47,146,146,110,110,110,47,146,146,0,0,0,0,0,0,0,0,0,0,0,0,0,0,0,0,0,0,0
143,143,143,143,27,0,143,27,143,27,143,143,150,150,150,27,143,143,0,0,0,0,0,0,0,0,0,0,0,0,0,0,0,0,0,0,0
162,162,162,162,32,0,162,32,162,32,162,162,123,123,123,32,162,162,0,0,0,0,0,0,0,0,0,0,0,0,0,0,0,0,0,0,0
155,155,155,155,36,0,155,36,155,36,155,155,102,102,102,36,155,155,0,0,0,0,0,0,0,0,0,0,0,0,0,0,0,0,0,0,0
127,127,127,127,62,0,127,62,127,62,127,127,89,89,89,62,127,127,0,0,0,0,0,0,0,0,0,0,0,0,0,0,0,0,0,0,0
117,117,117,117,85,0,117,85,117,85,117,117,93,93,93,85,117,117,0,0,0,0,0,0,0,0,0,0,0,0,0,0,0,0,0,0,0
67,67,67,67,62,0,67,62,67,62,67,67,77,77,77,62,67,67,0,0,0,0,0,0,0,0,0,0,0,0,0,0,0,0,0,0,0
83,83,83,83,61,0,83,61,83,61,83,83,90,90,90,61,83,83,0,0,0,0,0,0,0,0,0,0,0,0,0,0,0,0,0,0,0
95,95,95,95,85,0,95,85,95,85,95,95,82,82,82,85,95,95,0,0,0,0,0,0,0,0,0,0,0,0,0,0,0,0,0,0,0
62,62,62,62,55,0,62,55,62,55,62,62,68,68,68,55,62,62,0,0,0,0,0,0,0,0,0,0,0,0,0,0,0,0,0,0,0
93,93,93,93,41,0,93,41,93,41,93,93,59,59,59,41,93,93,0,0,0,0,0,0,0,0,0,0,0,0,0,0,0,0,0,0,0
103,103,103,103,57,0,103,57,103,57,103,103,73,73,73,57,103,103,0,0,0,0,0,0,0,0,0,0,0,0,0,0,0,0,0,0,0
164,164,164,164,21,0,164,21,164,21,164,164,73,73,73,21,164,164,0,0,0,0,0,0,0,0,0,0,0,0,0,0,0,0,0,0,0
146,146,146,146,59,0,146,59,146,59,146,146,50,50,50,59,146,146,0,0,0,0,0,0,0,0,0,0,0,0,0,0,0,0,0,0,0
166,166,166,166,55,0,166,55,166,55,166,166,31,31,31,55,166,166,0,0,0,0,0,0,0,0,0,0,0,0,0,0,0,0,0,0,0
142,142,142,142,51,0,142,51,142,51,142,142,0,0,0,51,142,142,0,0,0,0,0,0,0,0,0,0,0,0,0,0,0,0,0,0,0
143,143,143,143,74,0,143,74,143,74,143,143,0,0,0,74,143,143,0,0,0,0,0,0,0,0,0,0,0,0,0,0,0,0,0,0,0
136,136,136,136,68,0,136,68,136,68,136,136,0,0,0,68,136,136,0,0,0,0,0,0,0,0,0,0,0,0,0,0,0,0,0,0,0
132,132,132,132,84,0,132,84,132,84,132,132,0,0,0,84,132,132,0,0,0,0,0,0,0,0,0,0,0,0,0,0,0,0,0,0,0
135,135,135,135,82,0,135,82,135,82,135,135,0,0,0,82,135,135,0,0,0,0,0,0,0,0,0,0,0,0,0,0,0,0,0,0,0
136,136,136,136,68,0,136,68,136,68,136,136,0,0,0,68,136,136,0,0,0,0,0,0,0,0,0,0,0,0,0,0,0,0,0,0,0
145,145,145,145,56,0,145,56,145,56,145,145,0,0,0,56,145,145,0,0,0,0,0,0,0,0,0,0,0,0,0,0,0,0,0,0,0
148,148,148,148,82,0,148,82,148,82,148,148,0,0,0,82,148,148,0,0,0,0,0,0,0,0,0,0,0,0,0,0,0,0,0,0,0
176,176,176,176,65,0,176,65,176,65,176,176,0,0,0,65,176,176,0,0,0,0,0,0,0,0,0,0,0,0,0,0,0,0,0,0,0
178,178,178,178,87,0,178,87,178,87,178,178,0,0,0,87,178,178,0,0,0,0,0,0,0,0,0,0,0,0,0,0,0,0,0,0,0
115,115,115,115,60,0,115,60,115,60,115,115,0,0,0,60,115,115,0,0,0,0,0,0,0,0,0,0,0,0,0,0,0,0,0,0,0
100,100,100,100,49,0,100,49,100,49,100,100,0,0,0,49,100,100,0,0,0,0,0,0,0,0,0,0,0,0,0,0,0,0,0,0,0
91,91,91,91,61,0,91,61,91,61,91,91,0,0,0,61,91,91,0,0,0,0,0,0,0,0,0,0,0,0,0,0,0,0,0,0,0
94,94,94,94,50,0,94,50,94,50,94,94,22,22,22,50,94,94,0,0,0,0,0,0,0,0,0,0,0,0,0,0,0,0,0,0,0
94,94,94,94,58,0,94,58,94,58,94,94,30,30,30,58,94,94,0,0,0,0,0,0,0,0,0,0,0,0,0,0,0,0,0,0,0
44,44,44,44,47,0,44,47,44,47,44,44,35,35,35,47,44,44,0,0,0,0,0,0,0,0,0,0,0,0,0,0,0,0,0,0,0
53,53,53,53,33,0,53,33,53,33,53,53,41,41,41,33,53,53,0,0,0,0,0,0,0,0,0,0,0,0,0,0,0,0,0,0,0
47,47,47,47,36,0,47,36,47,36,47,47,60,60,60,36,47,47,0,0,0,0,0,0,0,0,0,0,0,0,0,0,0,0,0,0,0
0,0,0,0,34,0,0,34,0,34,0,0,23,23,23,34,0,0,0,0,0,0,0,0,0,0,0,0,0,0,0,0,0,0,0,0,0
0,0,0,0,40,0,0,40,0,40,0,0,44,44,44,40,0,0,0,0,0,0,0,0,0,0,0,0,0,0,0,0,0,0,0,0,0
0,0,0,0,52,0,0,52,0,52,0,0,27,27,27,52,0,0,0,0,0,0,0,0,0,0,0,0,0,0,0,0,0,0,0,0,0
0,0,0,0,31,0,0,31,0,31,0,0,38,38,38,31,0,0,0,0,0,0,0,0,0,0,0,0,0,0,0,0,0,0,0,0,0
0,0,0,0,86,0,0,86,0,86,0,0,30,30,30,86,0,0,0,0,0,0,0,0,0,0,0,0,0,0,0,0,0,0,0,0,0
0,0,0,0,87,0,0,87,0,87,0,0,44,44,44,87,0,0,0,0,0,0,0,0,0,0,0,0,0,0,0,0,0,0,0,0,0
0,0,0,0,49,0,0,49,0,49,0,0,32,32,32,49,0,0,0,0,0,0,0,0,0,0,0,0,0,0,0,0,0,0,0,0,0
0,0,0,0,73,0,0,73,0,73,0,0,45,45,45,73,0,0,0,0,0,0,0,0,0,0,0,0,0,0,0,0,0,0,0,0,0
0,0,0,0,33,0,0,33,0,33,0,0,36,36,36,33,0,0,0,0,0,0,0,0,0,0,0,0,0,0,0,0,0,0,0,0,0
0,0,0,0,36,0,0,36,0,36,0,0,47,47,47,36,0,0,0,0,0,0,0,0,0,0,0,0,0,0,0,0,0,0,0,0,0
0,0,0,0,34,0,0,34,0,34,0,0,51,51,51,34,0,0,0,0,0,0,0,0,0,0,0,0,0,0,0,0,0,0,0,0,0
0,0,0,0,37,0,0,37,0,37,0,0,33,33,33,37,0,0,0,0,0,0,0,0,0,0,0,0,0,0,0,0,0,0,0,0,0
0,0,0,0,55,0,0,55,0,55,0,0,29,29,29,55,0,0,0,0,0,0,0,0,0,0,0,0,0,0,0,0,0,0,0,0,0
0,0,0,0,61,0,0,61,0,61,0,0,36,36,36,61,0,0,0,0,0,0,0,0,0,0,0,0,0,0,0,0,0,0,0,0,0
0,0,0,0,68,0,0,68,0,68,0,0,40,40,40,68,0,0,0,0,0,0,0,0,0,0,0,0,0,0,0,0,0,0,0,0,0
0,0,0,0,62,0,0,62,0,62,0,0,43,43,43,62,0,0,0,0,0,0,0,0,0,0,0,0,0,0,0,0,0,0,0,0,0
0,0,0,0,60,0,0,60,0,60,0,0,41,41,41,60,0,0,0,0,0,0,0,0,0,0,0,0,0,0,0,0,0,0,0,0,0
0,0,0,0,79,0,0,79,0,79,0,0,28,28,28,79,0,0,0,0,0,0,0,0,0,0,0,0,0,0,0,0,0,0,0,0,0
0,0,0,0,68,0,0,68,0,68,0,0,45,45,45,68,0,0,0,0,0,0,0,0,0,0,0,0,0,0,0,0,0,0,0,0,0
0,0,0,0,94,0,0,94,0,94,0,0,40,40,40,94,0,0,0,0,0,0,0,0,0,0,0,0,0,0,0,0,0,0,0,0,0
0,0,0,0,52,0,0,52,0,52,0,0,55,55,55,52,0,0,0,0,0,0,0,0,0,0,0,0,0,0,0,0,0,0,0,0,0
0,0,0,0,51,0,0,51,0,51,0,0,64,64,64,51,0,0,0,0,0,0,0,0,0,0,0,0,0,0,0,0,0,0,0,0,0
0,0,0,0,40,0,0,40,0,40,0,0,42,42,42,40,0,0,0,0,0,0,0,0,0,0,0,0,0,0,0,0,0,0,0,0,0
0,0,0,0,76,0,0,76,0,76,0,0,44,44,44,76,0,0,0,0,0,0,0,0,0,0,0,0,0,0,0,0,0,0,0,0,0
0,0,0,0,41,0,0,41,0,41,0,0,52,52,52,41,0,0,0,0,0,0,0,0,0,0,0,0,0,0,0,0,0,0,0,0,0
0,0,0,0,75,0,0,75,0,75,0,0,31,31,31,75,0,0,0,0,0,0,0,0,0,0,0,0,0,0,0,0,0,0,0,0,0
0,0,0,0,31,0,0,31,0,31,0,0,33,33,33,31,0,0,0,0,0,0,0,0,0,0,0,0,0,0,0,0,0,0,0,0,0
0,0,0,0,21,0,0,21,0,21,0,0,24,24,24,21,0,0,0,0,0,0,0,0,0,0,0,0,0,0,0,0,0,0,0,0,0
0,0,0,0,25,0,0,25,0,25,0,0,24,24,24,25,0,0,0,0,0,0,0,0,0,0,0,0,0,0,0,0,0,0,0,0,0
0,0,0,0,21,0,0,21,0,21,0,0,25,25,25,21,0,0,0,0,0,0,0,0,0,0,0,0,0,0,0,0,0,0,0,0,0
0,0,0,0,0,0,0,0,0,0,0,0,0,0,0,0,0,0,0,0,0,0,0,0,0,0,0,0,0,0,0,0,0,0,0,0,0
0,0,0,0,0,0,0,0,0,0,0,0,50,50,50,0,0,0,0,0,0,0,0,0,0,0,0,0,0,0,0,0,0,0,0,0,0
0,0,0,0,0,0,0,0,0,0,0,0,45,45,45,0,0,0,0,0,0,0,0,0,0,0,0,0,0,0,0,0,0,0,0,0,0
0,0,0,0,0,0,0,0,0,0,0,0,33,33,33,0,0,0,0,0,0,0,0,0,0,0,0,0,0,0,0,0,0,0,0,0,0
0,0,0,0,0,0,0,0,0,0,0,0,31,31,31,0,0,0,0,0,0,0,0,0,0,0,0,0,0,0,0,0,0,0,0,0,0
0,0,0,0,0,0,0,0,0,0,0,0,30,30,30,0,0,0,0,0,0,0,0,0,0,0,0,0,0,0,0,0,0,0,0,0,0
0,0,0,0,0,0,0,0,0,0,0,0,0,0,0,0,0,0,0,0,0,0,0,0,0,0,0,0,0,0,0,0,0,0,0,0,0
0,0,0,0,0,0,0,0,0,0,0,0,0,0,0,0,0,0,0,0,0,0,0,0,0,0,0,0,0,0,0,0,0,0,0,0,0
0,0,0,0,0,0,0,0,0,0,0,0,0,0,0,0,0,0,0,0,0,0,0,0,0,0,0,0,0,0,0,0,0,0,0,0,0
0,0,0,0,0,0,0,0,0,0,0,0,0,0,0,0,0,0,0,0,0,0,0,0,0,0,0,0,0,0,0,0,0,0,0,0,0
0,0,0,0,0,0,0,0,0,0,0,0,0,0,0,0,0,0,0,0,0,0,0,0,0,0,0,0,0,0,0,0,0,0,0,0,0
0,0,0,0,0,0,0,0,0,0,0,0,0,0,0,0,0,0,0,0,0,0,0,0,0,0,0,0,0,0,0,0,0,0,0,0,0
0,0,0,0,23,0,0,23,0,23,0,0,0,0,0,23,0,0,0,0,0,0,0,0,0,0,0,0,0,0,0,0,0,0,0,0,0
0,0,0,0,26,0,0,26,0,26,0,0,0,0,0,26,0,0,0,0,0,0,0,0,0,0,0,0,0,0,0,0,0,0,0,0,0
0,0,0,0,31,0,0,31,0,31,0,0,0,0,0,31,0,0,0,0,0,0,0,0,0,0,0,0,0,0,0,0,0,0,0,0,0
0,0,0,0,33,0,0,33,0,33,0,0,0,0,0,33,0,0,0,0,0,0,0,0,0,0,0,0,0,0,0,0,0,0,0,0,0
0,0,0,0,26,0,0,26,0,26,0,0,0,0,0,26,0,0,0,0,0,0,0,0,0,0,0,0,0,0,0,0,0,0,0,0,0
0,0,0,0,50,0,0,50,0,50,0,0,0,0,0,50,0,0,33,0,0,0,0,0,0,0,0,0,0,0,0,0,0,0,0,0,0
0,0,0,0,47,0,0,47,0,47,0,0,0,0,0,47,0,0,35,0,0,0,0,0,0,0,0,0,0,0,0,0,0,0,0,0,0
0,0,0,0,38,0,0,38,0,38,0,0,0,0,0,38,0,0,32,0,0,0,0,0,0,0,0,0,0,0,0,0,0,0,0,0,0
0,0,0,0,129,0,0,129,0,129,0,0,0,0,0,129,0,0,37,0,0,0,0,0,0,0,0,0,0,0,0,0,0,0,0,0,0
0,0,0,0,115,0,0,115,0,115,0,0,0,0,0,115,0,0,42,0,0,0,0,0,0,0,0,0,0,0,0,0,0,0,0,0,0
0,0,0,0,140,0,0,140,0,140,0,0,0,0,0,140,0,0,36,0,0,0,0,0,0,0,0,0,0,0,0,0,0,0,0,0,0
0,0,0,0,161,0,0,161,0,161,0,0,0,0,0,161,0,0,37,0,0,0,0,0,0,0,0,0,0,0,0,0,0,0,0,0,0
0,0,0,0,163,0,0,163,0,163,0,0,0,0,0,163,0,0,64,0,0,0,0,0,0,0,0,0,0,0,0,0,0,0,0,0,0
0,0,0,0,130,0,0,130,0,130,0,0,0,0,0,130,0,0,80,0,0,0,0,0,0,0,0,0,0,0,0,0,0,0,0,0,0
0,0,0,0,106,0,0,106,0,106,0,0,0,0,0,106,0,0,96,0,0,0,0,0,0,0,0,0,0,0,0,0,0,0,0,0,0
0,0,0,0,124,0,0,124,0,124,0,0,0,0,0,124,0,0,90,0,0,0,0,0,0,0,0,0,0,0,0,0,0,0,0,0,0
0,0,0,0,130,0,0,130,0,130,0,0,0,0,0,130,0,0,81,0,0,0,0,0,0,0,0,0,0,0,0,0,0,0,0,0,0
0,0,0,0,119,0,0,119,0,119,0,0,0,0,0,119,0,0,88,0,0,0,0,0,0,0,0,0,0,0,0,0,0,0,0,0,0
0,0,0,0,152,0,0,152,0,152,0,0,0,0,0,152,0,0,129,0,0,0,0,0,0,0,0,0,0,0,0,0,0,0,0,0,0
0,0,0,0,114,0,0,114,0,114,0,0,0,0,0,114,0,0,113,0,0,0,0,0,0,0,0,0,0,0,0,0,0,0,0,0,0
0,0,0,0,105,0,0,105,0,105,0,0,0,0,0,105,0,0,116,0,0,0,0,0,0,0,0,0,0,0,0,0,0,0,0,0,0
0,0,0,0,125,0,0,125,0,125,0,0,0,0,0,125,0,0,129,0,0,0,0,0,0,0,0,0,0,0,0,0,0,0,0,0,0
0,0,0,0,95,0,0,95,0,95,0,0,0,0,0,95,0,0,130,0,0,0,0,0,0,0,0,0,0,0,0,0,0,0,0,0,0
0,0,0,0,101,0,0,101,0,101,0,0,0,0,0,101,0,0,102,37,0,0,0,0,0,0,0,0,0,0,0,0,0,0,0,0,0
0,0,0,0,97,0,0,97,0,97,0,0,0,0,0,97,0,0,143,43,0,0,0,0,0,0,0,0,0,0,0,0,0,0,0,0,0
0,0,0,0,103,0,0,103,0,103,0,0,0,0,0,103,0,0,140,38,0,0,0,0,0,0,0,0,0,0,0,0,0,0,0,0,0
0,0,0,0,88,0,0,88,0,88,0,0,0,0,0,88,0,0,120,76,0,0,0,0,0,0,0,0,0,0,0,0,0,0,0,0,0
0,0,0,0,68,0,0,68,0,68,0,0,0,0,0,68,0,0,149,189,0,0,0,0,0,0,0,0,0,0,0,0,0,0,0,0,0
0,0,0,0,51,0,0,51,0,51,0,0,0,0,0,51,0,0,128,118,0,0,0,0,0,0,0,0,0,0,0,0,0,0,0,0,0
0,0,0,0,36,0,0,36,0,36,0,0,0,0,0,36,0,0,104,88,21,0,0,0,0,0,0,0,0,0,0,0,0,0,0,0,0
0,0,0,0,54,0,0,54,0,54,0,0,58,58,58,54,0,0,84,92,58,0,0,0,0,0,0,0,0,0,0,0,0,0,0,0,0
0,0,0,0,21,0,0,21,0,21,0,0,55,55,55,21,0,0,84,267,55,0,0,0,0,0,0,0,0,0,0,0,0,0,0,0,0
0,0,0,0,30,0,0,30,0,30,0,0,68,68,68,30,0,0,110,160,68,0,0,0,0,0,0,0,0,0,0,0,0,0,0,0,0
0,0,0,0,51,0,0,51,0,51,0,0,50,50,50,51,0,0,92,169,50,0,0,0,0,0,0,0,0,0,0,0,0,0,0,0,0
0,0,0,0,71,0,0,71,0,71,0,0,98,98,98,71,0,0,59,225,98,0,0,0,0,0,0,0,0,0,0,0,0,0,0,0,0
0,0,0,0,52,0,0,52,0,52,0,0,86,86,86,52,0,0,56,226,86,0,0,0,0,0,0,0,0,0,0,0,0,0,0,0,0
0,0,0,0,57,0,0,57,0,57,0,0,78,78,78,57,0,0,36,198,78,20,0,0,0,0,0,0,0,0,0,0,0,0,0,0,0
0,0,0,0,48,0,0,48,0,48,0,0,111,111,111,48,0,0,31,223,111,0,0,0,0,0,0,0,0,0,0,0,0,0,0,0,0
0,0,0,0,30,0,0,30,0,30,0,0,106,106,106,30,0,0,27,219,106,0,0,0,0,0,0,0,0,0,0,0,0,0,0,0,0
0,0,0,0,39,0,0,39,0,39,0,0,154,154,154,39,0,0,23,306,154,0,0,0,0,0,0,0,0,0,0,0,0,0,0,0,0
0,0,0,0,31,0,0,31,0,31,0,0,184,184,184,31,0,0,31,373,184,0,0,0,0,0,0,0,0,0,0,0,0,0,0,0,0
0,0,0,0,453,0,0,453,0,453,0,0,242,242,242,453,0,0,453,453,242,20,0,0,0,0,0,0,0,0,0,0,0,0,0,0,0
0,0,0,0,432,0,0,432,0,432,0,0,220,220,220,432,0,0,432,432,220,432,0,0,0,0,0,0,0,0,0,0,0,0,0,0,0
0,0,0,0,399,0,0,399,0,399,0,0,221,221,221,399,0,0,399,399,221,399,0,0,0,0,0,0,0,0,0,0,0,0,0,0,0
0,0,0,0,355,0,0,355,0,355,0,0,216,216,216,355,0,0,355,355,216,355,0,0,0,0,0,0,0,0,0,0,0,0,0,0,0
0,0,0,0,350,0,0,350,0,350,0,0,229,229,229,350,0,0,350,350,229,350,0,0,0,0,0,0,0,0,0,0,0,0,0,0,0
0,0,0,0,261,0,0,261,0,261,0,0,263,263,263,261,0,0,261,261,263,261,0,0,0,0,0,0,0,0,0,0,0,0,0,0,0
0,0,0,0,155,0,0,155,0,155,0,0,300,300,300,155,0,0,155,155,300,155,0,0,0,0,0,0,0,0,0,0,0,0,0,0,0
0,0,0,0,309,0,0,309,0,309,0,0,298,298,298,309,0,0,309,309,298,309,21,0,0,0,0,0,0,0,0,0,0,0,0,0,0
0,0,0,0,161,0,0,161,0,161,0,0,389,389,389,161,0,0,161,161,389,161,0,0,0,0,0,0,0,0,0,0,0,0,0,0,0
0,0,0,0,142,0,0,142,0,142,0,0,459,459,459,142,0,0,142,142,459,142,0,0,0,0,0,0,0,0,0,0,0,0,0,0,0
0,0,0,0,110,0,0,110,0,110,0,0,601,601,601,110,0,0,110,110,601,110,0,0,0,0,0,0,0,0,0,0,0,0,0,0,0
0,0,0,0,318,0,0,318,0,318,0,0,685,685,685,318,0,0,318,318,685,318,0,0,0,0,0,0,0,0,0,0,0,0,0,0,0
0,0,0,0,295,0,0,295,0,295,0,0,740,740,740,295,0,0,295,295,740,295,0,30,0,0,0,0,0,0,0,0,0,0,0,0,0
0,0,0,0,169,0,0,169,0,169,0,0,687,687,687,169,0,0,169,169,687,169,0,22,0,0,0,0,0,0,0,0,0,0,0,0,0
0,0,0,0,179,0,0,179,0,179,0,0,696,696,696,179,0,0,179,179,696,179,0,117,0,0,0,0,0,0,0,0,0,0,0,0,0
0,0,0,0,212,0,0,212,0,212,0,0,541,541,541,212,0,0,212,212,541,212,0,97,0,0,0,0,0,0,0,0,0,0,0,0,0
0,0,0,0,269,0,0,269,0,269,0,0,524,524,524,269,0,0,269,269,524,269,25,101,0,0,0,0,0,0,0,0,0,0,0,0,0
0,0,0,0,200,0,0,200,0,200,0,0,483,483,483,200,0,0,200,200,483,200,20,66,0,0,0,0,0,0,0,0,0,0,0,0,0
0,0,0,0,187,0,0,187,0,187,0,0,364,364,364,187,0,0,187,187,364,187,30,82,0,0,0,0,0,0,0,0,0,0,0,0,0
0,0,0,0,153,0,0,153,0,153,0,0,411,411,411,153,0,0,153,153,411,153,25,79,0,0,0,0,0,0,0,0,0,0,0,0,0
0,0,0,0,207,0,0,207,0,207,0,0,405,405,405,207,0,0,207,207,405,207,25,47,0,0,0,0,0,0,0,0,0,0,0,0,0
0,0,0,0,238,0,0,238,0,238,0,0,401,401,401,238,0,0,238,238,401,238,25,32,0,0,0,0,0,0,0,0,0,0,0,0,0
0,0,0,0,192,0,0,192,0,192,0,0,443,443,443,192,0,0,192,192,443,192,192,40,0,0,0,0,0,0,0,0,0,0,0,0,0
0,0,0,0,158,0,0,158,0,158,0,0,419,419,419,158,0,0,158,158,419,158,158,51,20,0,0,0,0,0,0,0,0,0,0,0,0
0,0,0,0,207,0,0,207,0,207,0,0,400,400,400,207,0,0,207,207,400,207,207,37,207,0,0,0,0,0,0,0,0,0,0,0,0
0,0,0,0,203,0,0,203,0,203,0,0,440,440,440,203,0,0,203,203,440,203,203,33,203,0,0,0,0,0,0,0,0,0,0,0,0
0,0,0,0,173,0,0,173,0,173,0,0,386,386,386,173,0,0,173,173,386,173,173,21,173,0,0,0,0,0,0,0,0,0,0,0,0
0,0,0,0,154,0,0,154,0,154,0,0,300,300,300,154,0,0,154,154,300,154,154,25,154,0,0,0,0,0,0,0,0,0,0,0,0
0,0,0,0,170,0,0,170,0,170,0,0,1104,1104,1104,170,0,0,170,170,1104,170,170,51,170,0,0,0,0,0,0,0,0,0,0,0,0
0,0,0,0,137,0,0,137,0,137,0,0,1113,1113,1113,137,0,0,137,137,1113,137,137,42,137,0,0,0,0,0,0,0,0,0,0,0,0
0,0,0,0,95,0,0,95,0,95,0,0,891,891,891,95,0,0,95,95,891,95,95,44,95,0,0,0,0,0,0,0,0,0,0,0,0
0,0,0,0,114,0,0,114,0,114,0,0,995,995,995,114,0,0,114,114,995,114,114,69,114,0,0,0,0,0,0,0,0,0,0,0,0
0,0,0,0,107,0,0,107,0,107,0,0,1286,1286,1286,107,0,0,107,107,1286,107,107,83,107,0,0,0,0,0,0,0,0,0,0,0,0
0,0,0,0,115,0,0,115,0,115,0,0,1343,1343,1343,115,0,0,115,115,1343,115,115,92,115,0,0,0,0,0,0,0,0,0,0,0,0
0,0,0,0,118,0,0,118,0,118,0,0,1241,1241,1241,118,0,0,118,118,1241,118,118,76,118,0,0,0,0,0,0,0,0,0,0,0,0
0,0,0,0,160,0,0,160,0,160,0,0,1162,1162,1162,160,0,0,160,160,1162,160,160,88,160,0,0,0,0,0,0,0,0,0,0,0,0
0,0,0,0,174,0,0,174,0,174,0,0,853,853,853,174,0,0,174,174,853,174,174,77,174,0,0,0,0,0,0,0,0,0,0,0,0
0,0,0,0,156,0,0,156,0,156,0,0,1166,1166,1166,156,0,0,156,156,1166,156,156,70,156,0,0,0,0,0,0,0,0,0,0,0,0
0,0,0,0,175,0,0,175,0,175,0,0,1202,1202,1202,175,0,0,175,175,1202,175,175,68,175,0,0,0,0,0,0,0,0,0,0,0,0
0,0,0,0,164,0,0,164,0,164,0,0,1239,1239,1239,164,0,0,164,164,1239,164,164,61,164,0,0,0,0,0,0,0,0,0,0,0,0
0,0,0,0,242,0,0,242,0,242,0,0,1128,1128,1128,242,0,0,242,242,1128,242,242,62,242,0,0,0,0,0,0,0,0,0,0,0,0
0,0,0,0,231,0,0,231,0,231,0,0,1079,1079,1079,231,0,0,231,231,1079,231,231,86,231,0,0,0,0,0,0,0,0,0,0,0,0
0,0,0,0,217,0,0,217,0,217,0,0,1227,1227,1227,217,0,0,217,217,1227,217,217,88,217,0,0,0,0,0,0,0,0,0,0,0,0
0,0,0,0,404,0,0,404,0,404,0,0,1147,1147,1147,404,0,0,404,404,1147,404,404,61,404,0,0,0,0,0,0,0,0,0,0,0,0
0,0,0,0,239,0,0,239,0,239,0,0,1138,1138,1138,239,0,0,239,239,1138,239,239,90,239,0,0,0,0,0,0,0,0,0,0,0,0
0,0,0,0,274,0,0,274,0,274,0,0,1181,1181,1181,274,0,0,274,274,1181,274,274,42,274,0,0,0,0,0,0,0,0,0,0,0,0
0,0,0,0,356,0,0,356,0,356,0,0,1184,1184,1184,356,0,0,356,356,1184,356,356,44,356,0,0,0,0,0,0,0,0,0,0,0,0
0,0,0,0,448,0,0,448,0,448,0,0,1204,1204,1204,448,0,0,448,448,1204,448,448,51,448,0,0,0,0,0,0,0,0,0,0,0,0
0,0,0,0,405,0,0,405,0,405,0,0,1158,1158,1158,405,0,0,405,405,1158,405,405,45,405,0,0,0,0,0,0,0,0,0,0,0,0
0,0,0,0,436,0,0,436,0,436,0,0,1199,1199,1199,436,0,0,436,436,1199,436,436,30,436,0,0,0,0,0,0,0,0,0,0,0,0
0,0,0,0,458,0,0,458,0,458,0,0,1266,1266,1266,458,0,0,458,458,1266,458,458,36,458,0,0,0,0,0,0,0,0,0,0,0,0
0,0,0,0,352,0,0,352,0,352,0,0,1278,1278,1278,352,0,0,352,352,1278,352,352,52,352,0,0,0,0,0,0,0,0,0,0,0,0
0,0,0,0,467,0,0,467,0,467,0,0,1262,1262,1262,467,0,0,467,467,1262,467,467,37,467,0,0,0,0,0,0,0,0,0,0,0,0
0,0,0,0,469,0,0,469,0,469,0,0,1238,1238,1238,469,0,0,469,469,1238,469,469,38,469,0,0,0,0,0,0,0,0,0,0,0,0
0,0,0,0,324,0,0,324,0,324,0,0,1282,1282,1282,324,0,0,324,324,1282,324,324,29,324,0,0,0,0,0,0,0,0,0,0,0,0
0,0,0,0,377,0,0,377,0,377,0,0,1305,1305,1305,377,0,0,377,377,1305,377,377,25,377,0,0,0,0,0,0,0,0,0,0,0,0
0,0,0,0,285,0,0,285,0,285,0,0,1273,1273,1273,285,0,0,285,285,1273,285,285,26,285,0,0,0,0,0,0,0,0,0,0,0,0
0,0,0,0,384,0,0,384,0,384,0,0,1255,1255,1255,384,0,0,384,384,1255,384,384,25,384,0,0,0,0,0,0,0,0,0,0,0,0
0,0,0,0,649,0,0,649,0,649,0,0,1134,1134,1134,649,0,0,649,649,1134,649,649,40,649,0,0,0,0,0,0,0,0,0,0,0,0
0,0,0,0,769,0,0,769,0,769,0,0,1194,1194,1194,769,0,0,769,769,1194,769,769,45,769,0,0,0,0,0,0,0,0,0,0,0,0
0,0,0,0,778,0,0,778,0,778,0,0,1133,1133,1133,778,0,0,778,778,1133,778,778,39,778,0,0,0,0,0,0,0,0,0,0,0,0
537,537,537,537,446,0,537,446,537,446,537,537,627,627,627,446,537,537,446,446,627,446,446,38,446,0,0,0,0,0,0,0,0,0,0,0,0
1104,1104,1104,1104,436,0,1104,436,1104,436,1104,1104,1104,1104,1104,436,1104,1104,436,436,1104,436,436,32,436,0,0,0,0,0,0,0,0,0,0,0,0
670,670,670,670,497,0,670,497,670,497,670,670,670,670,670,497,670,670,497,497,670,497,497,53,497,0,0,0,0,0,0,0,0,0,0,0,0
1039,1039,1039,1039,564,0,1039,564,1039,564,1039,1039,1039,1039,1039,564,1039,1039,564,564,1039,564,564,41,564,121,0,0,0,0,0,0,0,0,0,0,0
1078,1078,1078,1078,549,0,1078,549,1078,549,1078,1078,1078,1078,1078,549,1078,1078,549,549,1078,549,549,27,549,1078,0,0,0,0,0,0,0,0,0,0,0
618,618,618,618,400,0,618,400,618,400,618,618,618,618,618,400,618,618,400,400,618,400,400,37,400,618,0,0,0,0,0,0,0,0,0,0,0
896,896,896,896,407,0,896,407,896,407,896,896,896,896,896,407,896,896,407,407,896,407,407,34,407,896,91,0,0,0,0,0,0,0,0,0,0
977,977,977,977,336,0,977,336,977,336,977,977,977,977,977,336,977,977,336,336,977,336,336,30,336,977,977,0,0,0,0,0,0,0,0,0,0
1053,1053,1053,1053,288,0,1053,288,1053,288,1053,1053,1053,1053,1053,288,1053,1053,288,288,1053,288,288,68,288,1053,1053,0,0,0,0,0,0,0,0,0,0
998,998,998,998,468,0,998,468,998,468,998,998,998,998,998,468,998,998,468,468,998,468,468,37,468,998,998,0,0,0,0,0,0,0,0,0,0
433,433,433,433,341,0,433,341,433,341,433,433,433,433,433,341,433,433,341,341,433,341,341,29,341,433,433,0,0,0,0,0,0,0,0,0,0
1121,1121,1121,1121,330,0,1121,330,1121,330,1121,1121,1121,1121,1121,330,1121,1121,330,330,1121,330,330,73,330,1121,1121,0,0,0,0,0,0,0,0,0,0
716,716,716,716,442,0,716,442,716,442,716,716,716,716,716,442,716,716,442,442,716,442,442,48,442,716,716,42,0,0,0,0,0,0,0,0,0
1203,1203,1203,1203,272,0,1203,272,1203,272,1203,1203,1203,1203,1203,272,1203,1203,272,272,1203,272,272,57,272,1203,1203,53,0,0,0,0,0,0,0,0,0
1260,1260,1260,1260,242,0,1260,242,1260,242,1260,1260,1260,1260,1260,242,1260,1260,242,242,1260,242,242,56,242,1260,1260,1260,0,0,0,0,0,0,0,0,0
1300,1300,1300,1300,297,0,1300,297,1300,297,1300,1300,1300,1300,1300,297,1300,1300,297,297,1300,297,297,63,297,1300,1300,1300,65,24,0,0,0,0,0,0,0
1445,1445,1445,1445,235,0,1445,235,1445,235,1445,1445,1445,1445,1445,235,1445,1445,235,235,1445,235,235,105,235,1445,1445,1445,0,28,0,0,0,0,0,0,0
1497,1497,1497,1497,195,0,1497,195,1497,195,1497,1497,1497,1497,1497,195,1497,1497,195,195,1497,195,195,128,195,1497,1497,1497,0,24,0,0,0,0,0,0,0
1452,1452,1452,1452,229,0,1452,229,1452,229,1452,1452,1452,1452,1452,229,1452,1452,229,229,1452,229,229,227,229,1452,1452,1452,0,0,0,0,0,0,0,0,0
1177,1177,1177,1177,207,0,1177,207,1177,207,1177,1177,1177,1177,1177,207,1177,1177,207,207,1177,207,207,104,207,1177,1177,1177,1177,0,0,0,0,0,0,0,0
1279,1279,1279,1279,180,0,1279,180,1279,180,1279,1279,1279,1279,1279,180,1279,1279,180,180,1279,180,180,140,180,1279,1279,1279,1279,0,0,0,0,0,0,0,0
863,863,863,863,262,0,863,262,863,262,863,863,863,863,863,262,863,863,262,262,863,262,262,152,262,863,863,863,863,0,23,0,0,0,0,0,0
853,853,853,853,264,0,853,264,853,264,853,853,853,853,853,264,853,853,264,264,853,264,264,171,264,853,853,853,853,0,0,0,0,0,0,0,0
847,847,847,847,199,0,847,199,847,199,847,847,847,847,847,199,847,847,199,199,847,199,199,176,199,847,847,847,847,0,28,0,0,0,0,0,0
871,871,871,871,208,0,871,208,871,208,871,871,871,871,871,208,871,871,208,208,871,208,208,215,208,871,871,871,871,0,215,0,0,0,0,0,0
1375,1375,1375,1375,247,0,1375,247,1375,247,1375,1375,1375,1375,1375,247,1375,1375,247,247,1375,247,247,245,247,1375,1375,1375,1375,0,245,0,0,0,0,0,0
610,610,610,610,262,0,610,262,610,262,610,610,610,610,610,262,610,610,262,262,610,262,262,243,262,610,610,610,610,0,243,0,0,0,0,0,0
1195,1195,1195,1195,286,0,1195,286,1195,286,1195,1195,1195,1195,1195,286,1195,1195,286,286,1195,286,286,204,286,1195,1195,1195,1195,0,204,0,0,0,0,0,0
720,720,720,720,309,0,720,309,720,309,720,720,720,720,720,309,720,720,309,309,720,309,309,195,309,720,720,720,720,0,195,0,0,0,0,0,0
725,725,725,725,358,0,725,358,725,358,725,725,725,725,725,358,725,725,358,358,725,358,358,252,358,725,725,725,725,0,252,0,0,0,0,0,0
741,741,741,741,254,0,741,254,741,254,741,741,741,741,741,254,741,741,254,254,741,254,254,267,254,741,741,741,741,0,267,0,0,0,0,0,0
752,752,752,752,201,0,752,201,752,201,752,752,752,752,752,201,752,752,201,201,752,201,201,236,201,752,752,752,752,0,236,0,0,0,0,0,0
704,704,704,704,214,0,704,214,704,214,704,704,704,704,704,214,704,704,214,214,704,214,214,310,214,704,704,704,704,0,310,0,0,0,0,0,0
587,587,587,587,195,0,587,195,587,195,587,587,587,587,587,195,587,587,195,195,587,195,195,368,195,587,587,587,587,0,368,0,0,0,0,0,0
608,608,608,608,116,0,608,116,608,116,608,608,608,608,608,116,608,608,116,116,608,116,116,404,116,608,608,608,608,0,404,0,0,0,0,0,0
484,484,484,484,83,0,484,83,484,83,484,484,484,484,484,83,484,484,83,83,484,83,83,492,83,484,484,484,484,0,492,0,0,0,0,0,0
470,470,470,470,87,0,470,87,470,87,470,470,470,470,470,87,470,470,87,87,470,87,87,473,87,470,470,470,470,0,473,0,0,0,0,0,0
513,513,513,513,82,0,513,82,513,82,513,513,513,513,513,82,513,513,82,82,513,82,82,473,82,513,513,513,513,0,473,0,0,0,0,0,0
542,542,542,542,156,0,542,156,542,156,542,542,542,542,542,156,542,542,156,156,542,156,156,402,156,542,542,542,542,0,402,22,0,0,0,0,0
850,850,850,850,177,0,850,177,850,177,850,850,850,850,850,177,850,850,177,177,850,177,177,370,177,850,850,850,850,0,370,29,0,0,0,0,0
938,938,938,938,172,0,938,172,938,172,938,938,938,938,938,172,938,938,172,172,938,172,172,377,172,938,938,938,938,0,377,24,0,0,0,0,0
956,956,956,956,72,0,956,72,956,72,956,956,956,956,956,72,956,956,72,72,956,72,72,408,72,956,956,956,956,0,408,26,0,0,0,0,0
946,946,946,946,160,0,946,160,946,160,946,946,946,946,946,160,946,946,160,160,946,160,160,378,160,946,946,946,946,0,378,25,0,0,0,0,0
924,924,924,924,103,0,924,103,924,103,924,924,924,924,924,103,924,924,103,103,924,103,103,402,103,924,924,924,924,0,402,32,0,0,0,0,0
978,978,978,978,216,0,978,216,978,216,978,978,978,978,978,216,978,978,216,216,978,216,216,328,216,978,978,978,978,0,328,33,0,0,0,0,0
601,601,601,601,181,0,601,181,601,181,601,601,601,601,601,181,601,601,181,181,601,181,181,313,181,601,601,601,601,0,313,25,0,0,0,0,0
1027,1027,1027,1027,206,0,1027,206,1027,206,1027,1027,1027,1027,1027,206,1027,1027,206,206,1027,206,206,314,206,1027,1027,1027,1027,31,314,0,0,0,0,0,0
929,929,929,929,185,0,929,185,929,185,929,929,929,929,929,185,929,929,185,185,929,185,185,326,185,929,929,929,929,24,326,28,21,0,0,0,0
999,999,999,999,165,0,999,165,999,165,999,999,999,999,999,165,999,999,165,165,999,165,165,294,165,999,999,999,999,37,294,24,0,0,0,0,0
860,860,860,860,193,0,860,193,860,193,860,860,860,860,860,193,860,860,193,193,860,193,193,392,193,860,860,860,860,23,392,62,0,0,0,0,0
870,870,870,870,176,0,870,176,870,176,870,870,870,870,870,176,870,870,176,176,870,176,176,450,176,870,870,870,870,0,450,57,0,0,0,0,0
841,841,841,841,134,0,841,134,841,134,841,841,841,841,841,134,841,841,134,134,841,134,134,412,134,841,841,841,841,26,412,44,0,0,0,0,0
805,805,805,805,154,0,805,154,805,154,805,805,805,805,805,154,805,805,154,154,805,154,154,465,154,805,805,805,805,31,465,37,0,0,0,0,0
763,763,763,763,128,0,763,128,763,128,763,763,763,763,763,128,763,763,128,128,763,128,128,404,128,763,763,763,763,52,404,31,23,0,0,0,0
700,700,700,700,132,0,700,132,700,132,700,700,700,700,700,132,700,700,132,132,700,132,132,393,132,700,700,700,700,43,393,66,0,0,0,0,0
656,656,656,656,137,0,656,137,656,137,656,656,656,656,656,137,656,656,137,137,656,137,137,341,137,656,656,656,656,34,341,139,34,0,0,0,0
608,608,608,608,164,0,608,164,608,164,608,608,608,608,608,164,608,608,164,164,608,164,164,326,164,608,608,608,608,24,326,114,44,0,0,0,0
705,705,705,705,136,0,705,136,705,136,705,705,705,705,705,136,705,705,136,136,705,136,136,354,136,705,705,705,705,23,354,211,44,0,0,0,0
570,570,570,570,133,0,570,133,570,133,570,570,570,570,570,133,570,570,133,133,570,133,133,312,133,570,570,570,570,25,312,261,30,0,0,0,0
629,629,629,629,147,0,629,147,629,147,629,629,629,629,629,147,629,629,147,147,629,147,147,365,147,629,629,629,629,28,365,295,21,0,0,0,0
334,334,334,334,117,0,334,117,334,117,334,334,334,334,334,117,334,334,117,117,334,117,117,376,117,334,334,334,334,40,376,259,318,0,0,0,0
300,300,300,300,158,0,300,158,300,158,300,300,300,300,300,158,300,300,158,158,300,158,158,392,158,300,300,300,300,53,392,254,297,0,0,0,0
294,294,294,294,163,0,294,163,294,163,294,294,294,294,294,163,294,294,163,163,294,163,163,241,163,294,294,294,294,53,241,330,360,0,0,0,0
584,584,584,584,154,0,584,154,584,154,584,584,584,584,584,154,584,584,154,154,584,154,154,205,154,584,584,584,584,31,205,309,584,0,0,0,0
136,136,136,136,125,0,136,125,136,125,136,136,136,136,136,125,136,136,125,125,136,125,125,456,125,136,136,136,136,50,456,289,136,0,0,0,0
203,203,203,203,123,0,203,123,203,123,203,203,203,203,203,123,203,203,123,123,203,123,123,277,123,203,203,203,203,60,277,272,203,0,0,0,0
67,67,67,67,117,0,67,117,67,117,67,67,67,67,67,117,67,67,117,117,67,117,117,285,117,67,67,67,67,57,285,220,67,0,0,0,0
203,203,203,203,92,0,203,92,203,92,203,203,203,203,203,92,203,203,92,92,203,92,92,302,92,203,203,203,203,52,302,204,203,0,0,0,0
168,168,168,168,98,0,168,98,168,98,168,168,168,168,168,98,168,168,98,98,168,98,98,273,98,168,168,168,168,27,273,148,168,0,0,0,0
109,109,109,109,105,0,109,105,109,105,109,109,109,109,109,105,109,109,105,105,109,105,105,300,105,109,109,109,109,25,300,154,109,0,0,0,0
163,163,163,163,107,0,163,107,163,107,163,163,163,163,163,107,163,163,107,107,163,107,107,263,107,163,163,163,163,0,263,147,163,0,0,0,0
111,111,111,111,148,0,111,148,111,148,111,111,111,111,111,148,111,111,148,148,111,148,148,301,148,111,111,111,111,0,301,176,111,0,0,0,0
625,625,625,625,118,0,625,118,625,118,625,625,625,625,625,118,625,625,118,118,625,118,118,625,118,625,625,625,625,0,625,186,625,0,0,0,0
118,118,118,118,130,0,118,130,118,130,118,118,118,118,118,130,118,118,130,130,118,130,130,118,130,118,118,118,118,26,118,174,118,0,0,0,0
110,110,110,110,139,0,110,139,110,139,110,110,110,110,110,139,110,110,139,139,110,139,139,110,139,110,110,110,110,0,110,178,110,0,0,0,0
144,144,144,144,144,0,144,144,144,144,144,144,144,144,144,144,144,144,144,144,144,144,144,144,144,144,144,144,144,0,144,170,144,554,34,0,0
138,138,138,138,120,0,138,120,138,120,138,138,138,138,138,120,138,138,120,120,138,120,120,138,120,138,138,138,138,0,138,119,138,577,88,0,0
126,126,126,126,158,0,126,158,126,158,126,126,126,126,126,158,126,126,158,158,126,158,158,126,158,126,126,126,126,0,126,131,126,590,96,23,0
190,190,190,190,162,0,190,162,190,162,190,190,190,190,190,162,190,190,162,162,190,162,162,190,162,190,190,190,190,0,190,105,190,672,672,0,0
133,133,133,133,195,0,133,195,133,195,133,133,133,133,133,195,133,133,195,195,133,195,195,133,195,133,133,133,133,0,133,132,133,675,675,0,0
163,163,163,163,193,0,163,193,163,193,163,163,163,163,163,193,163,163,193,193,163,193,193,163,193,163,163,163,163,0,163,116,163,686,686,0,0
139,139,139,139,180,0,139,180,139,180,139,139,139,139,139,180,139,139,180,180,139,180,180,139,180,139,139,139,139,0,139,197,139,777,777,0,0
159,159,159,159,180,0,159,180,159,180,159,159,159,159,159,180,159,159,180,180,159,180,180,159,180,159,159,159,159,0,159,191,159,786,786,0,0
166,166,166,166,179,0,166,179,166,179,166,166,166,166,166,179,166,166,179,179,166,179,179,166,179,166,166,166,166,0,166,243,166,738,738,40,0
112,112,112,112,165,0,112,165,112,165,112,112,112,112,112,165,112,112,165,165,112,165,165,112,165,112,112,112,112,0,112,307,112,725,725,62,0
126,126,126,126,144,0,126,144,126,144,126,126,126,126,126,144,126,126,144,144,126,144,144,126,144,126,126,126,126,75,126,374,126,694,694,75,0
117,117,117,117,153,0,117,153,117,153,117,117,117,117,117,153,117,117,153,153,117,153,153,117,153,117,117,117,117,40,117,418,117,664,664,40,0
66,66,66,66,157,0,66,157,66,157,66,66,66,66,66,157,66,66,157,157,66,157,157,66,157,66,66,66,66,45,66,419,66,769,769,45,0
53,53,53,53,148,0,53,148,53,148,53,53,53,53,53,148,53,53,148,148,53,148,148,53,148,53,53,53,53,49,53,417,53,828,828,49,0
53,53,53,53,170,0,53,170,53,170,53,53,53,53,53,170,53,53,170,170,53,170,170,53,170,53,53,53,53,0,53,372,53,915,915,0,0
32,32,32,32,181,0,32,181,32,181,32,32,32,32,32,181,32,32,181,181,32,181,181,32,181,32,32,32,32,0,32,391,32,881,881,0,0
839,839,839,839,156,0,839,156,839,156,839,839,839,839,839,156,839,839,156,156,839,156,156,839,156,839,839,839,839,0,839,387,839,839,839,0,0
914,914,914,914,127,0,914,127,914,127,914,914,914,914,914,127,914,914,127,127,914,127,127,914,127,914,914,914,914,0,914,439,914,914,914,0,0
1042,1042,1042,1042,104,0,1042,104,1042,104,1042,1042,1042,1042,1042,104,1042,1042,104,104,1042,104,104,1042,104,1042,1042,1042,1042,0,1042,373,1042,1042,1042,0,27
972,972,972,972,104,0,972,104,972,104,972,972,972,972,972,104,972,972,104,104,972,104,104,972,104,972,972,972,972,0,972,365,972,972,972,0,0
858,858,858,858,101,0,858,101,858,101,858,858,858,858,858,101,858,858,101,101,858,101,101,858,101,858,858,858,858,21,858,372,858,858,858,21,0
