0,1,2,3,4,5,6,7,8,9,10,11,12,13
0,0,0,0,0,0,0,0,0,0,0,0,0,0
0,0,0,0,0,0,0,0,0,0,0,0,0,0
0,0,0,0,0,0,0,0,0,0,0,0,0,0
30,0,0,0,0,0,0,0,0,0,0,0,0,0
0,0,0,0,0,0,0,0,0,0,0,0,0,0
0,0,0,0,0,0,0,0,0,0,0,0,0,0
0,0,0,0,0,0,0,0,0,0,0,0,0,0
0,0,0,0,0,0,0,0,0,0,0,0,0,0
0,0,0,0,0,0,0,0,0,0,0,0,0,0
0,0,0,0,0,0,0,0,0,0,0,0,0,0
0,0,0,0,0,0,0,0,0,0,0,0,0,0
0,0,0,0,0,0,0,0,0,0,0,0,0,0
0,0,0,0,0,0,0,0,0,0,0,0,0,0
0,0,0,0,0,0,0,0,0,0,0,0,0,0
0,0,0,0,0,0,0,0,0,0,0,0,0,0
0,0,0,0,0,0,0,0,0,0,0,0,0,0
0,0,0,0,0,0,0,0,0,0,0,0,0,0
0,0,0,0,0,0,0,0,0,0,0,0,0,0
0,0,0,0,0,0,0,0,0,0,0,0,0,0
0,0,0,0,0,0,0,0,0,0,0,0,0,0
0,0,0,0,0,0,0,0,0,0,0,0,0,0
0,0,0,0,0,0,0,0,0,0,0,0,0,0
0,0,0,0,0,0,0,0,0,0,0,0,0,0
0,0,0,0,0,0,0,0,0,0,0,0,0,0
0,0,0,0,0,0,0,0,0,0,0,0,0,0
0,0,0,0,0,0,0,0,0,0,0,0,0,0
0,0,0,0,0,0,0,0,0,0,0,0,0,0
0,0,0,0,0,0,0,0,0,0,0,0,0,0
0,0,0,0,0,0,0,0,0,0,0,0,0,0
0,0,0,0,0,0,0,0,0,0,0,0,0,0
0,0,0,0,0,0,0,0,0,0,0,0,0,0
0,0,0,0,0,0,0,0,0,0,0,0,0,0
0,0,0,0,0,0,0,0,0,0,0,0,0,0
0,0,0,0,0,0,0,0,0,0,0,0,0,0
0,0,0,0,0,0,0,0,0,0,0,0,0,0
0,0,0,0,0,0,0,0,0,0,0,0,0,0
0,0,0,0,0,0,0,0,0,0,0,0,0,0
0,0,0,0,0,0,0,0,0,0,0,0,0,0
0,0,0,0,0,0,0,0,0,0,0,0,0,0
0,0,0,0,0,0,0,0,0,0,0,0,0,0
0,0,0,0,0,0,0,0,0,0,0,0,0,0
0,0,0,0,0,0,0,0,0,0,0,0,0,0
0,0,0,0,0,0,0,0,0,0,0,0,0,0
0,0,0,0,0,0,0,0,0,0,0,0,0,0
0,0,0,0,0,0,0,0,0,0,0,0,0,0
0,0,0,0,0,0,0,0,0,0,0,0,0,0
0,0,0,0,0,0,0,0,0,0,0,0,0,0
0,0,0,0,0,0,0,0,0,0,0,0,0,0
0,0,0,0,0,0,0,0,0,0,0,0,0,0
0,0,0,0,0,0,0,0,0,0,0,0,0,0
0,0,0,0,0,0,0,0,0,0,0,0,0,0
0,0,0,0,0,0,0,0,0,0,0,0,0,0
0,0,0,0,0,0,0,0,0,0,0,0,0,0
0,0,0,0,0,0,0,0,0,0,0,0,0,0
0,0,0,0,0,0,0,0,0,0,0,0,0,0
25,0,0,0,0,0,0,0,0,0,0,0,0,0
0,0,0,0,0,0,0,0,0,0,0,0,0,0
27,0,0,0,0,0,0,0,0,0,0,0,0,0
0,0,0,0,0,0,0,0,0,0,0,0,0,0
34,0,0,0,0,0,0,0,0,0,0,0,0,0
0,0,0,0,0,0,0,0,0,0,0,0,0,0
0,0,0,0,0,0,0,0,0,0,0,0,0,0
20,0,0,0,0,0,0,0,0,0,0,0,0,0
0,0,0,0,0,0,0,0,0,0,0,0,0,0
22,0,0,0,0,0,0,0,0,0,0,0,0,0
27,0,0,0,0,0,0,0,0,0,0,0,0,0
0,0,0,0,0,0,0,0,0,0,0,0,0,0
0,0,0,0,0,0,0,0,0,0,0,0,0,0
0,0,0,0,0,0,0,0,0,0,0,0,0,0
20,0,0,0,0,0,0,0,0,0,0,0,0,0
26,0,0,0,0,0,0,0,0,0,0,0,0,0
31,0,0,0,0,0,0,0,0,0,0,0,0,0
77,0,0,0,0,0,0,0,0,0,0,0,0,0
95,0,0,0,0,0,0,0,0,0,0,0,0,0
116,0,0,0,0,0,0,0,0,0,0,0,0,0
126,0,0,0,0,0,0,0,0,0,0,0,0,0
146,0,0,0,0,0,0,0,0,0,0,0,0,0
152,0,0,0,0,0,0,0,0,0,0,0,0,0
112,0,0,0,0,0,0,0,0,0,0,0,0,0
166,24,0,0,0,0,0,0,0,0,0,0,0,0
170,57,0,0,0,0,0,0,0,0,0,0,0,0
130,56,0,0,0,0,0,0,0,0,0,0,0,0
141,36,0,0,0,0,0,0,0,0,0,0,0,0
180,76,35,0,0,0,0,0,0,0,0,0,0,0
161,103,64,0,0,0,0,0,0,0,0,0,0,0
132,167,93,0,0,0,0,0,0,0,0,0,0,0
137,162,100,0,0,0,0,0,0,0,0,0,0,0
146,200,127,0,0,0,0,0,0,0,0,0,0,0
157,185,151,0,0,0,0,0,0,0,0,0,0,0
142,176,244,0,0,0,0,0,0,0,0,0,0,0
135,180,273,0,0,0,0,0,0,0,0,0,0,0
125,205,246,0,0,0,0,0,0,0,0,0,0,0
124,237,303,0,0,0,0,0,0,0,0,0,0,0
145,217,231,0,0,0,0,0,0,0,0,0,0,0
160,159,239,0,0,0,0,0,0,0,0,0,0,0
156,125,336,0,0,0,0,0,0,0,0,0,0,0
164,148,568,0,0,0,0,0,0,0,0,0,0,0
188,146,567,0,0,0,0,0,0,0,0,0,0,0
186,179,624,0,0,0,0,0,0,0,0,0,0,0
241,192,607,0,0,0,0,0,0,0,0,0,0,0
241,233,596,0,0,0,0,0,0,0,0,0,0,0
202,299,532,0,0,0,0,0,0,0,0,0,0,0
226,274,614,0,0,0,0,0,0,0,0,0,0,0
298,268,544,0,0,0,0,0,0,0,0,0,0,0
350,273,581,0,0,0,0,0,0,0,0,0,0,0
353,293,642,0,0,0,0,0,0,0,0,0,0,0
384,256,643,0,0,0,0,0,0,0,0,0,0,0
422,287,651,0,0,0,0,0,0,0,0,0,0,0
499,288,659,0,0,0,0,0,0,0,0,0,0,0
539,247,645,0,0,0,0,0,0,0,0,0,0,0
554,156,700,0,0,0,0,0,0,0,0,0,0,0
682,225,730,0,0,0,0,0,0,0,0,0,0,0
671,277,770,0,0,0,0,0,0,0,0,0,0,0
734,308,657,0,0,0,0,0,0,0,0,0,0,0
865,308,624,0,0,0,0,0,0,0,0,0,0,0
767,276,651,0,0,0,0,0,0,0,0,0,0,0
855,286,657,26,0,0,0,0,0,0,0,0,0,0
921,164,729,43,0,0,0,0,0,0,0,0,0,0
1048,162,668,58,0,0,0,0,0,0,0,0,0,0
1222,168,625,37,0,0,0,0,0,0,0,0,0,0
1176,207,669,51,0,0,0,0,0,0,0,0,0,0
1347,194,698,51,0,0,0,0,0,0,0,0,0,0
2059,227,2059,71,0,0,0,0,0,0,0,0,0,0
1501,247,1501,102,0,0,0,0,0,0,0,0,0,0
1566,218,1566,162,494,0,0,0,0,0,0,0,0,0
1778,242,1778,149,400,0,0,0,0,0,0,0,0,0
1991,266,1991,236,307,0,0,0,0,0,0,0,0,0
2405,287,2405,379,0,0,0,0,0,0,0,0,0,0
2403,272,2403,507,0,0,0,0,0,0,0,0,0,0
2302,329,2302,411,173,0,0,0,0,0,0,0,0,0
2601,232,2601,312,45,0,0,0,0,0,0,0,0,0
2307,238,2307,197,48,189,0,0,0,0,0,0,0,0
2641,241,2641,139,72,0,0,0,0,0,0,0,0,0
2349,213,2349,91,70,198,0,0,0,0,0,0,0,0
2529,232,2529,81,86,86,0,0,0,0,0,0,0,0
2646,208,2646,58,71,71,0,0,0,0,0,0,0,0
2736,181,2736,60,65,65,0,0,0,0,0,0,0,0
2680,211,2680,46,64,64,0,0,0,0,0,0,0,0
2555,231,2555,37,47,47,0,0,0,0,0,0,0,0
2504,232,2504,38,43,43,0,0,0,0,0,0,0,0
2316,207,2316,25,22,22,0,0,0,0,0,0,0,0
2128,223,2128,32,27,27,0,0,0,0,0,0,0,0
2233,174,2233,33,31,31,0,0,0,0,0,0,0,0
2088,197,2088,44,26,26,0,0,0,0,0,0,0,0
2063,147,2063,42,30,30,0,0,0,0,0,0,0,0
1952,226,1952,47,37,37,0,0,0,0,0,0,0,0
2100,150,2100,45,56,56,0,0,0,0,0,0,0,0
2162,158,2162,25,56,56,0,0,0,0,0,0,0,0
2175,199,2175,26,48,48,0,0,0,0,0,0,0,0
2079,211,2079,0,62,62,0,0,0,0,0,0,0,0
2049,191,2049,37,81,81,0,0,0,0,0,0,0,0
1963,236,1963,36,109,109,0,0,0,0,0,0,0,0
1812,265,1812,51,118,118,0,0,0,0,0,0,0,0
1684,264,1684,43,182,182,0,0,0,0,0,0,0,0
1594,200,1594,31,220,220,0,0,0,0,0,0,0,0
1470,182,1470,33,223,223,34,0,0,0,0,0,0,0
1505,120,1505,23,202,202,39,0,0,0,0,0,0,0
1455,91,1455,33,152,152,47,0,0,0,0,0,0,0
1508,55,1508,39,153,153,53,0,0,0,0,0,0,0
1431,47,1431,30,123,123,0,0,0,0,0,0,0,0
1534,38,1534,0,118,118,88,0,0,0,0,0,0,0
1227,38,1227,46,153,153,0,0,0,0,0,0,0,0
1298,49,1298,35,113,113,45,22,0,0,0,0,0,0
1185,77,1185,44,90,90,26,0,0,0,0,0,0,0
1114,91,1114,37,92,92,41,21,0,0,0,0,0,0
1265,77,1265,39,90,90,40,22,0,0,0,0,0,0
1317,65,1317,47,58,58,33,0,0,0,0,0,0,0
1130,55,1130,68,33,33,37,0,0,0,0,0,0,0
1068,70,1068,65,70,70,48,0,0,0,0,0,0,0
1072,52,1072,103,52,52,43,0,0,0,0,0,0,0
915,47,915,94,47,47,35,0,0,0,0,0,0,0
864,38,864,81,38,38,20,0,0,0,0,0,0,0
814,32,814,68,32,32,0,0,0,0,0,0,0,0
920,23,920,58,23,23,27,0,0,0,0,0,0,0
931,27,931,36,27,27,40,0,0,0,0,0,0,0
805,0,805,46,0,0,38,0,0,0,0,0,0,0
749,26,749,31,26,26,31,0,0,0,0,0,0,0
659,22,659,0,22,22,47,26,0,0,0,0,0,0
581,0,581,31,0,0,45,0,0,0,0,0,0,0
382,22,382,35,22,22,46,0,0,0,0,0,0,0
322,27,322,53,27,27,56,0,0,0,0,0,0,0
268,0,268,47,0,0,51,0,0,0,0,0,0,0
185,26,185,75,26,26,77,26,0,0,0,0,0,0
122,0,122,85,0,0,33,0,0,0,0,0,0,0
157,20,157,107,20,20,45,20,0,0,0,0,0,0
170,21,170,97,21,21,101,21,0,0,0,0,0,0
210,0,210,97,0,0,77,0,0,0,0,0,0,0
286,0,286,87,0,0,87,0,0,0,0,0,0,0
314,23,314,72,23,23,50,23,0,0,0,0,0,0
473,0,473,37,0,0,196,0,0,0,0,0,0,0
585,0,585,40,0,0,230,0,0,0,0,0,0,0
534,21,534,31,21,21,346,21,0,0,0,0,0,0
590,41,590,30,41,41,266,41,0,0,0,0,0,0
798,44,798,44,44,44,248,44,23,20,0,0,0,0
887,44,887,44,44,44,178,44,32,32,0,0,0,0
1106,49,1106,49,49,49,97,49,25,25,0,0,0,0
1213,43,1213,43,43,43,79,43,24,24,0,0,0,0
1314,63,1314,63,63,63,109,63,24,24,0,0,0,0
1279,85,1279,85,85,85,94,85,41,41,0,0,0,0
1212,110,1212,110,110,110,122,110,49,49,0,0,0,0
1167,127,1167,127,127,127,125,127,64,64,0,0,0,0
1173,89,1173,89,89,89,84,89,78,78,0,0,0,0
1207,79,1207,79,79,79,71,79,80,80,0,0,0,0
1418,90,1418,90,90,90,0,90,54,54,0,0,0,0
1299,118,1299,118,118,118,27,118,75,75,0,0,0,0
1274,106,1274,106,106,106,43,106,82,82,0,0,0,0
1375,105,1375,105,105,105,22,105,99,99,0,0,0,0
1460,106,1460,106,106,106,27,106,105,105,0,0,0,0
1525,113,1525,113,113,113,0,113,102,102,0,0,0,0
1781,84,1781,84,84,84,32,84,122,122,0,0,0,0
1815,50,1815,50,50,50,0,50,92,92,0,0,0,0
1782,49,1782,49,49,49,20,49,122,122,0,0,0,0
1866,34,1866,34,34,34,0,34,136,136,0,0,0,0
1919,44,1919,44,44,44,0,44,157,157,0,0,0,0
1856,23,1856,23,23,23,0,23,281,281,0,0,0,0
1807,35,1807,35,35,35,0,35,344,344,0,0,0,0
1735,20,1735,20,20,20,0,20,360,360,0,0,0,0
1492,0,1492,0,0,0,0,0,316,316,0,0,0,0
1649,23,1649,23,23,23,0,23,235,235,0,0,0,0
1070,0,1070,0,0,0,0,0,209,209,0,0,0,0
973,0,973,0,0,0,0,0,191,191,0,0,0,0
859,0,859,0,0,0,0,0,206,206,0,0,0,0
786,0,786,0,0,0,0,0,155,155,0,0,0,0
1403,65,1403,65,65,65,0,65,165,165,0,0,0,0
851,51,851,51,51,51,0,51,218,218,0,0,0,0
1568,81,1568,81,81,81,0,81,245,245,0,0,0,0
652,76,652,76,76,76,0,76,342,342,0,0,0,0
288,58,288,58,58,58,0,58,341,341,0,0,0,0
909,440,909,440,440,440,0,440,440,440,0,0,0,0
768,362,768,362,362,362,0,362,362,362,0,0,0,0
802,308,802,308,308,308,0,308,308,308,0,0,0,0
707,251,707,251,251,251,0,251,251,251,0,0,0,0
775,217,775,217,217,217,0,217,217,217,0,0,0,0
570,200,570,200,200,200,0,200,200,200,0,0,0,0
681,222,681,222,222,222,0,222,222,222,0,0,0,0
462,191,462,191,191,191,0,191,191,191,0,0,0,0
750,148,750,148,148,148,0,148,148,148,0,0,0,0
703,156,703,156,156,156,0,156,156,156,0,0,0,0
620,151,620,151,151,151,0,151,151,151,0,0,0,0
473,151,473,151,151,151,0,151,151,151,21,0,0,0
517,188,517,188,188,188,0,188,188,188,23,0,0,0
563,166,563,166,166,166,0,166,166,166,23,0,0,0
654,202,654,202,202,202,0,202,202,202,22,0,0,0
583,361,583,361,361,361,0,361,361,361,0,0,0,0
367,212,367,212,212,212,0,212,212,212,0,0,0,0
445,210,445,210,210,210,0,210,210,210,0,0,0,0
434,147,434,147,147,147,0,147,147,147,0,0,0,0
459,242,459,242,242,242,0,242,242,242,0,0,0,0
561,418,561,418,418,418,0,418,418,418,0,0,0,0
557,213,557,213,213,213,0,213,213,213,0,0,0,0
381,204,381,204,204,204,0,204,204,204,0,0,0,0
357,193,357,193,193,193,0,193,193,193,0,0,0,0
449,184,449,184,184,184,0,184,184,184,0,0,0,0
413,207,413,207,207,207,0,207,207,207,0,0,0,0
448,196,448,196,196,196,0,196,196,196,0,0,0,0
469,205,469,205,205,205,0,205,205,205,0,0,0,0
446,199,446,199,199,199,0,199,199,199,0,0,0,0
399,163,399,163,163,163,0,163,163,163,0,0,0,0
354,139,354,139,139,139,0,139,139,139,0,0,0,0
356,130,356,130,130,130,0,130,130,130,0,0,0,0
311,102,311,102,102,102,0,102,102,102,0,0,0,0
318,113,318,113,113,113,0,113,113,113,0,0,0,0
289,85,289,85,85,85,0,85,85,85,0,0,0,0
245,117,245,117,117,117,0,117,117,117,0,0,0,0
262,72,262,72,72,72,0,72,72,72,0,0,0,0
227,84,227,84,84,84,0,84,84,84,0,0,0,0
283,79,283,79,79,79,0,79,79,79,0,0,0,0
288,61,288,61,61,61,0,61,61,61,0,0,0,0
308,72,308,72,72,72,0,72,72,72,0,0,0,0
285,67,285,67,67,67,0,67,67,67,0,0,0,0
212,72,212,72,72,72,0,72,72,72,0,0,0,0
216,76,216,76,76,76,0,76,76,76,0,0,0,0
210,69,210,69,69,69,0,69,69,69,0,0,0,0
267,68,267,68,68,68,0,68,68,68,0,0,0,0
391,77,391,77,77,77,0,77,77,77,0,0,0,0
298,86,298,86,86,86,0,86,86,86,0,0,0,0
314,83,314,83,83,83,0,83,83,83,0,0,0,0
391,79,391,79,79,79,0,79,79,79,0,0,0,0
179,87,179,87,87,87,0,87,87,87,0,0,0,0
179,92,179,92,92,92,0,92,92,92,0,0,0,0
203,66,203,66,66,66,0,66,66,66,0,0,0,0
361,88,361,88,88,88,0,88,88,88,0,0,0,0
309,63,309,63,63,63,0,63,63,63,0,0,0,0
109,53,109,53,53,53,0,53,53,53,0,0,0,0
281,49,281,49,49,49,0,49,49,49,0,0,0,0
263,62,263,62,62,62,0,62,62,62,0,0,0,0
280,45,280,45,45,45,0,45,45,45,0,0,0,0
134,56,134,56,56,56,0,56,56,56,0,0,0,0
214,49,214,49,49,49,0,49,49,49,0,0,0,0
224,40,224,40,40,40,0,40,40,40,0,0,0,0
266,57,266,57,57,57,0,57,57,57,0,0,0,0
202,53,202,53,53,53,0,53,53,53,0,0,0,0
174,51,174,51,51,51,0,51,51,51,0,0,0,0
243,66,243,66,66,66,0,66,66,66,0,0,0,0
145,75,145,75,75,75,0,75,75,75,0,0,0,0
164,92,164,92,92,92,0,92,92,92,0,0,0,0
292,89,292,89,89,89,0,89,89,89,0,0,0,0
250,47,250,47,47,47,0,47,47,47,0,0,0,0
234,92,234,92,92,92,0,92,92,92,0,0,0,0
242,51,242,51,51,51,0,51,51,51,0,0,0,0
276,53,276,53,53,53,0,53,53,53,0,0,0,0
210,39,210,39,39,39,0,39,39,39,0,0,0,0
245,25,245,25,25,25,0,25,25,25,0,0,0,0
223,21,223,21,21,21,0,21,21,21,0,0,0,0
203,23,203,23,23,23,0,23,23,23,0,0,0,0
205,38,205,38,38,38,0,38,38,38,0,0,0,0
234,39,234,39,39,39,0,39,39,39,0,0,0,0
179,29,179,29,29,29,0,29,29,29,0,0,0,0
167,29,167,29,29,29,0,29,29,29,0,23,0,0
143,26,143,26,26,26,0,26,26,26,0,0,0,0
163,34,163,34,34,34,0,34,34,34,0,29,0,0
201,35,201,35,35,35,0,35,35,35,0,35,0,0
188,58,188,58,58,58,0,58,58,58,0,58,0,0
170,47,170,47,47,47,0,47,47,47,0,47,0,0
181,29,181,29,29,29,0,29,29,29,0,29,0,0
159,22,159,22,22,22,0,22,22,22,0,22,0,0
166,30,166,30,30,30,0,30,30,30,0,30,0,0
176,67,176,67,67,67,0,67,67,67,0,67,0,0
193,63,193,63,63,63,0,63,63,63,0,63,0,0
159,105,159,105,105,105,0,105,105,105,0,105,0,0
193,191,193,191,191,191,0,191,191,191,0,191,22,0
151,245,151,245,245,245,0,245,245,245,0,245,0,0
171,228,171,228,228,228,0,228,228,228,0,228,0,0
158,233,158,233,233,233,0,233,233,233,0,233,0,0
101,194,101,194,194,194,0,194,194,194,0,194,29,0
107,166,107,166,166,166,0,166,166,166,0,166,34,0
91,167,91,167,167,167,0,167,167,167,0,167,0,0
96,180,96,180,180,180,0,180,180,180,0,180,20,0
73,213,73,213,213,213,0,213,213,213,0,213,23,0
52,147,52,147,147,147,0,147,147,147,0,147,0,0
59,158,59,158,158,158,0,158,158,158,0,158,0,0
59,142,59,142,142,142,0,142,142,142,0,142,20,0
47,144,47,144,144,144,0,144,144,144,0,144,30,0
54,71,54,71,71,71,0,71,71,71,0,71,48,0
36,83,36,83,83,83,0,83,83,83,0,83,54,0
38,62,38,62,62,62,0,62,62,62,0,62,44,0
39,76,39,76,76,76,0,76,76,76,0,76,45,0
32,112,32,112,112,112,0,112,112,112,0,112,35,0
23,120,23,120,120,120,0,120,120,120,0,120,65,0
33,147,33,147,147,147,0,147,147,147,0,147,62,0
23,106,23,106,106,106,0,106,106,106,0,106,49,0
0,0,0,0,0,0,0,0,0,0,0,0,0,0
0,0,0,0,0,0,0,0,0,0,0,0,0,0
0,36,0,36,36,36,0,36,36,36,0,36,68,0
0,31,0,31,31,31,0,31,31,31,0,31,74,0
0,26,0,26,26,26,0,26,26,26,0,26,93,0
0,39,0,39,39,39,0,39,39,39,0,39,103,0
0,37,0,37,37,37,0,37,37,37,0,37,93,0
0,54,0,54,54,54,0,54,54,54,0,54,94,0
0,61,0,61,61,61,0,61,61,61,0,61,90,0
0,50,0,50,50,50,0,50,50,50,0,50,84,0
31,54,31,54,54,54,0,54,54,54,0,54,81,0
23,59,23,59,59,59,0,59,59,59,0,59,63,0
0,87,0,87,87,87,0,87,87,87,0,87,44,0
0,98,0,98,98,98,0,98,98,98,0,98,53,0
0,130,0,130,130,130,0,130,130,130,0,130,83,0
0,93,0,93,93,93,0,93,93,93,0,93,40,0
0,82,0,82,82,82,0,82,82,82,0,82,70,0
0,102,0,102,102,102,0,102,102,102,0,102,70,0
0,115,0,115,115,115,0,115,115,115,0,115,75,0
0,121,0,121,121,121,0,121,121,121,0,121,53,0
0,115,0,115,115,115,0,115,115,115,0,115,33,0
0,134,0,134,134,134,0,134,134,134,0,134,76,0
0,125,0,125,125,125,0,125,125,125,0,125,90,0
0,131,0,131,131,131,0,131,131,131,0,131,105,0
0,121,0,121,121,121,0,121,121,121,0,121,97,0
0,82,0,82,82,82,0,82,82,82,0,82,150,0
0,97,0,97,97,97,0,97,97,97,0,97,173,0
0,105,0,105,105,105,0,105,105,105,0,105,166,0
0,117,0,117,117,117,0,117,117,117,0,117,150,0
0,97,0,97,97,97,0,97,97,97,0,97,148,0
0,73,0,73,73,73,0,73,73,73,0,73,111,0
0,103,0,103,103,103,0,103,103,103,0,103,228,0
0,98,0,98,98,98,0,98,98,98,0,98,67,0
0,116,0,116,116,116,0,116,116,116,0,116,108,0
0,98,0,98,98,98,0,98,98,98,0,98,96,0
0,83,0,83,83,83,0,83,83,83,0,83,124,0
0,75,0,75,75,75,0,75,75,75,0,75,230,0
0,77,0,77,77,77,0,77,77,77,0,77,242,0
0,82,0,82,82,82,0,82,82,82,0,82,288,0
0,84,0,84,84,84,0,84,84,84,0,84,225,0
0,58,0,58,58,58,0,58,58,58,0,58,285,0
0,63,0,63,63,63,0,63,63,63,0,63,289,0
0,54,0,54,54,54,0,54,54,54,0,54,138,0
0,61,0,61,61,61,0,61,61,61,0,61,105,0
0,72,0,72,72,72,0,72,72,72,0,72,271,0
0,87,0,87,87,87,0,87,87,87,0,87,273,0
0,74,0,74,74,74,0,74,74,74,0,74,237,0
0,105,0,105,105,105,0,105,105,105,0,105,197,0
0,120,0,120,120,120,0,120,120,120,0,120,232,0
0,118,0,118,118,118,0,118,118,118,0,118,229,0
0,112,0,112,112,112,0,112,112,112,0,112,179,0
0,106,0,106,106,106,0,106,106,106,0,106,257,0
0,111,0,111,111,111,0,111,111,111,0,111,323,0
0,120,0,120,120,120,0,120,120,120,0,120,334,0
0,139,0,139,139,139,0,139,139,139,0,139,270,0
0,139,0,139,139,139,0,139,139,139,0,139,391,0
0,161,0,161,161,161,0,161,161,161,0,161,446,0
0,126,0,126,126,126,0,126,126,126,0,126,413,0
0,114,0,114,114,114,0,114,114,114,0,114,426,0
0,127,0,127,127,127,0,127,127,127,0,127,393,0
0,105,0,105,105,105,0,105,105,105,0,105,651,0
0,58,0,58,58,58,0,58,58,58,0,58,469,0
0,52,0,52,52,52,0,52,52,52,0,52,767,0
0,60,0,60,60,60,0,60,60,60,0,60,1027,0
0,52,0,52,52,52,0,52,52,52,0,52,1067,0
0,36,0,36,36,36,0,36,36,36,0,36,1063,0
0,26,0,26,26,26,0,26,26,26,0,26,986,0
0,82,0,82,82,82,0,82,82,82,0,82,861,0
0,107,0,107,107,107,0,107,107,107,0,107,649,0
0,99,0,99,99,99,0,99,99,99,0,99,679,0
0,114,0,114,114,114,0,114,114,114,0,114,747,0
0,68,0,68,68,68,0,68,68,68,0,68,773,0
0,85,0,85,85,85,0,85,85,85,0,85,684,0
0,36,0,36,36,36,0,36,36,36,0,36,614,0
0,42,0,42,42,42,0,42,42,42,0,42,611,0
0,25,0,25,25,25,0,25,25,25,0,25,606,0
0,27,0,27,27,27,0,27,27,27,0,27,661,0
0,0,0,0,0,0,0,0,0,0,0,0,642,0
0,29,0,29,29,29,0,29,29,29,0,29,644,0
0,24,0,24,24,24,0,24,24,24,0,24,556,0
0,0,0,0,0,0,0,0,0,0,0,0,685,0
0,0,0,0,0,0,0,0,0,0,0,0,632,0
0,0,0,0,0,0,0,0,0,0,0,0,599,0
0,0,0,0,0,0,0,0,0,0,0,0,587,0
0,0,0,0,0,0,0,0,0,0,0,0,524,0
0,0,0,0,0,0,0,0,0,0,0,0,454,0
0,0,0,0,0,0,0,0,0,0,0,0,548,0
0,0,0,0,0,0,0,0,0,0,0,0,633,0
0,0,0,0,0,0,0,0,0,0,0,0,665,0
0,0,0,0,0,0,0,0,0,0,0,0,760,0
0,0,0,0,0,0,0,0,0,0,0,0,755,0
0,22,0,22,22,22,0,22,22,22,0,22,783,0
0,29,0,29,29,29,0,29,29,29,0,29,729,0
0,26,0,26,26,26,0,26,26,26,0,26,684,0
0,29,0,29,29,29,0,29,29,29,0,29,696,0
0,37,0,37,37,37,0,37,37,37,0,37,781,0
0,34,0,34,34,34,0,34,34,34,0,34,824,0
0,26,0,26,26,26,0,26,26,26,0,26,971,0
0,21,0,21,21,21,0,21,21,21,0,21,1121,0
0,34,0,34,34,34,0,34,34,34,0,34,1078,0
0,39,0,39,39,39,0,39,39,39,0,39,1178,0
0,48,0,48,48,48,0,48,48,48,0,48,1160,0
0,54,0,54,54,54,0,54,54,54,0,54,1133,0
0,31,0,31,31,31,0,31,31,31,0,31,994,0
0,24,0,24,24,24,0,24,24,24,0,24,1059,0
0,25,0,25,25,25,0,25,25,25,0,25,1080,0
0,0,0,0,0,0,0,0,0,0,0,0,1146,0
0,0,0,0,0,0,0,0,0,0,0,0,1191,0
0,0,0,0,0,0,0,0,0,0,0,0,1211,0
0,0,0,0,0,0,0,0,0,0,0,0,1232,0
0,0,0,0,0,0,0,0,0,0,0,0,1103,0
0,0,0,0,0,0,0,0,0,0,0,0,1162,0
0,0,0,0,0,0,0,0,0,0,0,0,1093,0
0,0,0,0,0,0,0,0,0,0,0,0,990,0
0,0,0,0,0,0,0,0,0,0,0,0,978,0
0,0,0,0,0,0,0,0,0,0,0,0,949,0
0,0,0,0,0,0,0,0,0,0,0,0,794,0
0,0,0,0,0,0,0,0,0,0,0,0,815,0
0,0,0,0,0,0,0,0,0,0,0,0,808,0
0,0,0,0,0,0,0,0,0,0,0,0,764,0
0,0,0,0,0,0,0,0,0,0,0,0,803,0
0,0,0,0,0,0,0,0,0,0,0,0,905,0
0,0,0,0,0,0,0,0,0,0,0,0,916,0
0,0,0,0,0,0,0,0,0,0,0,0,925,0
0,0,0,0,0,0,0,0,0,0,0,0,935,0
0,0,0,0,0,0,0,0,0,0,0,0,1009,0
0,0,0,0,0,0,0,0,0,0,0,0,988,0
0,969,0,969,969,969,0,969,969,969,0,969,969,0
0,943,0,943,943,943,0,943,943,943,0,943,943,0
0,913,0,913,913,913,0,913,913,913,0,913,913,0
0,900,0,900,900,900,0,900,900,900,0,900,900,0
0,917,0,917,917,917,0,917,917,917,0,917,917,0
0,970,0,970,970,970,0,970,970,970,0,970,970,0
0,963,0,963,963,963,0,963,963,963,0,963,963,0
0,943,0,943,943,943,0,943,943,943,0,943,943,0
0,967,0,967,967,967,0,967,967,967,0,967,967,0
0,914,0,914,914,914,0,914,914,914,0,914,914,0
0,885,0,885,885,885,0,885,885,885,0,885,885,0
0,946,0,946,946,946,0,946,946,946,0,946,946,0
0,975,0,975,975,975,0,975,975,975,0,975,975,0
0,1035,0,1035,1035,1035,0,1035,1035,1035,0,1035,1035,0
0,1050,0,1050,1050,1050,0,1050,1050,1050,0,1050,1050,0
0,1041,0,1041,1041,1041,0,1041,1041,1041,0,1041,1041,0
0,1088,0,1088,1088,1088,0,1088,1088,1088,0,1088,1088,0
0,1079,0,1079,1079,1079,0,1079,1079,1079,0,1079,1079,0
0,1158,0,1158,1158,1158,0,1158,1158,1158,0,1158,1158,0
0,1041,0,1041,1041,1041,0,1041,1041,1041,0,1041,1041,0
0,1001,0,1001,1001,1001,0,1001,1001,1001,0,1001,1001,0
0,891,0,891,891,891,0,891,891,891,0,891,891,0
0,887,0,887,887,887,0,887,887,887,0,887,887,0
0,908,0,908,908,908,0,908,908,908,0,908,908,0
0,852,0,852,852,852,0,852,852,852,0,852,852,0
0,931,0,931,931,931,0,931,931,931,0,931,931,0
0,916,0,916,916,916,0,916,916,916,0,916,916,0
0,844,0,844,844,844,0,844,844,844,0,844,844,0
0,706,0,706,706,706,0,706,706,706,0,706,706,0
0,654,0,654,654,654,0,654,654,654,0,654,654,0
0,615,0,615,615,615,0,615,615,615,0,615,615,0
0,633,0,633,633,633,0,633,633,633,0,633,633,0
0,606,0,606,606,606,0,606,606,606,0,606,606,0
0,565,0,565,565,565,0,565,565,565,0,565,565,0
0,612,0,612,612,612,0,612,612,612,0,612,612,0
0,558,0,558,558,558,0,558,558,558,0,558,558,0
0,547,0,547,547,547,0,547,547,547,0,547,547,0
0,488,0,488,488,488,0,488,488,488,0,488,488,0
0,559,0,559,559,559,0,559,559,559,0,559,559,0
0,495,0,495,495,495,0,495,495,495,0,495,495,0
0,488,0,488,488,488,0,488,488,488,0,488,488,0
0,507,0,507,507,507,0,507,507,507,0,507,507,0
0,494,0,494,494,494,0,494,494,494,0,494,494,0
0,427,0,427,427,427,0,427,427,427,0,427,427,0
0,347,0,347,347,347,0,347,347,347,0,347,347,0
0,391,0,391,391,391,0,391,391,391,0,391,391,0
0,423,0,423,423,423,0,423,423,423,0,423,423,0
0,318,0,318,318,318,0,318,318,318,0,318,318,0
0,283,0,283,283,283,0,283,283,283,0,283,283,0
0,222,0,222,222,222,0,222,222,222,0,222,222,0
0,207,0,207,207,207,0,207,207,207,0,207,207,0
0,240,0,240,240,240,0,240,240,240,0,240,240,0
0,275,0,275,275,275,0,275,275,275,0,275,275,0
0,229,0,229,229,229,0,229,229,229,0,229,229,0
0,283,0,283,283,283,0,283,283,283,0,283,283,0
0,267,0,267,267,267,0,267,267,267,0,267,267,0
0,318,0,318,318,318,0,318,318,318,0,318,318,0
0,386,0,386,386,386,0,386,386,386,0,386,386,0
0,462,0,462,462,462,0,462,462,462,0,462,462,0
0,400,0,400,400,400,0,400,400,400,0,400,400,0
0,361,0,361,361,361,0,361,361,361,0,361,361,0
0,379,0,379,379,379,0,379,379,379,0,379,379,0
0,362,0,362,362,362,0,362,362,362,0,362,362,0
0,299,0,299,299,299,0,299,299,299,0,299,299,0
0,338,0,338,338,338,0,338,338,338,0,338,338,0
0,297,0,297,297,297,0,297,297,297,0,297,297,0
0,294,0,294,294,294,0,294,294,294,0,294,294,0
0,273,0,273,273,273,0,273,273,273,0,273,273,0
0,277,0,277,277,277,0,277,277,277,0,277,277,0
0,313,0,313,313,313,0,313,313,313,0,313,313,0
0,338,0,338,338,338,0,338,338,338,0,338,338,0
0,303,0,303,303,303,0,303,303,303,0,303,303,0
0,273,0,273,273,273,0,273,273,273,0,273,273,0
0,258,0,258,258,258,0,258,258,258,0,258,258,0
0,201,0,201,201,201,0,201,201,201,0,201,201,0
0,222,0,222,222,222,0,222,222,222,0,222,222,0
0,229,0,229,229,229,0,229,229,229,0,229,229,0
0,196,0,196,196,196,0,196,196,196,0,196,196,0
0,160,0,160,160,160,0,160,160,160,0,160,160,0
0,185,0,185,185,185,0,185,185,185,0,185,185,0
0,168,0,168,168,168,0,168,168,168,0,168,168,0
0,190,0,190,190,190,0,190,190,190,0,190,190,0
0,62,0,62,62,62,0,62,62,62,0,62,62,0
0,30,0,30,30,30,0,30,30,30,0,30,30,0
0,124,0,124,124,124,0,124,124,124,0,124,124,0
0,113,0,113,113,113,0,113,113,113,0,113,113,0
0,68,0,68,68,68,0,68,68,68,0,68,68,0
0,87,0,87,87,87,0,87,87,87,0,87,87,0
0,66,0,66,66,66,0,66,66,66,0,66,66,0
0,70,0,70,70,70,0,70,70,70,0,70,70,0
0,66,0,66,66,66,0,66,66,66,0,66,66,0
0,60,0,60,60,60,0,60,60,60,0,60,60,0
0,67,0,67,67,67,0,67,67,67,0,67,67,0
0,62,0,62,62,62,0,62,62,62,0,62,62,0
0,43,0,43,43,43,0,43,43,43,0,43,43,0
0,81,0,81,81,81,0,81,81,81,0,81,81,0
0,77,0,77,77,77,0,77,77,77,0,77,77,0
0,59,0,59,59,59,0,59,59,59,0,59,59,0
0,71,0,71,71,71,0,71,71,71,0,71,71,0
0,94,0,94,94,94,0,94,94,94,0,94,94,0
0,84,0,84,84,84,0,84,84,84,0,84,84,0
0,101,0,101,101,101,0,101,101,101,0,101,101,0
0,96,0,96,96,96,0,96,96,96,0,96,96,0
0,112,0,112,112,112,0,112,112,112,0,112,112,0
0,117,0,117,117,117,0,117,117,117,0,117,117,0
0,160,0,160,160,160,0,160,160,160,0,160,160,0
0,142,0,142,142,142,0,142,142,142,0,142,142,0
0,122,0,122,122,122,0,122,122,122,0,122,122,0
0,109,0,109,109,109,0,109,109,109,0,109,109,0
0,94,0,94,94,94,0,94,94,94,0,94,94,0
0,97,0,97,97,97,0,97,97,97,0,97,97,0
0,88,0,88,88,88,0,88,88,88,0,88,88,0
0,351,0,351,351,351,0,351,351,351,0,351,351,0
0,377,0,377,377,377,0,377,377,377,0,377,377,0
0,413,0,413,413,413,0,413,413,413,0,413,413,0
0,444,0,444,444,444,0,444,444,444,0,444,444,0
0,414,0,414,414,414,0,414,414,414,0,414,414,0
0,366,0,366,366,366,0,366,366,366,0,366,366,0
0,225,0,225,225,225,0,225,225,225,0,225,225,0
0,358,0,358,358,358,0,358,358,358,0,358,358,0
0,321,0,321,321,321,0,321,321,321,0,321,321,0
0,388,0,388,388,388,0,388,388,388,0,388,388,0
0,322,0,322,322,322,0,322,322,322,0,322,322,0
0,392,0,392,392,392,0,392,392,392,0,392,392,0
0,365,0,365,365,365,0,365,365,365,0,365,365,0
0,408,0,408,408,408,0,408,408,408,0,408,408,0
0,469,0,469,469,469,0,469,469,469,0,469,469,0
0,550,0,550,550,550,0,550,550,550,0,550,550,0
0,543,0,543,543,543,0,543,543,543,0,543,543,0
0,503,0,503,503,503,0,503,503,503,0,503,503,0
0,416,0,416,416,416,0,416,416,416,0,416,416,0
0,410,0,410,410,410,0,410,410,410,0,410,410,0
0,385,0,385,385,385,0,385,385,385,0,385,385,0
0,418,0,418,418,418,0,418,418,418,0,418,418,0
0,385,0,385,385,385,0,385,385,385,0,385,385,0
0,325,0,325,325,325,0,325,325,325,0,325,325,0
0,265,0,265,265,265,0,265,265,265,0,265,265,0
0,295,0,295,295,295,0,295,295,295,0,295,295,0
0,443,0,443,443,443,0,443,443,443,0,443,443,0
0,633,0,633,633,633,0,633,633,633,0,633,633,0
0,632,0,632,632,632,0,632,632,632,0,632,632,0
0,589,0,589,589,589,0,589,589,589,0,589,589,0
0,632,0,632,632,632,0,632,632,632,0,632,632,0
0,690,0,690,690,690,0,690,690,690,0,690,690,0
0,639,0,639,639,639,0,639,639,639,0,639,639,20
0,630,0,630,630,630,0,630,630,630,0,630,630,36
0,645,0,645,645,645,0,645,645,645,0,645,645,1004
0,739,0,739,739,739,0,739,739,739,0,739,739,1090
0,701,0,701,701,701,0,701,701,701,0,701,701,1134
0,659,0,659,659,659,0,659,659,659,0,659,659,1341
0,644,0,644,644,644,0,644,644,644,0,644,644,1485
0,486,0,486,486,486,0,486,486,486,0,486,486,1402
0,475,0,475,475,475,0,475,475,475,0,475,475,1446
0,473,0,473,473,473,0,473,473,473,0,473,473,1499
0,489,0,489,489,489,0,489,489,489,0,489,489,1470
0,417,0,417,417,417,0,417,417,417,0,417,417,1617
0,489,0,489,489,489,0,489,489,489,0,489,489,1615
0,412,0,412,412,412,0,412,412,412,0,412,412,1700
0,340,0,340,340,340,0,340,340,340,0,340,340,1680
0,362,0,362,362,362,0,362,362,362,0,362,362,1650
0,387,0,387,387,387,0,387,387,387,0,387,387,1731
0,377,0,377,377,377,0,377,377,377,0,377,377,1766
0,417,0,417,417,417,0,417,417,417,0,417,417,1975
0,447,0,447,447,447,0,447,447,447,0,447,447,2106
0,411,0,411,411,411,0,411,411,411,0,411,411,1874
0,356,0,356,356,356,0,356,356,356,0,356,356,1947
0,361,0,361,361,361,0,361,361,361,0,361,361,2394
0,368,0,368,368,368,0,368,368,368,0,368,368,1916
0,312,0,312,312,312,0,312,312,312,0,312,312,1889
0,259,0,259,259,259,0,259,259,259,0,259,259,2356
0,266,0,266,266,266,0,266,266,266,0,266,266,2301
0,245,0,245,245,245,0,245,245,245,0,245,245,1908
0,294,0,294,294,294,0,294,294,294,0,294,294,2239
0,233,0,233,233,233,0,233,233,233,0,233,233,2208
0,298,0,298,298,298,0,298,298,298,0,298,298,2396
0,350,0,350,350,350,0,350,350,350,0,350,350,2459
0,379,0,379,379,379,0,379,379,379,0,379,379,2354
0,329,0,329,329,329,0,329,329,329,0,329,329,2394
0,296,0,296,296,296,0,296,296,296,0,296,296,2025
0,250,0,250,250,250,0,250,250,250,0,250,250,1968
0,217,0,217,217,217,0,217,217,217,0,217,217,1917
0,267,0,267,267,267,0,267,267,267,0,267,267,2322
0,258,0,258,258,258,0,258,258,258,0,258,258,2389
0,314,0,314,314,314,0,314,314,314,0,314,314,2374
0,326,0,326,326,326,0,326,326,326,0,326,326,2311
0,304,0,304,304,304,0,304,304,304,0,304,304,2198
0,304,0,304,304,304,0,304,304,304,0,304,304,2230
0,287,0,287,287,287,0,287,287,287,0,287,287,2259
0,282,0,282,282,282,0,282,282,282,0,282,282,2338
0,245,0,245,245,245,0,245,245,245,0,245,245,2481
0,290,0,290,290,290,0,290,290,290,0,290,290,2424
0,269,0,269,269,269,0,269,269,269,0,269,269,2429
0,146,0,146,146,146,0,146,146,146,0,146,146,2589
0,100,0,100,100,100,0,100,100,100,0,100,100,2575
0,114,0,114,114,114,0,114,114,114,0,114,114,2480
0,180,0,180,180,180,0,180,180,180,0,180,180,2581
0,197,0,197,197,197,0,197,197,197,0,197,197,2551
0,180,0,180,180,180,0,180,180,180,0,180,180,2502
0,204,0,204,204,204,0,204,204,204,0,204,204,2283
0,172,0,172,172,172,0,172,172,172,0,172,172,2387
0,170,0,170,170,170,0,170,170,170,0,170,170,2454
0,176,0,176,176,176,0,176,176,176,0,176,176,2348
0,230,0,230,230,230,0,230,230,230,0,230,230,2319
0,31,0,31,31,31,0,31,31,31,0,31,31,2511
0,22,0,22,22,22,0,22,22,22,0,22,22,2250
0,36,0,36,36,36,0,36,36,36,0,36,36,2428
0,42,0,42,42,42,0,42,42,42,0,42,42,2415
0,24,0,24,24,24,0,24,24,24,0,24,24,2238
0,31,0,31,31,31,0,31,31,31,0,31,31,2434
0,155,0,155,155,155,0,155,155,155,0,155,155,2470
0,153,0,153,153,153,0,153,153,153,0,153,153,2449
0,156,0,156,156,156,0,156,156,156,0,156,156,2418
0,147,0,147,147,147,0,147,147,147,0,147,147,2303
0,177,0,177,177,177,0,177,177,177,0,177,177,2349
0,121,0,121,121,121,0,121,121,121,0,121,121,2315
0,159,0,159,159,159,0,159,159,159,0,159,159,2396
0,146,0,146,146,146,0,146,146,146,0,146,146,2347
0,155,0,155,155,155,0,155,155,155,0,155,155,2321
0,158,0,158,158,158,0,158,158,158,0,158,158,2359
0,139,0,139,139,139,0,139,139,139,0,139,139,2427
0,201,0,201,201,201,0,201,201,201,0,201,201,2557
0,96,0,96,96,96,0,96,96,96,0,96,96,2425
0,216,0,216,216,216,0,216,216,216,0,216,216,2329
0,123,0,123,123,123,0,123,123,123,0,123,123,2449
0,196,0,196,196,196,0,196,196,196,0,196,196,2375
0,183,0,183,183,183,0,183,183,183,0,183,183,2209
28,253,28,253,253,253,0,253,253,253,0,253,253,2189
26,364,26,364,364,364,0,364,364,364,0,364,364,2084
0,314,0,314,314,314,0,314,314,314,0,314,314,2076
31,273,31,273,273,273,0,273,273,273,0,273,273,2056
32,242,32,242,242,242,0,242,242,242,0,242,242,2062
30,252,30,252,252,252,0,252,252,252,0,252,252,2198
28,315,28,315,315,315,0,315,315,315,0,315,315,2101
34,305,34,305,305,305,0,305,305,305,0,305,305,2206
50,286,50,286,286,286,0,286,286,286,0,286,286,2103
70,268,70,268,268,268,0,268,268,268,0,268,268,2042
53,232,53,232,232,232,0,232,232,232,0,232,232,2130
100,231,100,231,231,231,0,231,231,231,0,231,231,1997
141,194,141,194,194,194,0,194,194,194,0,194,194,2066
165,203,165,203,203,203,0,203,203,203,0,203,203,2080
197,170,197,170,170,170,0,170,170,170,0,170,170,2263
266,193,266,193,193,193,0,193,193,193,0,193,193,2070
270,165,270,165,165,165,0,165,165,165,0,165,165,2162
293,113,293,113,113,113,0,113,113,113,0,113,113,2156
337,97,337,97,97,97,0,97,97,97,0,97,97,2135
349,131,349,131,131,131,0,131,131,131,0,131,131,1979
417,74,417,74,74,74,0,74,74,74,0,74,74,2151
472,100,472,100,100,100,0,100,100,100,0,100,100,2069
448,76,448,76,76,76,0,76,76,76,0,76,76,2104
551,81,551,81,81,81,0,81,81,81,0,81,81,2187
532,76,532,76,76,76,0,76,76,76,0,76,76,2236
596,56,596,56,56,56,0,56,56,56,0,56,56,2127
