0,1,2,3,4,5,6,7,8,9,10,11,12,13,14,15,16,17
880,0,0,0,0,0,0,0,0,0,0,0,0,0,0,0,0,0
877,449,0,0,0,0,0,0,0,0,0,0,0,0,0,0,0,0
643,457,0,0,0,0,0,0,0,0,0,0,0,0,0,0,0,0
791,398,0,0,0,0,0,0,0,0,0,0,0,0,0,0,0,0
573,382,0,0,0,0,0,0,0,0,0,0,0,0,0,0,0,0
430,470,146,0,0,0,0,0,0,0,0,0,0,0,0,0,0,0
455,552,103,0,0,0,0,0,0,0,0,0,0,0,0,0,0,0
421,486,117,0,0,0,0,0,0,0,0,0,0,0,0,0,0,0
401,522,100,0,0,0,0,0,0,0,0,0,0,0,0,0,0,0
340,501,86,0,0,0,0,0,0,0,0,0,0,0,0,0,0,0
266,500,107,0,0,0,0,0,0,0,0,0,0,0,0,0,0,0
271,521,144,0,0,0,0,0,0,0,0,0,0,0,0,0,0,0
144,619,148,0,0,0,0,0,0,0,0,0,0,0,0,0,0,0
163,574,144,0,0,0,0,0,0,0,0,0,0,0,0,0,0,0
128,582,77,0,0,0,0,0,0,0,0,0,0,0,0,0,0,0
161,565,58,0,0,0,0,0,0,0,0,0,0,0,0,0,0,0
96,606,32,20,0,0,0,0,0,0,0,0,0,0,0,0,0,0
108,559,0,23,0,0,0,0,0,0,0,0,0,0,0,0,0,0
80,628,0,21,0,0,0,0,0,0,0,0,0,0,0,0,0,0
94,593,0,0,0,0,0,0,0,0,0,0,0,0,0,0,0,0
124,509,0,0,0,0,0,0,0,0,0,0,0,0,0,0,0,0
136,509,0,0,0,0,0,0,0,0,0,0,0,0,0,0,0,0
137,554,0,0,0,0,0,0,0,0,0,0,0,0,0,0,0,0
117,585,0,0,0,0,0,0,0,0,0,0,0,0,0,0,0,0
131,533,0,24,0,0,0,0,0,0,0,0,0,0,0,0,0,0
118,534,0,40,0,0,0,0,0,0,0,0,0,0,0,0,0,0
91,549,0,24,0,0,0,0,0,0,0,0,0,0,0,0,0,0
111,474,0,0,0,0,0,0,0,0,0,0,0,0,0,0,0,0
70,520,0,0,0,0,0,0,0,0,0,0,0,0,0,0,0,0
115,625,0,0,0,0,0,0,0,0,0,0,0,0,0,0,0,0
71,525,0,0,0,0,0,0,0,0,0,0,0,0,0,0,0,0
63,625,625,0,0,0,0,0,0,0,0,0,0,0,0,0,0,0
95,616,616,0,0,0,0,0,0,0,0,0,0,0,0,0,0,0
77,571,571,0,0,0,0,0,0,0,0,0,0,0,0,0,0,0
86,510,510,0,0,0,0,0,0,0,0,0,0,0,0,0,0,0
115,584,584,35,0,0,0,0,0,0,0,0,0,0,0,0,0,0
96,561,561,33,0,0,0,0,0,0,0,0,0,0,0,0,0,0
71,571,571,21,0,0,0,0,0,0,0,0,0,0,0,0,0,0
57,575,575,20,0,0,0,0,0,0,0,0,0,0,0,0,0,0
54,553,553,23,0,0,0,0,0,0,0,0,0,0,0,0,0,0
36,585,585,27,0,0,0,0,0,0,0,0,0,0,0,0,0,0
41,611,611,31,0,0,0,0,0,0,0,0,0,0,0,0,0,0
0,584,584,41,0,0,0,0,0,0,0,0,0,0,0,0,0,0
23,510,510,57,0,0,0,0,0,0,0,0,0,0,0,0,0,0
0,497,497,67,0,0,0,0,0,0,0,0,0,0,0,0,0,0
0,565,565,50,0,0,0,0,0,0,0,0,0,0,0,0,0,0
23,506,506,46,0,0,0,0,0,0,0,0,0,0,0,0,0,0
0,461,461,21,0,0,0,0,0,0,0,0,0,0,0,0,0,0
0,486,486,28,0,0,0,0,0,0,0,0,0,0,0,0,0,0
0,495,495,38,0,0,0,0,0,0,0,0,0,0,0,0,0,0
0,420,420,67,0,0,0,0,0,0,0,0,0,0,0,0,0,0
0,378,378,46,0,0,0,0,0,0,0,0,0,0,0,0,0,0
0,384,384,26,0,0,0,0,0,0,0,0,0,0,0,0,0,0
0,346,346,21,0,0,0,0,0,0,0,0,0,0,0,0,0,0
0,329,329,21,0,0,0,0,0,0,0,0,0,0,0,0,0,0
0,373,373,0,0,0,0,0,0,0,0,0,0,0,0,0,0,0
0,348,348,0,0,0,0,0,0,0,0,0,0,0,0,0,0,0
0,329,329,54,0,0,0,0,0,0,0,0,0,0,0,0,0,0
0,321,321,67,0,0,0,0,0,0,0,0,0,0,0,0,0,0
0,353,353,56,0,0,0,0,0,0,0,0,0,0,0,0,0,0
0,327,327,53,0,0,0,0,0,0,0,0,0,0,0,0,0,0
0,329,329,81,0,0,0,0,0,0,0,0,0,0,0,0,0,0
0,294,294,217,0,0,0,0,0,0,0,0,0,0,0,0,0,0
0,279,279,230,0,0,0,0,0,0,0,0,0,0,0,0,0,0
0,240,240,252,0,0,0,0,0,0,0,0,0,0,0,0,0,0
0,271,271,345,0,0,0,0,0,0,0,0,0,0,0,0,0,0
0,233,233,359,0,0,0,0,0,0,0,0,0,0,0,0,0,0
0,224,224,357,0,0,0,0,0,0,0,0,0,0,0,0,0,0
0,181,181,379,0,0,0,0,0,0,0,0,0,0,0,0,0,0
0,188,188,329,0,0,0,0,0,0,0,0,0,0,0,0,0,0
0,198,198,367,49,64,0,0,0,0,0,0,0,0,0,0,0,0
0,180,180,363,51,54,0,0,0,0,0,0,0,0,0,0,0,0
0,150,150,405,58,83,0,0,0,0,0,0,0,0,0,0,0,0
0,125,125,409,58,95,0,0,0,0,0,0,0,0,0,0,0,0
0,122,122,410,174,174,0,0,0,0,0,0,0,0,0,0,0,0
0,125,125,437,90,90,0,0,0,0,0,0,0,0,0,0,0,0
0,121,121,357,77,77,0,0,0,0,0,0,0,0,0,0,0,0
0,130,130,461,76,76,0,0,0,0,0,0,0,0,0,0,0,0
0,114,114,369,79,79,0,0,0,0,0,0,0,0,0,0,0,0
0,127,127,419,122,122,0,0,0,0,0,0,0,0,0,0,0,0
0,125,125,294,138,138,0,0,0,0,0,0,0,0,0,0,0,0
0,129,129,317,122,122,0,0,0,0,0,0,0,0,0,0,0,0
0,74,74,389,144,144,0,0,0,0,0,0,0,0,0,0,0,0
0,82,82,413,118,118,0,0,0,0,0,0,0,0,0,0,0,0
0,109,109,390,74,74,0,0,0,0,0,0,0,0,0,0,0,0
0,114,114,486,94,94,0,0,0,0,0,0,0,0,0,0,0,0
0,117,117,482,67,67,0,0,0,0,0,0,0,0,0,0,0,0
0,134,134,570,60,60,0,0,0,0,0,0,0,0,0,0,0,0
0,135,135,585,66,66,0,0,0,0,0,0,0,0,0,0,0,0
0,98,98,542,47,47,0,0,0,0,0,0,0,0,0,0,0,0
0,114,114,461,76,76,0,0,0,0,0,0,0,0,0,0,0,0
0,116,116,558,83,83,0,0,0,0,0,0,0,0,0,0,0,0
0,102,102,556,66,66,0,0,0,0,0,0,0,0,0,0,0,0
0,89,89,614,614,614,0,0,0,0,0,0,0,0,0,0,0,0
0,82,82,386,386,386,0,0,0,0,0,0,0,0,0,0,0,0
0,75,75,650,650,650,0,0,0,0,0,0,0,0,0,0,0,0
0,63,63,375,375,375,25,0,0,0,0,0,0,0,0,0,0,0
0,82,82,645,645,645,35,26,0,0,0,0,0,0,0,0,0,0
0,50,50,404,404,404,20,222,0,0,0,0,0,0,0,0,0,0
0,50,50,406,406,406,406,252,0,0,0,0,0,0,0,0,0,0
0,46,46,375,375,375,375,272,0,0,0,0,0,0,0,0,0,0
0,35,35,391,391,391,391,221,0,0,0,0,0,0,0,0,0,0
0,42,42,351,351,351,351,291,0,0,0,0,0,0,0,0,0,0
0,25,25,324,324,324,324,256,25,0,0,0,0,0,0,0,0,0
0,28,28,354,354,354,354,218,36,0,0,0,0,0,0,0,0,0
0,0,0,435,435,435,435,237,36,0,0,0,0,0,0,0,0,0
0,0,0,468,468,468,468,182,49,0,0,0,0,0,0,0,0,0
0,0,0,495,495,495,495,157,30,21,0,0,0,0,0,0,0,0
0,0,0,557,557,557,557,169,68,23,0,0,0,0,0,0,0,0
0,0,0,662,662,662,662,662,63,58,0,0,0,0,0,0,0,0
0,0,0,355,355,355,355,355,74,90,0,0,0,0,0,0,0,0
0,0,0,446,446,446,446,446,55,50,0,0,0,0,0,0,0,0
0,0,0,211,211,211,211,211,62,41,0,0,0,0,0,0,0,0
0,0,0,301,301,301,301,301,67,36,0,0,0,0,0,0,0,0
0,0,0,182,182,182,182,182,61,45,0,0,0,0,0,0,0,0
0,0,0,150,150,150,150,150,58,81,0,0,0,0,0,0,0,0
0,0,0,163,163,163,163,163,45,108,0,0,0,0,0,0,0,0
0,0,0,144,144,144,144,144,26,119,0,0,0,0,0,0,0,0
0,0,0,173,173,173,173,173,39,79,0,0,0,0,0,0,0,0
0,0,0,206,206,206,206,206,48,59,0,0,0,0,0,0,0,0
0,0,0,166,166,166,166,166,42,82,0,0,0,0,0,0,0,0
0,0,0,196,196,196,196,196,48,102,0,0,0,0,0,0,0,0
0,0,0,121,121,121,121,121,52,111,0,0,0,0,0,0,0,0
0,0,0,130,130,130,130,130,51,139,0,0,0,0,0,0,0,0
0,0,0,134,134,134,134,134,39,105,0,0,0,0,0,0,0,0
0,0,0,136,136,136,136,136,38,100,0,0,0,0,0,0,0,0
0,0,0,189,189,189,189,189,29,113,0,0,0,0,0,0,0,0
0,0,0,196,196,196,196,196,25,82,0,0,0,0,0,0,0,0
104,0,0,189,189,189,189,189,32,114,0,0,0,0,0,0,0,0
137,0,0,212,212,212,212,212,40,134,0,0,0,0,0,0,0,0
136,0,0,178,178,178,178,178,28,199,0,0,0,0,0,0,0,0
324,0,0,324,324,324,324,324,20,262,24,0,0,0,0,0,0,0
294,20,20,294,294,294,294,294,158,328,0,0,0,0,0,0,0,0
133,187,187,133,133,133,133,133,167,343,27,0,0,0,0,0,0,0
332,332,332,332,332,332,332,332,171,336,0,0,0,0,0,0,0,0
314,314,314,314,314,314,314,314,182,344,0,0,0,0,0,0,0,0
291,291,291,291,291,291,291,291,157,453,0,0,0,0,0,0,0,0
319,319,319,319,319,319,319,319,155,420,0,0,0,0,0,0,0,0
119,119,119,119,119,119,119,119,180,376,0,0,0,0,0,0,0,0
186,186,186,186,186,186,186,186,207,376,0,0,0,0,0,0,0,0
89,89,89,89,89,89,89,89,208,357,22,0,0,0,0,0,0,0
324,324,324,324,324,324,324,324,168,347,22,26,0,0,0,0,0,0
144,144,144,144,144,144,144,144,179,254,254,61,0,0,0,0,0,0
149,149,149,149,149,149,149,149,209,221,221,67,0,0,0,0,0,0
171,171,171,171,171,171,171,171,193,146,146,70,0,0,0,0,0,0
244,244,244,244,244,244,244,244,249,142,142,57,0,0,0,0,0,0
210,210,210,210,210,210,210,210,267,100,100,31,29,0,0,0,0,0
242,242,242,242,242,242,242,242,285,133,133,0,24,0,0,0,0,0
204,204,204,204,204,204,204,204,280,92,92,0,51,0,0,0,0,0
224,224,224,224,224,224,224,224,309,77,77,0,51,0,0,0,0,0
193,193,193,193,193,193,193,193,261,62,62,0,41,0,0,0,0,0
186,186,186,186,186,186,186,186,218,22,22,23,58,0,0,0,0,0
535,535,535,535,535,535,535,535,208,21,21,20,56,0,0,0,0,0
333,333,333,333,333,333,333,333,240,28,28,28,61,0,0,0,0,0
335,335,335,335,335,335,335,335,217,28,28,31,53,159,0,0,0,0
378,378,378,378,378,378,378,378,220,0,0,45,70,147,0,0,0,0
415,415,415,415,415,415,415,415,239,0,0,43,74,205,0,0,0,0
441,441,441,441,441,441,441,441,224,0,0,0,113,224,0,0,0,0
439,439,439,439,439,439,439,439,233,0,0,24,102,189,0,0,0,0
572,572,572,572,572,572,572,572,220,20,20,0,126,234,0,0,0,0
470,470,470,470,470,470,470,470,234,0,0,0,129,216,0,0,0,0
538,538,538,538,538,538,538,538,260,0,0,0,136,262,0,0,0,0
532,532,532,532,532,532,532,532,255,0,0,0,102,229,0,0,0,0
479,479,479,479,479,479,479,479,265,0,0,0,160,198,0,0,0,0
463,463,463,463,463,463,463,463,273,0,0,0,171,234,0,0,0,0
455,455,455,455,455,455,455,455,331,0,0,0,219,215,0,0,0,0
467,467,467,467,467,467,467,467,371,0,0,0,120,214,0,0,0,0
518,518,518,518,518,518,518,518,455,0,0,26,299,188,0,0,0,0
510,510,510,510,510,510,510,510,486,0,0,29,263,196,0,0,0,0
586,586,586,586,586,586,586,586,465,0,0,30,170,154,0,0,0,0
629,629,629,629,629,629,629,629,435,21,21,0,272,173,0,0,0,0
543,543,543,543,543,543,543,543,456,29,29,0,339,131,0,0,0,0
562,562,562,562,562,562,562,562,408,52,52,0,359,127,0,0,0,0
655,655,655,655,655,655,655,655,334,67,67,0,529,529,0,0,0,0
936,936,936,936,936,936,936,936,936,37,37,0,365,365,0,0,0,0
997,997,997,997,997,997,997,997,997,41,41,0,529,529,0,0,0,0
981,981,981,981,981,981,981,981,981,44,44,0,496,496,0,0,0,0
980,980,980,980,980,980,980,980,980,36,36,0,351,351,0,0,0,0
756,756,756,756,756,756,756,756,756,73,73,0,530,530,0,0,0,0
771,771,771,771,771,771,771,771,771,63,63,0,522,522,0,0,0,0
990,990,990,990,990,990,990,990,990,26,26,0,684,684,0,0,0,0
964,964,964,964,964,964,964,964,964,42,42,0,677,677,0,0,0,0
926,926,926,926,926,926,926,926,926,32,32,0,628,628,0,0,0,0
693,693,693,693,693,693,693,693,693,24,24,0,638,638,113,0,0,0
917,917,917,917,917,917,917,917,917,32,32,0,598,598,150,0,0,0
847,847,847,847,847,847,847,847,847,0,0,0,578,578,86,0,0,0
769,769,769,769,769,769,769,769,769,21,21,0,514,514,91,0,0,0
698,698,698,698,698,698,698,698,698,23,23,0,544,544,102,0,0,0
596,596,596,596,596,596,596,596,596,0,0,0,526,526,78,0,0,0
613,613,613,613,613,613,613,613,613,0,0,0,529,529,79,0,0,0
576,576,576,576,576,576,576,576,576,0,0,0,472,472,41,0,0,0
596,596,596,596,596,596,596,596,596,0,0,0,556,556,64,0,0,0
623,623,623,623,623,623,623,623,623,0,0,0,578,578,35,0,0,0
583,583,583,583,583,583,583,583,583,0,0,0,568,568,45,0,0,0
516,516,516,516,516,516,516,516,516,0,0,0,534,534,0,0,0,0
468,468,468,468,468,468,468,468,468,0,0,0,475,475,0,0,0,0
466,466,466,466,466,466,466,466,466,0,0,0,449,449,23,0,0,0
525,525,525,525,525,525,525,525,525,0,0,0,304,304,0,0,0,0
508,508,508,508,508,508,508,508,508,0,0,0,239,239,0,0,0,0
496,496,496,496,496,496,496,496,496,0,0,0,188,188,0,0,0,0
582,582,582,582,582,582,582,582,582,0,0,0,173,173,0,0,0,0
524,524,524,524,524,524,524,524,524,0,0,0,125,125,20,0,0,0
517,517,517,517,517,517,517,517,517,0,0,0,102,102,0,0,0,0
552,552,552,552,552,552,552,552,552,0,0,0,127,127,0,0,0,0
575,575,575,575,575,575,575,575,575,0,0,0,89,89,57,0,0,0
588,588,588,588,588,588,588,588,588,0,0,0,69,69,25,0,0,0
564,564,564,564,564,564,564,564,564,0,0,0,96,96,0,0,0,0
579,579,579,579,579,579,579,579,579,0,0,0,73,73,0,0,0,0
471,471,471,471,471,471,471,471,471,0,0,0,47,47,0,0,0,0
553,553,553,553,553,553,553,553,553,0,0,0,51,51,0,0,0,0
635,635,635,635,635,635,635,635,635,0,0,0,28,28,0,0,0,0
591,591,591,591,591,591,591,591,591,0,0,0,34,34,0,0,0,0
674,674,674,674,674,674,674,674,674,0,0,0,25,25,0,0,0,0
626,626,626,626,626,626,626,626,626,0,0,0,38,38,21,0,0,0
665,665,665,665,665,665,665,665,665,0,0,0,33,33,0,0,0,0
546,546,546,546,546,546,546,546,546,0,0,0,38,38,0,0,0,0
540,540,540,540,540,540,540,540,540,0,0,0,22,22,0,0,0,0
576,576,576,576,576,576,576,576,576,0,0,0,28,28,0,0,0,0
612,612,612,612,612,612,612,612,612,0,0,0,612,612,0,0,0,0
694,694,694,694,694,694,694,694,694,0,0,0,694,694,0,0,0,0
681,681,681,681,681,681,681,681,681,0,0,0,681,681,0,0,0,0
735,735,735,735,735,735,735,735,735,0,0,0,735,735,0,0,0,0
735,735,735,735,735,735,735,735,735,0,0,0,735,735,0,0,0,0
760,760,760,760,760,760,760,760,760,0,0,0,760,760,0,0,0,0
830,830,830,830,830,830,830,830,830,0,0,0,830,830,0,0,0,0
825,825,825,825,825,825,825,825,825,0,0,0,825,825,0,0,0,0
901,901,901,901,901,901,901,901,901,0,0,0,901,901,0,0,0,0
858,858,858,858,858,858,858,858,858,0,0,0,858,858,0,0,0,0
759,759,759,759,759,759,759,759,759,0,0,0,759,759,0,0,0,0
695,695,695,695,695,695,695,695,695,0,0,0,695,695,0,0,0,0
721,721,721,721,721,721,721,721,721,0,0,0,721,721,0,0,0,0
628,628,628,628,628,628,628,628,628,0,0,0,628,628,0,0,0,0
597,597,597,597,597,597,597,597,597,0,0,0,597,597,0,0,0,0
543,543,543,543,543,543,543,543,543,0,0,0,543,543,0,0,0,0
491,491,491,491,491,491,491,491,491,0,0,0,491,491,0,0,0,0
466,466,466,466,466,466,466,466,466,0,0,0,466,466,0,0,0,0
464,464,464,464,464,464,464,464,464,0,0,0,464,464,0,0,0,0
484,484,484,484,484,484,484,484,484,0,0,0,484,484,0,0,0,0
445,445,445,445,445,445,445,445,445,0,0,0,445,445,0,0,0,0
559,559,559,559,559,559,559,559,559,0,0,0,559,559,0,0,0,0
597,597,597,597,597,597,597,597,597,0,0,0,597,597,0,0,0,0
627,627,627,627,627,627,627,627,627,0,0,0,627,627,0,0,0,0
662,662,662,662,662,662,662,662,662,0,0,0,662,662,0,0,0,0
674,674,674,674,674,674,674,674,674,0,0,0,674,674,0,0,0,0
558,558,558,558,558,558,558,558,558,0,0,0,558,558,0,0,0,0
508,508,508,508,508,508,508,508,508,0,0,0,508,508,0,0,0,0
486,486,486,486,486,486,486,486,486,0,0,0,486,486,0,0,0,0
403,403,403,403,403,403,403,403,403,0,0,0,403,403,0,0,0,0
423,423,423,423,423,423,423,423,423,0,0,0,423,423,0,24,0,0
416,416,416,416,416,416,416,416,416,0,0,0,416,416,0,0,0,0
252,252,252,252,252,252,252,252,252,0,0,0,252,252,0,20,0,0
282,282,282,282,282,282,282,282,282,0,0,0,282,282,0,20,0,0
271,271,271,271,271,271,271,271,271,0,0,0,271,271,0,27,0,0
207,207,207,207,207,207,207,207,207,0,0,0,207,207,0,31,0,0
256,256,256,256,256,256,256,256,256,0,0,0,256,256,0,29,0,0
189,189,189,189,189,189,189,189,189,0,0,0,189,189,0,26,0,0
172,172,172,172,172,172,172,172,172,0,0,0,172,172,0,36,0,0
191,191,191,191,191,191,191,191,191,0,0,0,191,191,0,29,0,0
148,148,148,148,148,148,148,148,148,0,0,0,148,148,0,23,0,0
113,113,113,113,113,113,113,113,113,0,0,0,113,113,0,32,0,0
100,100,100,100,100,100,100,100,100,0,0,0,100,100,0,25,0,0
127,127,127,127,127,127,127,127,127,0,0,0,127,127,0,79,0,0
121,121,121,121,121,121,121,121,121,0,0,0,121,121,0,122,0,0
161,161,161,161,161,161,161,161,161,0,0,0,161,161,0,107,0,0
168,168,168,168,168,168,168,168,168,0,0,0,168,168,0,103,0,0
134,134,134,134,134,134,134,134,134,0,0,0,134,134,0,170,0,0
143,143,143,143,143,143,143,143,143,0,0,0,143,143,0,247,0,0
144,144,144,144,144,144,144,144,144,0,0,0,144,144,0,196,0,0
149,149,149,149,149,149,149,149,149,0,0,0,149,149,17,223,0,0
101,101,101,101,101,101,101,101,101,0,0,0,101,101,230,230,0,0
120,120,120,120,120,120,120,120,120,0,0,0,120,120,247,247,0,0
86,86,86,86,86,86,86,86,86,0,0,0,86,86,316,316,0,0
66,66,66,66,66,66,66,66,66,0,0,0,66,66,267,267,0,0
43,43,43,43,43,43,43,43,43,0,0,0,43,43,294,294,0,0
33,33,33,33,33,33,33,33,33,0,0,0,33,33,305,305,0,0
0,0,0,0,0,0,0,0,0,0,0,0,0,0,243,243,0,0
0,0,0,0,0,0,0,0,0,0,0,0,0,0,204,204,0,0
0,0,0,0,0,0,0,0,0,0,0,0,0,0,208,208,0,0
0,0,0,0,0,0,0,0,0,0,0,0,0,0,249,249,0,0
0,0,0,0,0,0,0,0,0,0,0,0,0,0,182,182,0,0
0,0,0,0,0,0,0,0,0,0,0,0,0,0,235,235,0,0
0,0,0,0,0,0,0,0,0,0,0,0,0,0,168,168,0,0
0,0,0,0,0,0,0,0,0,0,0,0,0,0,270,270,0,0
0,0,0,0,0,0,0,0,0,0,0,0,0,0,328,328,0,0
0,0,0,0,0,0,0,0,0,0,0,0,0,0,165,165,0,0
0,0,0,0,0,0,0,0,0,0,0,0,0,0,167,167,0,0
0,0,0,0,0,0,0,0,0,0,0,0,0,0,177,177,0,0
0,0,0,0,0,0,0,0,0,0,0,0,0,0,236,236,0,0
0,0,0,0,0,0,0,0,0,0,0,0,0,0,217,217,0,0
0,0,0,0,0,0,0,0,0,0,0,0,0,0,252,252,0,0
0,0,0,0,0,0,0,0,0,0,0,0,0,0,244,244,0,0
0,0,0,0,0,0,0,0,0,0,0,0,0,0,269,269,0,0
0,0,0,0,0,0,0,0,0,0,0,0,0,0,203,203,0,0
0,0,0,0,0,0,0,0,0,0,0,0,0,0,171,171,0,0
0,0,0,0,0,0,0,0,0,0,0,0,0,0,192,192,0,0
0,0,0,0,0,0,0,0,0,0,0,0,0,0,202,202,0,0
0,0,0,0,0,0,0,0,0,0,0,0,0,0,189,189,0,0
0,0,0,0,0,0,0,0,0,0,0,0,0,0,246,246,0,0
0,0,0,0,0,0,0,0,0,0,0,0,0,0,256,256,0,0
0,0,0,0,0,0,0,0,0,0,0,0,0,0,231,231,0,0
0,0,0,0,0,0,0,0,0,0,0,0,0,0,221,221,0,0
25,25,25,25,25,25,25,25,25,0,0,0,25,25,198,198,0,0
29,29,29,29,29,29,29,29,29,0,0,0,29,29,202,202,0,0
0,0,0,0,0,0,0,0,0,0,0,0,0,0,167,167,0,0
0,0,0,0,0,0,0,0,0,0,0,0,0,0,169,169,0,0
0,0,0,0,0,0,0,0,0,0,0,0,0,0,126,126,0,0
0,0,0,0,0,0,0,0,0,0,0,0,0,0,103,103,0,0
0,0,0,0,0,0,0,0,0,0,0,0,0,0,120,120,0,0
0,0,0,0,0,0,0,0,0,0,0,0,0,0,170,170,0,0
0,0,0,0,0,0,0,0,0,0,0,0,0,0,135,135,0,0
0,0,0,0,0,0,0,0,0,0,0,0,0,0,151,151,0,0
0,0,0,0,0,0,0,0,0,0,0,0,0,0,145,145,0,0
0,0,0,0,0,0,0,0,0,0,0,0,0,0,148,148,0,0
22,22,22,22,22,22,22,22,22,0,0,0,22,22,139,139,0,0
0,0,0,0,0,0,0,0,0,0,0,0,0,0,119,119,0,0
0,0,0,0,0,0,0,0,0,0,0,0,0,0,125,125,0,0
0,0,0,0,0,0,0,0,0,0,0,0,0,0,91,91,0,0
26,26,26,26,26,26,26,26,26,0,0,0,26,26,79,79,0,0
0,0,0,0,0,0,0,0,0,0,0,0,0,0,92,92,0,0
0,0,0,0,0,0,0,0,0,0,0,0,0,0,103,103,0,0
21,21,21,21,21,21,21,21,21,0,0,0,21,21,167,167,0,0
24,24,24,24,24,24,24,24,24,0,0,0,24,24,85,85,0,0
28,28,28,28,28,28,28,28,28,0,0,0,28,28,163,163,0,0
36,36,36,36,36,36,36,36,36,0,0,0,36,36,115,115,0,0
23,23,23,23,23,23,23,23,23,0,0,0,23,23,139,139,53,0
0,0,0,0,0,0,0,0,0,0,0,0,0,0,134,134,83,0
35,35,35,35,35,35,35,35,35,0,0,0,35,35,101,101,127,0
0,0,0,0,0,0,0,0,0,0,0,0,0,0,104,104,138,0
0,0,0,0,0,0,0,0,0,0,0,0,0,0,85,85,163,0
0,0,0,0,0,0,0,0,0,0,0,0,0,0,137,137,184,0
22,22,22,22,22,22,22,22,22,0,0,0,22,22,335,335,243,0
0,0,0,0,0,0,0,0,0,0,0,0,0,0,230,230,270,0
31,31,31,31,31,31,31,31,31,0,0,0,31,31,345,345,230,0
24,24,24,24,24,24,24,24,24,0,0,0,24,24,339,339,218,0
33,33,33,33,33,33,33,33,33,0,0,0,33,33,362,362,213,0
21,21,21,21,21,21,21,21,21,0,0,0,21,21,219,219,184,0
23,23,23,23,23,23,23,23,23,0,0,0,23,23,227,227,121,0
38,38,38,38,38,38,38,38,38,0,0,0,38,38,345,345,147,0
20,20,20,20,20,20,20,20,20,0,0,0,20,20,327,327,134,0
0,0,0,0,0,0,0,0,0,0,0,0,0,0,343,343,146,0
26,26,26,26,26,26,26,26,26,0,0,0,26,26,540,540,540,0
37,37,37,37,37,37,37,37,37,0,0,0,37,37,435,435,435,0
39,39,39,39,39,39,39,39,39,0,0,0,39,39,242,242,242,0
38,38,38,38,38,38,38,38,38,0,0,0,38,38,463,463,463,0
39,39,39,39,39,39,39,39,39,0,0,0,39,39,312,312,312,0
58,58,58,58,58,58,58,58,58,0,0,0,58,58,479,479,479,0
68,68,68,68,68,68,68,68,68,0,0,0,68,68,448,448,448,0
70,70,70,70,70,70,70,70,70,0,0,0,70,70,469,469,469,0
69,69,69,69,69,69,69,69,69,0,0,0,69,69,499,499,499,0
40,40,40,40,40,40,40,40,40,0,0,0,40,40,507,507,507,0
47,47,47,47,47,47,47,47,47,0,0,0,47,47,520,520,520,0
55,55,55,55,55,55,55,55,55,0,0,0,55,55,462,462,462,0
56,56,56,56,56,56,56,56,56,0,0,0,56,56,521,521,521,0
97,97,97,97,97,97,97,97,97,0,0,0,97,97,507,507,507,0
86,86,86,86,86,86,86,86,86,0,0,0,86,86,467,467,467,0
60,60,60,60,60,60,60,60,60,0,0,0,60,60,554,554,554,0
49,49,49,49,49,49,49,49,49,0,0,0,49,49,544,544,544,0
32,32,32,32,32,32,32,32,32,0,0,0,32,32,674,674,674,0
22,22,22,22,22,22,22,22,22,0,0,0,22,22,629,629,629,0
0,0,0,0,0,0,0,0,0,0,0,0,0,0,655,655,655,0
0,0,0,0,0,0,0,0,0,0,0,0,0,0,666,666,666,0
0,0,0,0,0,0,0,0,0,0,0,0,0,0,728,728,728,0
0,0,0,0,0,0,0,0,0,0,0,0,0,0,728,728,728,0
0,0,0,0,0,0,0,0,0,0,0,0,0,0,746,746,746,0
0,0,0,0,0,0,0,0,0,0,0,0,0,0,838,838,838,0
0,0,0,0,0,0,0,0,0,0,0,0,0,0,836,836,836,0
0,0,0,0,0,0,0,0,0,0,0,0,0,0,875,875,875,0
0,0,0,0,0,0,0,0,0,0,0,0,0,0,772,772,772,0
0,0,0,0,0,0,0,0,0,0,0,0,0,0,740,740,740,0
0,0,0,0,0,0,0,0,0,0,0,0,0,0,814,814,814,0
0,0,0,0,0,0,0,0,0,0,0,0,0,0,322,322,322,0
0,0,0,0,0,0,0,0,0,0,0,0,0,0,689,689,689,0
0,0,0,0,0,0,0,0,0,0,0,0,0,0,313,313,313,0
0,0,0,0,0,0,0,0,0,0,0,0,0,0,324,324,324,0
0,0,0,0,0,0,0,0,0,0,0,0,0,0,324,324,324,0
0,0,0,0,0,0,0,0,0,0,0,0,0,0,404,404,404,0
0,0,0,0,0,0,0,0,0,0,0,0,0,0,736,736,736,0
0,0,0,0,0,0,0,0,0,0,0,0,0,0,422,422,422,0
0,0,0,0,0,0,0,0,0,0,0,0,0,0,462,462,462,0
0,0,0,0,0,0,0,0,0,0,0,0,0,0,763,763,763,0
0,0,0,0,0,0,0,0,0,0,0,0,0,0,846,846,846,0
0,0,0,0,0,0,0,0,0,0,0,0,0,0,758,758,758,0
0,0,0,0,0,0,0,0,0,0,0,0,0,0,722,722,722,0
0,0,0,0,0,0,0,0,0,0,0,0,0,0,646,646,646,0
0,0,0,0,0,0,0,0,0,0,0,0,0,0,598,598,598,0
0,0,0,0,0,0,0,0,0,0,0,0,0,0,534,534,534,0
0,0,0,0,0,0,0,0,0,0,0,0,0,0,566,566,566,0
0,0,0,0,0,0,0,0,0,0,0,0,0,0,529,529,529,0
0,0,0,0,0,0,0,0,0,0,0,0,0,0,590,590,590,0
0,0,0,0,0,0,0,0,0,0,0,0,0,0,285,285,285,0
0,0,0,0,0,0,0,0,0,0,0,0,0,0,254,254,254,0
0,0,0,0,0,0,0,0,0,0,0,0,0,0,211,211,211,0
0,0,0,0,0,0,0,0,0,0,0,0,0,0,251,251,251,0
0,0,0,0,0,0,0,0,0,0,0,0,0,0,218,218,218,0
0,0,0,0,0,0,0,0,0,0,0,0,0,0,212,212,212,0
0,0,0,0,0,0,0,0,0,0,0,0,0,0,633,633,633,0
0,0,0,0,0,0,0,0,0,0,0,0,0,0,381,381,381,0
0,0,0,0,0,0,0,0,0,0,0,0,0,0,465,465,465,0
0,0,0,0,0,0,0,0,0,0,0,0,0,0,506,506,506,0
0,0,0,0,0,0,0,0,0,0,0,0,0,0,489,489,489,0
0,0,0,0,0,0,0,0,0,0,0,0,0,0,442,442,442,0
0,0,0,0,0,0,0,0,0,0,0,0,0,0,478,478,478,0
0,0,0,0,0,0,0,0,0,0,0,0,0,0,444,444,444,0
0,0,0,0,0,0,0,0,0,0,0,0,0,0,409,409,409,0
0,0,0,0,0,0,0,0,0,0,0,0,0,0,396,396,396,0
0,0,0,0,0,0,0,0,0,0,0,0,0,0,403,403,403,0
0,0,0,0,0,0,0,0,0,0,0,0,0,0,449,449,449,0
0,0,0,0,0,0,0,0,0,0,0,0,0,0,377,377,377,0
0,0,0,0,0,0,0,0,0,0,0,0,0,0,469,469,469,0
0,0,0,0,0,0,0,0,0,0,0,0,0,0,384,384,384,0
0,0,0,0,0,0,0,0,0,0,0,0,0,0,344,344,344,0
0,0,0,0,0,0,0,0,0,0,0,0,0,0,444,444,444,0
0,0,0,0,0,0,0,0,0,0,0,0,0,0,296,296,296,0
0,0,0,0,0,0,0,0,0,0,0,0,0,0,416,416,416,0
0,0,0,0,0,0,0,0,0,0,0,0,0,0,312,312,312,0
0,0,0,0,0,0,0,0,0,0,0,0,0,0,336,336,336,0
0,0,0,0,0,0,0,0,0,0,0,0,0,0,361,361,361,0
0,0,0,0,0,0,0,0,0,0,0,0,0,0,340,340,340,0
0,0,0,0,0,0,0,0,0,0,0,0,0,0,411,411,411,0
0,0,0,0,0,0,0,0,0,0,0,0,0,0,499,499,499,0
0,0,0,0,0,0,0,0,0,0,0,0,0,0,547,547,547,0
0,0,0,0,0,0,0,0,0,0,0,0,0,0,576,576,576,0
0,0,0,0,0,0,0,0,0,0,0,0,0,0,624,624,624,0
0,0,0,0,0,0,0,0,0,0,0,0,0,0,678,678,678,0
0,0,0,0,0,0,0,0,0,0,0,0,0,0,683,683,683,0
0,0,0,0,0,0,0,0,0,0,0,0,0,0,637,637,637,0
0,0,0,0,0,0,0,0,0,0,0,0,0,0,618,618,618,0
0,0,0,0,0,0,0,0,0,0,0,0,0,0,765,765,765,0
0,0,0,0,0,0,0,0,0,0,0,0,0,0,704,704,704,0
0,0,0,0,0,0,0,0,0,0,0,0,0,0,730,730,730,0
722,722,722,722,722,722,722,722,722,0,0,0,722,722,722,722,722,0
699,699,699,699,699,699,699,699,699,0,0,0,699,699,699,699,699,0
784,784,784,784,784,784,784,784,784,0,0,0,784,784,784,784,784,0
778,778,778,778,778,778,778,778,778,0,0,0,778,778,778,778,778,0
853,853,853,853,853,853,853,853,853,0,0,0,853,853,853,853,853,0
722,722,722,722,722,722,722,722,722,0,0,0,722,722,722,722,722,0
937,937,937,937,937,937,937,937,937,0,0,0,937,937,937,937,937,0
663,663,663,663,663,663,663,663,663,0,0,0,663,663,663,663,663,0
969,969,969,969,969,969,969,969,969,0,0,0,969,969,969,969,969,0
956,956,956,956,956,956,956,956,956,0,0,0,956,956,956,956,956,0
1089,1089,1089,1089,1089,1089,1089,1089,1089,0,0,0,1089,1089,1089,1089,1089,0
1062,1062,1062,1062,1062,1062,1062,1062,1062,0,0,0,1062,1062,1062,1062,1062,0
1103,1103,1103,1103,1103,1103,1103,1103,1103,0,0,0,1103,1103,1103,1103,1103,0
1116,1116,1116,1116,1116,1116,1116,1116,1116,0,0,0,1116,1116,1116,1116,1116,0
1071,1071,1071,1071,1071,1071,1071,1071,1071,0,0,0,1071,1071,1071,1071,1071,0
1016,1016,1016,1016,1016,1016,1016,1016,1016,0,0,0,1016,1016,1016,1016,1016,0
1017,1017,1017,1017,1017,1017,1017,1017,1017,0,0,0,1017,1017,1017,1017,1017,0
1022,1022,1022,1022,1022,1022,1022,1022,1022,0,0,0,1022,1022,1022,1022,1022,0
1001,1001,1001,1001,1001,1001,1001,1001,1001,0,0,0,1001,1001,1001,1001,1001,0
1047,1047,1047,1047,1047,1047,1047,1047,1047,0,0,0,1047,1047,1047,1047,1047,0
1122,1122,1122,1122,1122,1122,1122,1122,1122,0,0,0,1122,1122,1122,1122,1122,0
1199,1199,1199,1199,1199,1199,1199,1199,1199,0,0,0,1199,1199,1199,1199,1199,0
1239,1239,1239,1239,1239,1239,1239,1239,1239,0,0,0,1239,1239,1239,1239,1239,0
1285,1285,1285,1285,1285,1285,1285,1285,1285,0,0,0,1285,1285,1285,1285,1285,0
1187,1187,1187,1187,1187,1187,1187,1187,1187,0,0,0,1187,1187,1187,1187,1187,0
1381,1381,1381,1381,1381,1381,1381,1381,1381,0,0,0,1381,1381,1381,1381,1381,0
1409,1409,1409,1409,1409,1409,1409,1409,1409,0,0,0,1409,1409,1409,1409,1409,0
1496,1496,1496,1496,1496,1496,1496,1496,1496,0,0,0,1496,1496,1496,1496,1496,0
1425,1425,1425,1425,1425,1425,1425,1425,1425,0,0,0,1425,1425,1425,1425,1425,0
1529,1529,1529,1529,1529,1529,1529,1529,1529,0,0,0,1529,1529,1529,1529,1529,0
1594,1594,1594,1594,1594,1594,1594,1594,1594,0,0,0,1594,1594,1594,1594,1594,0
1493,1493,1493,1493,1493,1493,1493,1493,1493,0,0,0,1493,1493,1493,1493,1493,0
1520,1520,1520,1520,1520,1520,1520,1520,1520,0,0,0,1520,1520,1520,1520,1520,0
1657,1657,1657,1657,1657,1657,1657,1657,1657,0,0,0,1657,1657,1657,1657,1657,0
1751,1751,1751,1751,1751,1751,1751,1751,1751,0,0,0,1751,1751,1751,1751,1751,0
1737,1737,1737,1737,1737,1737,1737,1737,1737,0,0,0,1737,1737,1737,1737,1737,0
1546,1546,1546,1546,1546,1546,1546,1546,1546,0,0,0,1546,1546,1546,1546,1546,0
1736,1736,1736,1736,1736,1736,1736,1736,1736,0,0,0,1736,1736,1736,1736,1736,0
1788,1788,1788,1788,1788,1788,1788,1788,1788,0,0,0,1788,1788,1788,1788,1788,0
1720,1720,1720,1720,1720,1720,1720,1720,1720,0,0,0,1720,1720,1720,1720,1720,0
1735,1735,1735,1735,1735,1735,1735,1735,1735,0,0,0,1735,1735,1735,1735,1735,0
1752,1752,1752,1752,1752,1752,1752,1752,1752,0,0,0,1752,1752,1752,1752,1752,0
1722,1722,1722,1722,1722,1722,1722,1722,1722,0,0,0,1722,1722,1722,1722,1722,0
1735,1735,1735,1735,1735,1735,1735,1735,1735,0,0,0,1735,1735,1735,1735,1735,0
1699,1699,1699,1699,1699,1699,1699,1699,1699,0,0,0,1699,1699,1699,1699,1699,0
1625,1625,1625,1625,1625,1625,1625,1625,1625,0,0,0,1625,1625,1625,1625,1625,0
1533,1533,1533,1533,1533,1533,1533,1533,1533,0,0,0,1533,1533,1533,1533,1533,0
1564,1564,1564,1564,1564,1564,1564,1564,1564,0,0,0,1564,1564,1564,1564,1564,0
1570,1570,1570,1570,1570,1570,1570,1570,1570,0,0,0,1570,1570,1570,1570,1570,0
1503,1503,1503,1503,1503,1503,1503,1503,1503,0,0,0,1503,1503,1503,1503,1503,0
1539,1539,1539,1539,1539,1539,1539,1539,1539,0,0,0,1539,1539,1539,1539,1539,0
1501,1501,1501,1501,1501,1501,1501,1501,1501,0,0,0,1501,1501,1501,1501,1501,0
1514,1514,1514,1514,1514,1514,1514,1514,1514,0,0,0,1514,1514,1514,1514,1514,0
1522,1522,1522,1522,1522,1522,1522,1522,1522,0,0,0,1522,1522,1522,1522,1522,0
1555,1555,1555,1555,1555,1555,1555,1555,1555,0,0,0,1555,1555,1555,1555,1555,0
1566,1566,1566,1566,1566,1566,1566,1566,1566,0,0,0,1566,1566,1566,1566,1566,0
1476,1476,1476,1476,1476,1476,1476,1476,1476,0,0,0,1476,1476,1476,1476,1476,0
1449,1449,1449,1449,1449,1449,1449,1449,1449,0,0,0,1449,1449,1449,1449,1449,0
1405,1405,1405,1405,1405,1405,1405,1405,1405,0,0,0,1405,1405,1405,1405,1405,0
1213,1213,1213,1213,1213,1213,1213,1213,1213,0,0,0,1213,1213,1213,1213,1213,0
1169,1169,1169,1169,1169,1169,1169,1169,1169,0,0,0,1169,1169,1169,1169,1169,0
1122,1122,1122,1122,1122,1122,1122,1122,1122,0,0,0,1122,1122,1122,1122,1122,0
1059,1059,1059,1059,1059,1059,1059,1059,1059,0,0,0,1059,1059,1059,1059,1059,0
1058,1058,1058,1058,1058,1058,1058,1058,1058,0,0,0,1058,1058,1058,1058,1058,0
1016,1016,1016,1016,1016,1016,1016,1016,1016,0,0,0,1016,1016,1016,1016,1016,0
888,888,888,888,888,888,888,888,888,0,0,0,888,888,888,888,888,0
862,862,862,862,862,862,862,862,862,0,0,0,862,862,862,862,862,0
862,862,862,862,862,862,862,862,862,0,0,0,862,862,862,862,862,0
842,842,842,842,842,842,842,842,842,0,0,0,842,842,842,842,842,0
749,749,749,749,749,749,749,749,749,0,0,0,749,749,749,749,749,0
743,743,743,743,743,743,743,743,743,0,0,0,743,743,743,743,743,0
752,752,752,752,752,752,752,752,752,0,0,0,752,752,752,752,752,0
768,768,768,768,768,768,768,768,768,0,0,0,768,768,768,768,768,0
806,806,806,806,806,806,806,806,806,0,0,0,806,806,806,806,806,0
779,779,779,779,779,779,779,779,779,0,0,0,779,779,779,779,779,0
831,831,831,831,831,831,831,831,831,0,0,0,831,831,831,831,831,0
881,881,881,881,881,881,881,881,881,0,0,0,881,881,881,881,881,0
906,906,906,906,906,906,906,906,906,0,0,0,906,906,906,906,906,0
969,969,969,969,969,969,969,969,969,0,0,0,969,969,969,969,969,0
918,918,918,918,918,918,918,918,918,0,0,0,918,918,918,918,918,0
859,859,859,859,859,859,859,859,859,0,0,0,859,859,859,859,859,0
931,931,931,931,931,931,931,931,931,0,0,0,931,931,931,931,931,0
1010,1010,1010,1010,1010,1010,1010,1010,1010,0,0,0,1010,1010,1010,1010,1010,0
985,985,985,985,985,985,985,985,985,0,0,0,985,985,985,985,985,0
957,957,957,957,957,957,957,957,957,0,0,0,957,957,957,957,957,0
970,970,970,970,970,970,970,970,970,0,0,0,970,970,970,970,970,0
1020,1020,1020,1020,1020,1020,1020,1020,1020,0,0,0,1020,1020,1020,1020,1020,0
1044,1044,1044,1044,1044,1044,1044,1044,1044,0,0,0,1044,1044,1044,1044,1044,0
1053,1053,1053,1053,1053,1053,1053,1053,1053,0,0,0,1053,1053,1053,1053,1053,0
1061,1061,1061,1061,1061,1061,1061,1061,1061,0,0,0,1061,1061,1061,1061,1061,0
1078,1078,1078,1078,1078,1078,1078,1078,1078,0,0,0,1078,1078,1078,1078,1078,0
1166,1166,1166,1166,1166,1166,1166,1166,1166,0,0,0,1166,1166,1166,1166,1166,0
1207,1207,1207,1207,1207,1207,1207,1207,1207,0,0,0,1207,1207,1207,1207,1207,0
1270,1270,1270,1270,1270,1270,1270,1270,1270,0,0,0,1270,1270,1270,1270,1270,0
1294,1294,1294,1294,1294,1294,1294,1294,1294,0,0,0,1294,1294,1294,1294,1294,0
1303,1303,1303,1303,1303,1303,1303,1303,1303,0,0,0,1303,1303,1303,1303,1303,0
1331,1331,1331,1331,1331,1331,1331,1331,1331,0,0,0,1331,1331,1331,1331,1331,0
1263,1263,1263,1263,1263,1263,1263,1263,1263,0,0,0,1263,1263,1263,1263,1263,0
1207,1207,1207,1207,1207,1207,1207,1207,1207,0,0,0,1207,1207,1207,1207,1207,0
1141,1141,1141,1141,1141,1141,1141,1141,1141,0,0,0,1141,1141,1141,1141,1141,0
1284,1284,1284,1284,1284,1284,1284,1284,1284,0,0,0,1284,1284,1284,1284,1284,0
1261,1261,1261,1261,1261,1261,1261,1261,1261,0,0,0,1261,1261,1261,1261,1261,0
1218,1218,1218,1218,1218,1218,1218,1218,1218,0,0,0,1218,1218,1218,1218,1218,0
1318,1318,1318,1318,1318,1318,1318,1318,1318,0,0,0,1318,1318,1318,1318,1318,0
1287,1287,1287,1287,1287,1287,1287,1287,1287,0,0,0,1287,1287,1287,1287,1287,0
1280,1280,1280,1280,1280,1280,1280,1280,1280,0,0,0,1280,1280,1280,1280,1280,0
1217,1217,1217,1217,1217,1217,1217,1217,1217,0,0,0,1217,1217,1217,1217,1217,0
1218,1218,1218,1218,1218,1218,1218,1218,1218,0,0,0,1218,1218,1218,1218,1218,0
1170,1170,1170,1170,1170,1170,1170,1170,1170,0,0,0,1170,1170,1170,1170,1170,0
1202,1202,1202,1202,1202,1202,1202,1202,1202,0,0,0,1202,1202,1202,1202,1202,0
1108,1108,1108,1108,1108,1108,1108,1108,1108,0,0,0,1108,1108,1108,1108,1108,0
1063,1063,1063,1063,1063,1063,1063,1063,1063,0,0,0,1063,1063,1063,1063,1063,0
1028,1028,1028,1028,1028,1028,1028,1028,1028,0,0,0,1028,1028,1028,1028,1028,0
990,990,990,990,990,990,990,990,990,0,0,0,990,990,990,990,990,0
1014,1014,1014,1014,1014,1014,1014,1014,1014,0,0,0,1014,1014,1014,1014,1014,0
1083,1083,1083,1083,1083,1083,1083,1083,1083,0,0,0,1083,1083,1083,1083,1083,0
1024,1024,1024,1024,1024,1024,1024,1024,1024,0,0,0,1024,1024,1024,1024,1024,0
1008,1008,1008,1008,1008,1008,1008,1008,1008,0,0,0,1008,1008,1008,1008,1008,0
963,963,963,963,963,963,963,963,963,0,0,0,963,963,963,963,963,0
945,945,945,945,945,945,945,945,945,0,0,0,945,945,945,945,945,0
899,899,899,899,899,899,899,899,899,0,0,0,899,899,899,899,899,0
806,806,806,806,806,806,806,806,806,0,0,0,806,806,806,806,806,0
822,822,822,822,822,822,822,822,822,0,0,0,822,822,822,822,822,0
770,770,770,770,770,770,770,770,770,0,0,0,770,770,770,770,770,0
666,666,666,666,666,666,666,666,666,0,0,0,666,666,666,666,666,0
627,627,627,627,627,627,627,627,627,0,0,0,627,627,627,627,627,0
649,649,649,649,649,649,649,649,649,0,0,0,649,649,649,649,649,0
680,680,680,680,680,680,680,680,680,0,0,0,680,680,680,680,680,0
699,699,699,699,699,699,699,699,699,0,0,0,699,699,699,699,699,0
695,695,695,695,695,695,695,695,695,0,0,0,695,695,695,695,695,0
705,705,705,705,705,705,705,705,705,0,0,0,705,705,705,705,705,0
645,645,645,645,645,645,645,645,645,0,0,0,645,645,645,645,645,0
656,656,656,656,656,656,656,656,656,0,0,0,656,656,656,656,656,0
588,588,588,588,588,588,588,588,588,0,0,0,588,588,588,588,588,0
596,596,596,596,596,596,596,596,596,0,0,0,596,596,596,596,596,0
595,595,595,595,595,595,595,595,595,0,0,0,595,595,595,595,595,0
573,573,573,573,573,573,573,573,573,0,0,0,573,573,573,573,573,0
617,617,617,617,617,617,617,617,617,0,0,0,617,617,617,617,617,0
549,549,549,549,549,549,549,549,549,0,0,0,549,549,549,549,549,0
562,562,562,562,562,562,562,562,562,0,0,0,562,562,562,562,562,0
490,490,490,490,490,490,490,490,490,0,0,0,490,490,490,490,490,0
547,547,547,547,547,547,547,547,547,0,0,0,547,547,547,547,547,0
507,507,507,507,507,507,507,507,507,0,0,0,507,507,507,507,507,0
596,596,596,596,596,596,596,596,596,0,0,0,596,596,596,596,596,0
502,502,502,502,502,502,502,502,502,0,0,0,502,502,502,502,502,0
566,566,566,566,566,566,566,566,566,0,0,0,566,566,566,566,566,0
517,517,517,517,517,517,517,517,517,0,0,0,517,517,517,517,517,0
563,563,563,563,563,563,563,563,563,0,0,0,563,563,563,563,563,0
645,645,645,645,645,645,645,645,645,0,0,0,645,645,645,645,645,0
713,713,713,713,713,713,713,713,713,0,0,0,713,713,713,713,713,0
653,653,653,653,653,653,653,653,653,0,0,0,653,653,653,653,653,0
691,691,691,691,691,691,691,691,691,0,0,0,691,691,691,691,691,0
683,683,683,683,683,683,683,683,683,0,0,0,683,683,683,683,683,0
682,682,682,682,682,682,682,682,682,0,0,0,682,682,682,682,682,0
766,766,766,766,766,766,766,766,766,0,0,0,766,766,766,766,766,0
779,779,779,779,779,779,779,779,779,0,0,0,779,779,779,779,779,0
797,797,797,797,797,797,797,797,797,0,0,0,797,797,797,797,797,0
862,862,862,862,862,862,862,862,862,0,0,0,862,862,862,862,862,0
894,894,894,894,894,894,894,894,894,0,0,0,894,894,894,894,894,0
958,958,958,958,958,958,958,958,958,0,0,0,958,958,958,958,958,0
1043,1043,1043,1043,1043,1043,1043,1043,1043,0,0,0,1043,1043,1043,1043,1043,0
1077,1077,1077,1077,1077,1077,1077,1077,1077,0,0,0,1077,1077,1077,1077,1077,0
1038,1038,1038,1038,1038,1038,1038,1038,1038,0,0,0,1038,1038,1038,1038,1038,0
1088,1088,1088,1088,1088,1088,1088,1088,1088,0,0,0,1088,1088,1088,1088,1088,0
990,990,990,990,990,990,990,990,990,0,0,0,990,990,990,990,990,0
986,986,986,986,986,986,986,986,986,0,0,0,986,986,986,986,986,0
1032,1032,1032,1032,1032,1032,1032,1032,1032,0,0,0,1032,1032,1032,1032,1032,0
1052,1052,1052,1052,1052,1052,1052,1052,1052,0,0,0,1052,1052,1052,1052,1052,0
1088,1088,1088,1088,1088,1088,1088,1088,1088,0,0,0,1088,1088,1088,1088,1088,0
1237,1237,1237,1237,1237,1237,1237,1237,1237,0,0,0,1237,1237,1237,1237,1237,0
1245,1245,1245,1245,1245,1245,1245,1245,1245,0,0,0,1245,1245,1245,1245,1245,0
1192,1192,1192,1192,1192,1192,1192,1192,1192,0,0,0,1192,1192,1192,1192,1192,0
1199,1199,1199,1199,1199,1199,1199,1199,1199,0,0,0,1199,1199,1199,1199,1199,0
1175,1175,1175,1175,1175,1175,1175,1175,1175,0,0,0,1175,1175,1175,1175,1175,0
1045,1045,1045,1045,1045,1045,1045,1045,1045,0,0,0,1045,1045,1045,1045,1045,0
976,976,976,976,976,976,976,976,976,0,0,0,976,976,976,976,976,0
1000,1000,1000,1000,1000,1000,1000,1000,1000,0,0,0,1000,1000,1000,1000,1000,0
880,880,880,880,880,880,880,880,880,0,0,0,880,880,880,880,880,0
847,847,847,847,847,847,847,847,847,0,0,0,847,847,847,847,847,0
827,827,827,827,827,827,827,827,827,0,0,0,827,827,827,827,827,0
818,818,818,818,818,818,818,818,818,0,0,0,818,818,818,818,818,0
815,815,815,815,815,815,815,815,815,0,0,0,815,815,815,815,815,0
722,722,722,722,722,722,722,722,722,0,0,0,722,722,722,722,722,0
621,621,621,621,621,621,621,621,621,0,0,0,621,621,621,621,621,0
744,744,744,744,744,744,744,744,744,0,0,0,744,744,744,744,744,0
787,787,787,787,787,787,787,787,787,0,0,0,787,787,787,787,787,0
816,816,816,816,816,816,816,816,816,0,0,0,816,816,816,816,816,0
800,800,800,800,800,800,800,800,800,0,0,0,800,800,800,800,800,0
855,855,855,855,855,855,855,855,855,0,0,0,855,855,855,855,855,0
965,965,965,965,965,965,965,965,965,0,0,0,965,965,965,965,965,0
1004,1004,1004,1004,1004,1004,1004,1004,1004,0,0,0,1004,1004,1004,1004,1004,0
1169,1169,1169,1169,1169,1169,1169,1169,1169,0,0,0,1169,1169,1169,1169,1169,0
1150,1150,1150,1150,1150,1150,1150,1150,1150,0,0,0,1150,1150,1150,1150,1150,0
1077,1077,1077,1077,1077,1077,1077,1077,1077,0,0,0,1077,1077,1077,1077,1077,0
1119,1119,1119,1119,1119,1119,1119,1119,1119,0,0,0,1119,1119,1119,1119,1119,0
1069,1069,1069,1069,1069,1069,1069,1069,1069,0,0,0,1069,1069,1069,1069,1069,0
1133,1133,1133,1133,1133,1133,1133,1133,1133,0,0,0,1133,1133,1133,1133,1133,0
1042,1042,1042,1042,1042,1042,1042,1042,1042,0,0,0,1042,1042,1042,1042,1042,0
954,954,954,954,954,954,954,954,954,0,0,0,954,954,954,954,954,0
849,849,849,849,849,849,849,849,849,0,0,0,849,849,849,849,849,0
716,716,716,716,716,716,716,716,716,0,0,0,716,716,716,716,716,0
663,663,663,663,663,663,663,663,663,0,0,0,663,663,663,663,663,0
849,849,849,849,849,849,849,849,849,0,0,0,849,849,849,849,849,0
828,828,828,828,828,828,828,828,828,0,0,0,828,828,828,828,828,0
1012,1012,1012,1012,1012,1012,1012,1012,1012,0,0,0,1012,1012,1012,1012,1012,0
1136,1136,1136,1136,1136,1136,1136,1136,1136,0,0,0,1136,1136,1136,1136,1136,0
1178,1178,1178,1178,1178,1178,1178,1178,1178,0,0,0,1178,1178,1178,1178,1178,0
1156,1156,1156,1156,1156,1156,1156,1156,1156,0,0,0,1156,1156,1156,1156,1156,0
1214,1214,1214,1214,1214,1214,1214,1214,1214,0,0,0,1214,1214,1214,1214,1214,0
1318,1318,1318,1318,1318,1318,1318,1318,1318,0,0,0,1318,1318,1318,1318,1318,0
1322,1322,1322,1322,1322,1322,1322,1322,1322,0,0,0,1322,1322,1322,1322,1322,0
1358,1358,1358,1358,1358,1358,1358,1358,1358,0,0,0,1358,1358,1358,1358,1358,0
1280,1280,1280,1280,1280,1280,1280,1280,1280,0,0,0,1280,1280,1280,1280,1280,0
1266,1266,1266,1266,1266,1266,1266,1266,1266,0,0,0,1266,1266,1266,1266,1266,0
1188,1188,1188,1188,1188,1188,1188,1188,1188,0,0,0,1188,1188,1188,1188,1188,0
1202,1202,1202,1202,1202,1202,1202,1202,1202,0,0,0,1202,1202,1202,1202,1202,0
1077,1077,1077,1077,1077,1077,1077,1077,1077,0,0,0,1077,1077,1077,1077,1077,0
1111,1111,1111,1111,1111,1111,1111,1111,1111,0,0,0,1111,1111,1111,1111,1111,0
921,921,921,921,921,921,921,921,921,0,0,0,921,921,921,921,921,0
844,844,844,844,844,844,844,844,844,0,0,0,844,844,844,844,844,0
936,936,936,936,936,936,936,936,936,0,0,0,936,936,936,936,936,0
788,788,788,788,788,788,788,788,788,0,0,0,788,788,788,788,788,0
627,627,627,627,627,627,627,627,627,0,0,0,627,627,627,627,627,0
577,577,577,577,577,577,577,577,577,0,0,0,577,577,577,577,577,0
474,474,474,474,474,474,474,474,474,0,0,0,474,474,474,474,474,0
441,441,441,441,441,441,441,441,441,0,0,0,441,441,441,441,441,0
437,437,437,437,437,437,437,437,437,0,0,0,437,437,437,437,437,0
393,393,393,393,393,393,393,393,393,0,0,0,393,393,393,393,393,0
346,346,346,346,346,346,346,346,346,0,0,0,346,346,346,346,346,0
333,333,333,333,333,333,333,333,333,0,0,0,333,333,333,333,333,0
246,246,246,246,246,246,246,246,246,0,0,0,246,246,246,246,246,0
221,221,221,221,221,221,221,221,221,0,0,0,221,221,221,221,221,0
167,167,167,167,167,167,167,167,167,0,0,0,167,167,167,167,167,0
147,147,147,147,147,147,147,147,147,0,0,0,147,147,147,147,147,0
197,197,197,197,197,197,197,197,197,0,0,0,197,197,197,197,197,0
241,241,241,241,241,241,241,241,241,0,0,0,241,241,241,241,241,0
242,242,242,242,242,242,242,242,242,0,0,0,242,242,242,242,242,0
256,256,256,256,256,256,256,256,256,0,0,0,256,256,256,256,256,0
340,340,340,340,340,340,340,340,340,0,0,0,340,340,340,340,340,0
280,280,280,280,280,280,280,280,280,0,0,0,280,280,280,280,280,0
291,291,291,291,291,291,291,291,291,0,0,0,291,291,291,291,291,0
255,255,255,255,255,255,255,255,255,0,0,0,255,255,255,255,255,0
252,252,252,252,252,252,252,252,252,0,0,0,252,252,252,252,252,0
151,151,151,151,151,151,151,151,151,0,0,0,151,151,151,151,151,0
109,109,109,109,109,109,109,109,109,0,0,0,109,109,109,109,109,0
119,119,119,119,119,119,119,119,119,0,0,0,119,119,119,119,119,0
67,67,67,67,67,67,67,67,67,0,0,0,67,67,67,67,67,0
61,61,61,61,61,61,61,61,61,0,0,0,61,61,61,61,61,0
72,72,72,72,72,72,72,72,72,0,0,0,72,72,72,72,72,0
43,43,43,43,43,43,43,43,43,0,0,0,43,43,43,43,43,0
65,65,65,65,65,65,65,65,65,0,0,0,65,65,65,65,65,0
68,68,68,68,68,68,68,68,68,0,0,0,68,68,68,68,68,0
60,60,60,60,60,60,60,60,60,0,0,0,60,60,60,60,60,0
71,71,71,71,71,71,71,71,71,0,0,0,71,71,71,71,71,0
80,80,80,80,80,80,80,80,80,0,0,0,80,80,80,80,80,0
90,90,90,90,90,90,90,90,90,0,0,0,90,90,90,90,90,0
83,83,83,83,83,83,83,83,83,0,0,0,83,83,83,83,83,0
79,79,79,79,79,79,79,79,79,0,0,0,79,79,79,79,79,0
106,106,106,106,106,106,106,106,106,0,0,0,106,106,106,106,106,0
63,63,63,63,63,63,63,63,63,0,0,0,63,63,63,63,63,0
58,58,58,58,58,58,58,58,58,0,0,0,58,58,58,58,58,28
51,51,51,51,51,51,51,51,51,0,0,0,51,51,51,51,51,35
50,50,50,50,50,50,50,50,50,0,0,0,50,50,50,50,50,26
45,45,45,45,45,45,45,45,45,0,0,0,45,45,45,45,45,40
31,31,31,31,31,31,31,31,31,0,0,0,31,31,31,31,31,25
25,25,25,25,25,25,25,25,25,0,0,0,25,25,25,25,25,32
0,0,0,0,0,0,0,0,0,0,0,0,0,0,0,0,0,32
0,0,0,0,0,0,0,0,0,0,0,0,0,0,0,0,0,46
0,0,0,0,0,0,0,0,0,0,0,0,0,0,0,0,0,41
0,0,0,0,0,0,0,0,0,0,0,0,0,0,0,0,0,56
0,0,0,0,0,0,0,0,0,0,0,0,0,0,0,0,0,48
20,20,20,20,20,20,20,20,20,0,0,0,20,20,20,20,20,31
25,25,25,25,25,25,25,25,25,0,0,0,25,25,25,25,25,0
24,24,24,24,24,24,24,24,24,0,0,0,24,24,24,24,24,40
25,25,25,25,25,25,25,25,25,0,0,0,25,25,25,25,25,39
33,33,33,33,33,33,33,33,33,0,0,0,33,33,33,33,33,27
32,32,32,32,32,32,32,32,32,0,0,0,32,32,32,32,32,21
31,31,31,31,31,31,31,31,31,0,0,0,31,31,31,31,31,23
24,24,24,24,24,24,24,24,24,0,0,0,24,24,24,24,24,34
20,20,20,20,20,20,20,20,20,0,0,0,20,20,20,20,20,27
20,20,20,20,20,20,20,20,20,0,0,0,20,20,20,20,20,26
0,0,0,0,0,0,0,0,0,0,0,0,0,0,0,0,0,35
24,24,24,24,24,24,24,24,24,0,0,0,24,24,24,24,24,24
0,0,0,0,0,0,0,0,0,0,0,0,0,0,0,0,0,0
0,0,0,0,0,0,0,0,0,0,0,0,0,0,0,0,0,0
0,0,0,0,0,0,0,0,0,0,0,0,0,0,0,0,0,0
0,0,0,0,0,0,0,0,0,0,0,0,0,0,0,0,0,0
0,0,0,0,0,0,0,0,0,0,0,0,0,0,0,0,0,0
0,0,0,0,0,0,0,0,0,0,0,0,0,0,0,0,0,0
0,0,0,0,0,0,0,0,0,0,0,0,0,0,0,0,0,0
