Coordinate,Scale_KM,TOT_dense,IC_num,CG_num,IC_amp,CG_amp,LJ,Sigma,Time,radar_ID
,0.0,0.0,0,0,0.0,0.0,,,00:00:00,
,0.0,0.0,0,0,0.0,0.0,,,00:02:00,
,0.0,0.0,0,0,0.0,0.0,,,00:04:00,
,0.0,0.0,0,0,0.0,0.0,,,00:06:00,
,0.0,0.0,0,0,0.0,0.0,,,00:08:00,
,0.0,0.0,0,0,0.0,0.0,,,00:10:00,
,0.0,0.0,0,0,0.0,0.0,,,00:12:00,
,0.0,0.0,0,0,0.0,0.0,,,00:14:00,
,0.0,0.0,0,0,0.0,0.0,,,00:16:00,
,0.0,0.0,0,0,0.0,0.0,,,00:18:00,
,0.0,0.0,0,0,0.0,0.0,,,00:20:00,
,0.0,0.0,0,0,0.0,0.0,,,00:22:00,
,0.0,0.0,0,0,0.0,0.0,,,00:24:00,
,0.0,0.0,0,0,0.0,0.0,,,00:26:00,
,0.0,0.0,0,0,0.0,0.0,,,00:28:00,
,0.0,0.0,0,0,0.0,0.0,,,00:30:00,
,0.0,0.0,0,0,0.0,0.0,,,00:32:00,
,0.0,0.0,0,0,0.0,0.0,,,00:34:00,
,0.0,0.0,0,0,0.0,0.0,,,00:36:00,
,0.0,0.0,0,0,0.0,0.0,,,00:38:00,
,0.0,0.0,0,0,0.0,0.0,,,00:40:00,
,0.0,0.0,0,0,0.0,0.0,,,00:42:00,
,0.0,0.0,0,0,0.0,0.0,,,00:44:00,
,0.0,0.0,0,0,0.0,0.0,,,00:46:00,
,0.0,0.0,0,0,0.0,0.0,,,00:48:00,
,0.0,0.0,0,0,0.0,0.0,,,00:50:00,
,0.0,0.0,0,0,0.0,0.0,,,00:52:00,
,0.0,0.0,0,0,0.0,0.0,,,00:54:00,
,0.0,0.0,0,0,0.0,0.0,,,00:56:00,
,0.0,0.0,0,0,0.0,0.0,,,00:58:00,
,0.0,0.0,0,0,0.0,0.0,,,01:00:00,
,0.0,0.0,0,0,0.0,0.0,,,01:02:00,
,0.0,0.0,0,0,0.0,0.0,,,01:04:00,
,0.0,0.0,0,0,0.0,0.0,,,01:06:00,
,0.0,0.0,0,0,0.0,0.0,,,01:08:00,
,0.0,0.0,0,0,0.0,0.0,,,01:10:00,
,0.0,0.0,0,0,0.0,0.0,,,01:12:00,
,0.0,0.0,0,0,0.0,0.0,,,01:14:00,
,0.0,0.0,0,0,0.0,0.0,,,01:16:00,
,0.0,0.0,0,0,0.0,0.0,,,01:18:00,
,0.0,0.0,0,0,0.0,0.0,,,01:20:00,
,0.0,0.0,0,0,0.0,0.0,,,01:22:00,
,0.0,0.0,0,0,0.0,0.0,,,01:24:00,
,0.0,0.0,0,0,0.0,0.0,,,01:26:00,
,0.0,0.0,0,0,0.0,0.0,,,01:28:00,
,0.0,0.0,0,0,0.0,0.0,,,01:30:00,
,0.0,0.0,0,0,0.0,0.0,,,01:32:00,
,0.0,0.0,0,0,0.0,0.0,,,01:34:00,
,0.0,0.0,0,0,0.0,0.0,,,01:36:00,
,0.0,0.0,0,0,0.0,0.0,,,01:38:00,
,0.0,0.0,0,0,0.0,0.0,,,01:40:00,
,0.0,0.0,0,0,0.0,0.0,,,01:42:00,
,0.0,0.0,0,0,0.0,0.0,,,01:44:00,
,0.0,0.0,0,0,0.0,0.0,,,01:46:00,
,0.0,0.0,0,0,0.0,0.0,,,01:48:00,
,0.0,0.0,0,0,0.0,0.0,,,01:50:00,
,0.0,0.0,0,0,0.0,0.0,,,01:52:00,
,0.0,0.0,0,0,0.0,0.0,,,01:54:00,
,0.0,0.0,0,0,0.0,0.0,,,01:56:00,
,0.0,0.0,0,0,0.0,0.0,,,01:58:00,
,0.0,0.0,0,0,0.0,0.0,,,02:00:00,
,0.0,0.0,0,0,0.0,0.0,,,02:02:00,
,0.0,0.0,0,0,0.0,0.0,,,02:04:00,
,0.0,0.0,0,0,0.0,0.0,,,02:06:00,
,0.0,0.0,0,0,0.0,0.0,,,02:08:00,
,0.0,0.0,0,0,0.0,0.0,,,02:10:00,
,0.0,0.0,0,0,0.0,0.0,,,02:12:00,
,0.0,0.0,0,0,0.0,0.0,,,02:14:00,
,0.0,0.0,0,0,0.0,0.0,,,02:16:00,
,0.0,0.0,0,0,0.0,0.0,,,02:18:00,
,0.0,0.0,0,0,0.0,0.0,,,02:20:00,
,0.0,0.0,0,0,0.0,0.0,,,02:22:00,
,0.0,0.0,0,0,0.0,0.0,,,02:24:00,
,0.0,0.0,0,0,0.0,0.0,,,02:26:00,
,0.0,0.0,0,0,0.0,0.0,,,02:28:00,
,0.0,0.0,0,0,0.0,0.0,,,02:30:00,
,0.0,0.0,0,0,0.0,0.0,,,02:32:00,
,0.0,0.0,0,0,0.0,0.0,,,02:34:00,
,0.0,0.0,0,0,0.0,0.0,,,02:36:00,
,0.0,0.0,0,0,0.0,0.0,,,02:38:00,
,0.0,0.0,0,0,0.0,0.0,,,02:40:00,
,0.0,0.0,0,0,0.0,0.0,,,02:42:00,
,0.0,0.0,0,0,0.0,0.0,,,02:44:00,
,0.0,0.0,0,0,0.0,0.0,,,02:46:00,
,0.0,0.0,0,0,0.0,0.0,,,02:48:00,
,0.0,0.0,0,0,0.0,0.0,,,02:50:00,
,0.0,0.0,0,0,0.0,0.0,,,02:52:00,
,0.0,0.0,0,0,0.0,0.0,,,02:54:00,
,0.0,0.0,0,0,0.0,0.0,,,02:56:00,
,0.0,0.0,0,0,0.0,0.0,,,02:58:00,
,0.0,0.0,0,0,0.0,0.0,,,03:00:00,
,0.0,0.0,0,0,0.0,0.0,,,03:02:00,
,0.0,0.0,0,0,0.0,0.0,,,03:04:00,
,0.0,0.0,0,0,0.0,0.0,,,03:06:00,
,0.0,0.0,0,0,0.0,0.0,,,03:08:00,
,0.0,0.0,0,0,0.0,0.0,,,03:10:00,
,0.0,0.0,0,0,0.0,0.0,,,03:12:00,
,0.0,0.0,0,0,0.0,0.0,,,03:14:00,
,0.0,0.0,0,0,0.0,0.0,,,03:16:00,
,0.0,0.0,0,0,0.0,0.0,,,03:18:00,
,0.0,0.0,0,0,0.0,0.0,,,03:20:00,
,0.0,0.0,0,0,0.0,0.0,,,03:22:00,
,0.0,0.0,0,0,0.0,0.0,,,03:24:00,
,0.0,0.0,0,0,0.0,0.0,,,03:26:00,
,0.0,0.0,0,0,0.0,0.0,,,03:28:00,
,0.0,0.0,0,0,0.0,0.0,,,03:30:00,
,0.0,0.0,0,0,0.0,0.0,,,03:32:00,
,0.0,0.0,0,0,0.0,0.0,,,03:34:00,
,0.0,0.0,0,0,0.0,0.0,,,03:36:00,
,0.0,0.0,0,0,0.0,0.0,,,03:38:00,
,0.0,0.0,0,0,0.0,0.0,,,03:40:00,
,0.0,0.0,0,0,0.0,0.0,,,03:42:00,
,0.0,0.0,0,0,0.0,0.0,,,03:44:00,
,0.0,0.0,0,0,0.0,0.0,,,03:46:00,
,0.0,0.0,0,0,0.0,0.0,,,03:48:00,
,0.0,0.0,0,0,0.0,0.0,,,03:50:00,
,0.0,0.0,0,0,0.0,0.0,,,03:52:00,
,0.0,0.0,0,0,0.0,0.0,,,03:54:00,
,0.0,0.0,0,0,0.0,0.0,,,03:56:00,
,0.0,0.0,0,0,0.0,0.0,,,03:58:00,
,0.0,0.0,0,0,0.0,0.0,,,04:00:00,
,0.0,0.0,0,0,0.0,0.0,,,04:02:00,
,0.0,0.0,0,0,0.0,0.0,,,04:04:00,
,0.0,0.0,0,0,0.0,0.0,,,04:06:00,
,0.0,0.0,0,0,0.0,0.0,,,04:08:00,
,0.0,0.0,0,0,0.0,0.0,,,04:10:00,
,0.0,0.0,0,0,0.0,0.0,,,04:12:00,
,0.0,0.0,0,0,0.0,0.0,,,04:14:00,
"[133.45153770588237, -35.6319270882353]",19.197,0.029,16,18,182.421,477.002,,,04:16:00,
"[133.39664833333336, -34.350563307692305]",10.935,0.104,20,19,202.019,565.759,False,0.32883,04:18:00,
"[133.41926677551018, -34.35514089795918]",8.449,0.218,27,22,480.319,646.412,False,0.67543,04:20:00,
"[133.4508137659575, -34.385302361702124]",10.35,0.14,35,12,494.298,521.493,False,-0.14135,04:22:00,
"[133.49616004878047, -34.41521546341463]",12.063,0.09,28,13,243.18,431.441,False,-0.41325,04:24:00,
"[133.55276652631582, -34.46282773684211]",10.437,0.111,28,10,308.522,142.865,False,-0.1912,04:26:00,
"[133.5358469642857, -34.44496401785713]",10.543,0.16,32,24,259.794,814.265,Jump_0,2.7546,04:28:00,No_Radar
"[133.56861878048775, -34.450222]",9.996,0.131,26,15,222.084,416.351,Jump_0,-1.47229,04:30:00,No_Radar
"[133.69690797560975, -34.52966112195121]",18.526,0.038,23,18,303.013,566.38,Jump_0,0.0,04:32:00,No_Radar
"[133.69950142, -34.54869521999999]",16.159,0.061,25,25,288.526,797.559,Jump_0,0.74307,04:34:00,No_Radar
"[133.66642145, -34.58648215]",15.51,0.026,15,5,175.297,101.017,False,-2.40424,04:36:00,
"[133.92089172000001, -34.632058660000006]",23.631,0.029,26,24,227.087,776.921,False,1.56748,04:38:00,
"[133.86305278947367, -34.597352736842105]",17.831,0.038,20,18,229.067,473.558,False,-0.52387,04:40:00,
"[134.09704263114753, -33.97536074590164]",33.21,0.035,101,21,826.49,484.73,Jump_1,3.73499,04:42:00,33
"[134.3148194596774, -33.862847943548374]",16.804,0.14,102,22,612.769,505.38,Jump_1,0.04538,04:44:00,Same_Jump
"[134.32141085185188, -33.88390852777778]",15.511,0.143,79,29,577.187,731.103,Jump_1,-0.35983,04:46:00,Same_Jump
"[134.400744013889, -33.86388970833333]",18.003,0.141,116,28,928.22,634.454,Jump_1,0.87241,04:48:00,Same_Jump
"[134.41723092920355, -33.838191336283174]",18.069,0.11,76,37,499.182,884.616,False,-0.74164,04:50:00,
"[134.25047106976743, -34.10060856395349]",46.259,0.026,109,63,860.109,1964.759,False,1.28382,04:52:00,
"[134.39087949382713, -33.81122080246913]",18.63,0.074,64,17,453.269,440.363,False,-2.45453,04:54:00,
"[134.466053990099, -33.86869886138615]",22.278,0.065,76,25,621.951,785.652,False,0.33921,04:56:00,
"[134.45317047524753, -33.83614880198019]",21.101,0.072,70,31,471.021,1094.282,False,0.0,04:58:00,
"[134.43658922499998, -33.822747175]",19.751,0.065,59,21,436.989,403.471,False,-0.37191,05:00:00,
"[134.50520848275863, -33.81702434482759]",19.985,0.069,66,21,426.882,633.493,False,0.1258,05:02:00,
"[134.528210566265, -33.793231518072275]",21.224,0.059,64,19,434.988,496.28,False,-0.09101,05:04:00,
"[134.24648228021982, -34.046937214285705]",43.166,0.031,142,40,970.698,1064.722,Jump_2,6.58102,05:06:00,33
"[134.56677486842113, -33.74529282894736]",14.704,0.112,57,19,396.077,536.78,Jump_2,-2.23532,05:08:00,Same_Jump
"[134.25239780748674, -34.0120285775401]",39.113,0.039,152,35,1161.838,761.672,Jump_2,1.51692,05:10:00,Same_Jump
"[134.2065365561497, -34.13577777005349]",36.35,0.045,144,43,1315.349,1547.371,Jump_2,0.0,05:12:00,Same_Jump
"[134.18396062111796, -34.14755833540371]",28.135,0.065,126,35,1227.927,1111.916,False,-0.29357,05:14:00,
"[134.1343779858156, -34.22843174468085]",17.112,0.153,106,35,990.757,871.628,False,-0.22081,05:16:00,
"[134.1872407130435, -34.202156591304345]",16.629,0.132,80,35,808.846,1085.781,False,-0.3336,05:18:00,
"[134.30981261494247, -34.13068398275862]",29.378,0.064,113,61,1074.61,2077.417,False,1.00562,05:20:00,
"[134.33168494594602, -34.36539240540539]",33.524,0.042,89,59,873.21,1768.972,False,-0.72117,05:22:00,
"[134.38061296568634, -34.28793247549021]",34.645,0.054,129,75,1248.198,2538.342,False,1.49602,05:24:00,
"[134.37201933971292, -34.19100161244021]",29.559,0.076,128,81,1357.665,2863.842,False,0.11181,05:26:00,
"[134.38235086033526, -34.19956599441341]",29.022,0.068,108,71,1188.362,2455.087,False,-0.71362,05:28:00,
"[134.39888760810805, -34.29304792342342]",31.961,0.069,119,103,1203.499,3099.41,False,0.99981,05:30:00,
"[134.4110799519651, -34.44910189082969]",39.374,0.047,120,109,1249.138,3419.557,False,0.17888,05:32:00,
"[134.42722306832295, -34.22588323602485]",31.073,0.053,117,44,1059.654,1375.79,False,-1.99509,05:34:00,
"[134.48556295019154, -34.3653850996169]",42.869,0.045,167,94,1528.934,2490.731,Jump_3,2.37738,05:36:00,No_Radar
"[134.47012476470587, -34.29096167058823]",28.784,0.065,116,54,934.827,1477.765,Jump_3,-1.40078,05:38:00,No_Radar
"[134.49308363535906, -34.2235026243094]",26.889,0.08,113,68,1070.065,1663.856,Jump_3,0.13974,05:40:00,No_Radar
"[134.46744771345033, -34.19990876023392]",22.744,0.105,105,66,913.628,1977.511,Jump_3,-0.13263,05:42:00,No_Radar
"[134.46407468027212, -34.254088421768685]",21.232,0.104,106,41,946.407,1428.169,False,-0.32033,05:44:00,
"[134.54401925153383, -34.23855995092026]",27.315,0.07,112,51,973.402,1609.992,False,0.23192,05:46:00,
"[134.4763264831461, -34.17803710674158]",19.263,0.153,104,74,913.247,2228.882,False,0.34843,05:48:00,
"[134.53042037007873, -34.27899393700788]",28.671,0.049,104,23,955.73,578.717,False,-2.86761,05:50:00,
"[134.62040983237, -34.33207274566474]",32.253,0.053,107,66,926.485,1868.624,False,1.63279,05:52:00,
"[134.60218398492466, -34.333440894472375]",36.289,0.048,106,93,938.09,2786.223,False,0.68438,05:54:00,
"[134.59632461403515, -34.239747807017565]",31.098,0.056,96,75,833.095,2126.121,False,-0.76682,05:56:00,
"[134.6221474285715, -34.17022695428571]",25.573,0.085,107,68,802.289,2269.209,False,0.10008,05:58:00,
"[134.56234298507457, -34.21406446268656]",25.908,0.064,83,51,1062.511,1601.503,False,-1.04214,06:00:00,
"[134.62220069021743, -34.16996631521741]",22.526,0.115,113,71,1288.445,2017.303,False,1.3784,06:02:00,
"[134.62268404950495, -34.17711689603962]",20.258,0.157,114,88,1028.561,2309.969,False,0.47967,06:04:00,
"[134.65302871014495, -34.194598442029]",23.828,0.077,91,47,957.5,1374.548,False,-1.75768,06:06:00,
"[134.72828038679248, -34.20138198113208]",22.52,0.067,61,45,605.878,1274.953,False,-0.69833,06:08:00,
"[134.68728502469136, -34.21279461728394]",24.885,0.042,51,30,556.844,1084.18,False,-0.5369,06:10:00,
"[134.7343008019802, -34.23628974257425]",26.574,0.046,57,44,638.207,1569.621,False,0.44701,06:12:00,
"[134.7696470147059, -34.172069676470585]",26.356,0.031,39,29,369.304,1248.032,False,-0.92498,06:14:00,
"[134.7073035847458, -34.18439175423729]",22.09,0.077,67,51,645.876,1570.503,False,1.65685,06:16:00,
"[134.72656827631576, -34.157834960526316]",18.091,0.074,47,29,622.808,791.418,False,-1.12673,06:18:00,
"[134.72669916911778, -34.29700623529411]",30.296,0.047,81,55,825.135,1404.435,False,1.52425,06:20:00,
"[134.74009394262288, -34.19245539344263]",28.679,0.047,73,49,784.304,1500.358,False,-0.29937,06:22:00,
"[134.76246167826093, -34.15478366956522]",27.067,0.05,79,36,710.621,933.934,False,-0.14708,06:24:00,
"[134.82904884000004, -34.298181615999994]",36.436,0.03,92,33,862.1,1123.941,False,0.22841,06:26:00,
"[134.77521120161293, -34.15301153225806]",28.365,0.049,78,46,860.095,1553.683,False,-0.02649,06:28:00,
"[134.83276382954546, -34.150817852272716]",26.264,0.041,58,30,524.789,948.352,False,-1.2196,06:30:00,
"[134.84015484545455, -34.17831285454547]",28.179,0.044,63,47,630.699,1175.33,False,1.28024,06:32:00,
"[134.91174015646249, -34.214047333333326]",27.427,0.062,97,50,805.918,1526.286,False,1.69714,06:34:00,
"[134.86753732515334, -34.215331515337425]",28.117,0.066,109,54,965.248,1704.977,False,0.57989,06:36:00,
"[134.87070777868857, -34.208715434426225]",27.865,0.05,81,41,697.222,1070.134,False,-1.46869,06:38:00,
"[134.9163361525424, -34.2066662542373]",26.92,0.052,87,31,831.856,769.937,False,-0.11219,06:40:00,
"[134.9644513125, -34.198157835937494]",26.645,0.057,85,43,760.463,1303.434,False,0.33214,06:42:00,
"[134.98630263750005, -34.19456611875001]",26.17,0.074,119,41,1054.746,1366.294,False,1.10457,06:44:00,
"[134.957040299363, -34.2154721210191]",29.573,0.057,120,37,1002.691,1240.127,False,-0.10876,06:46:00,
"[135.0341951422223, -34.14843098222224]",21.466,0.155,172,53,1461.352,1560.901,Jump_4,2.55976,06:48:00,No_Radar
"[135.0483799545454, -34.17227994155844]",24.071,0.169,219,89,1797.206,2047.886,Jump_4,2.7472,06:50:00,No_Radar
"[135.08864633665831, -34.13387366084788]",17.919,0.398,304,97,2486.479,2294.754,Jump_4,2.52507,06:52:00,No_Radar
"[135.12437525215518, -34.141521797413795]",17.752,0.469,369,95,3243.157,2303.095,Jump_4,1.58881,06:54:00,No_Radar
"[135.14403415384604, -34.13840902500002]",17.317,0.552,409,111,3467.078,2271.127,Jump_4,1.48913,06:56:00,No_Radar
"[135.19689992766726, -34.138815853526204]",15.23,0.759,459,94,3606.814,1663.062,Jump_4,2.18404,06:58:00,No_Radar
"[135.19892552657018, -34.16004951690813]",18.263,0.593,526,95,4043.905,1840.666,Jump_4,2.88956,07:00:00,No_Radar
"[135.24108792821357, -34.16223297996659]",15.831,0.761,525,74,3974.334,1518.115,Jump_4,-1.01662,07:02:00,No_Radar
"[135.30886993692027, -34.13711793135433]",13.833,0.897,497,42,3755.964,656.495,Jump_4,-1.62382,07:04:00,No_Radar
"[135.32116780804375, -34.18501669104205]",17.694,0.556,484,63,3599.553,1005.1,Jump_4,0.14724,07:06:00,No_Radar
"[135.35356246621626, -34.16678652533781]",15.494,0.785,529,63,3868.133,752.53,False,0.9131,07:08:00,
"[135.3553197031747, -34.171723542857144]",16.418,0.744,573,57,4334.7,1007.642,False,0.74194,07:10:00,
"[135.37233746488278, -34.134319466555205]",16.162,0.729,509,89,3854.157,1424.986,False,-0.73409,07:12:00,
"[135.41023531513252, -34.11168158502342]",14.11,1.025,563,78,4080.644,852.312,False,0.95222,07:14:00,
"[135.43670270719176, -34.1190624041096]",15.03,0.823,534,50,3960.911,561.334,False,-1.73341,07:16:00,
"[135.464994329527, -34.13296607830343]",15.346,0.829,548,65,3919.727,696.328,False,0.60088,07:18:00,
"[135.49198731552593, -34.158951838063466]",15.797,0.764,531,68,3809.048,751.022,False,-0.30699,07:20:00,
"[135.50717534498494, -34.156239173252246]",15.134,0.914,564,94,4161.974,1176.096,False,1.41373,07:22:00,
"[135.5541711367782, -34.132541062310054]",14.304,1.024,564,94,4085.612,1420.198,False,0.0,07:24:00,
"[135.57055464872496, -34.14768870963169]",15.44,0.943,615,91,4436.532,1775.089,False,1.09337,07:26:00,
"[135.61060034011635, -34.13836386191864]",16.844,0.772,599,89,4659.44,1222.078,False,-0.58055,07:28:00,
"[135.62727074277848, -34.15581538101788]",16.046,0.899,635,92,4715.562,1134.775,False,1.08375,07:30:00,
"[135.6431026980338, -34.18184013904494]",17.299,0.757,624,88,5204.138,1129.511,False,-0.45469,07:32:00,
"[135.6653210284606, -34.16587334540753]",16.535,0.9,680,93,4989.459,1073.121,False,1.9815,07:34:00,
"[135.69447142442564, -34.17205555864565]",16.415,0.977,726,101,5494.392,1301.736,False,1.46294,07:36:00,
"[135.72996388676845, -34.174486315521676]",16.032,0.973,707,79,5086.594,914.812,False,-1.07869,07:38:00,
"[135.7333343691376, -34.193528431164964]",16.873,0.739,572,89,4281.633,934.304,False,-2.7704,07:40:00,
"[135.7569201276595, -34.195773661508674]",17.2,0.556,452,65,3618.2,779.628,False,-1.88688,07:42:00,
"[135.7747411971831, -34.21594546478871]",16.593,0.41,306,49,2612.621,580.169,False,-1.68271,07:44:00,
"[135.80267809644664, -34.19528234771574]",18.146,0.381,328,66,2963.977,942.747,False,0.43429,07:46:00,
"[135.77611653598015, -34.22445758064518]",22.336,0.257,338,65,3181.307,1096.317,False,0.10698,07:48:00,
"[135.79345629023746, -34.24962802638521]",22.264,0.243,325,54,3123.097,883.3,False,-0.25705,07:50:00,
"[135.82379087219732, -34.232880921524675]",21.845,0.298,385,61,3656.644,921.753,False,0.73483,07:52:00,
"[135.86060890370385, -34.21784857777775]",23.006,0.244,337,68,3083.052,969.436,False,-0.45909,07:54:00,
"[135.8856520311005, -34.21922903827749]",24.109,0.229,359,59,3235.073,848.608,False,0.29349,07:56:00,
"[135.91054095518206, -34.20008329411764]",24.117,0.195,301,56,2644.2,738.234,False,-1.47076,07:58:00,
"[135.8882619790577, -34.20719860471206]",27.235,0.164,313,69,2899.862,1239.725,False,0.49476,08:00:00,
"[135.94284634422118, -34.1932889748744]",26.036,0.187,348,50,2915.134,599.668,False,0.3096,08:02:00,
"[135.9309219977011, -34.227575767816106]",30.365,0.15,356,79,3110.607,1381.92,False,0.95604,08:04:00,
"[135.9476411966019, -34.23980338834951]",28.557,0.161,358,54,3216.475,774.608,False,-0.59585,08:06:00,
"[135.95705064893616, -34.250591180851075]",30.585,0.128,308,68,2541.334,1046.539,False,-0.89355,08:08:00,
"[135.97087736464084, -34.22930781491709]",31.84,0.114,313,49,2568.934,849.588,False,-0.44256,08:10:00,
"[135.974861769437, -34.29795235924935]",32.478,0.113,330,43,2622.762,721.14,False,0.36841,08:12:00,
"[135.96806816576097, -34.302383250000005]",31.79,0.116,328,40,2688.433,661.764,False,-0.17185,08:14:00,
"[135.9842618530185, -34.342468194225724]",31.592,0.122,324,57,2316.992,893.249,False,0.72981,08:16:00,
"[135.97634730267066, -34.35042162611276]",34.049,0.093,286,51,2079.542,779.612,False,-2.1899,08:18:00,
"[136.00300971220926, -34.41098376744185]",34.243,0.093,291,53,2190.303,1000.707,False,0.30244,08:20:00,
"[136.02792638062292, -34.39777076816609]",29.353,0.107,247,42,1839.781,700.432,False,-2.32667,08:22:00,
"[136.04032931818173, -34.36522009469695]",34.258,0.072,227,37,1553.76,621.086,False,-0.81188,08:24:00,
"[136.09062688275858, -34.371645086206904]",31.271,0.094,256,34,1739.929,624.288,False,0.8618,08:26:00,
"[136.10620479569894, -34.40684614784944]",30.57,0.127,325,47,2248.002,666.642,Jump_5,2.40377,08:28:00,No_Radar
"[136.13985588040705, -34.41864929262086]",28.502,0.154,362,31,2436.777,450.044,Jump_5,0.40314,08:30:00,No_Radar
"[136.1336934, -34.3316134040816]",36.916,0.114,420,70,2918.808,1262.211,Jump_5,1.84881,08:32:00,No_Radar
"[136.14130362664156, -34.34491647279551]",38.723,0.113,455,78,3176.603,1514.505,Jump_5,0.86896,08:34:00,No_Radar
"[136.26136626477034, -34.46351747921225]",23.392,0.266,414,43,2789.098,647.013,False,-2.23462,08:36:00,
"[136.2669401735984, -34.49350054972876]",24.189,0.301,490,63,3507.641,1224.738,False,1.40701,08:38:00,
"[136.27302063475176, -34.51131212234045]",25.762,0.27,491,73,3458.293,1300.998,False,0.15503,08:40:00,
"[136.3038218883827, -34.51986369703872]",26.628,0.197,366,73,2558.29,1102.156,False,-1.74511,08:42:00,
"[136.32056560508082, -34.51952013394921]",23.933,0.241,374,59,2541.258,841.642,False,-0.06701,08:44:00,
"[136.36319730393993, -34.50674942776737]",23.529,0.306,442,91,2958.071,1548.818,False,1.17904,08:46:00,
"[136.38488383101395, -34.49390356262426]",26.098,0.235,392,111,2862.258,2055.19,False,-0.32615,08:48:00,
"[136.4208542452174, -34.49336429043479]",23.811,0.323,501,74,3411.054,1330.887,False,0.88994,08:50:00,
"[136.4176235131348, -34.55318100000005]",24.136,0.312,496,75,3339.381,1092.835,False,-0.04492,08:52:00,
"[136.4573579774194, -34.51374013548387]",22.915,0.376,535,85,3390.923,1299.332,False,0.87128,08:54:00,
"[136.48910466991865, -34.50681651707314]",21.665,0.417,529,86,3489.288,1281.813,False,-0.09322,08:56:00,
"[136.51585259340652, -34.5064761051805]",20.196,0.497,539,98,3470.692,1603.218,False,0.51922,08:58:00,
"[136.5439587551623, -34.509962185840756]",21.492,0.467,599,79,3855.02,1199.883,False,1.21984,09:00:00,
"[136.57552458759673, -34.49334344651163]",20.938,0.468,593,52,3841.446,793.855,False,-1.32392,09:02:00,
"[136.60953017841075, -34.50383526986506]",18.138,0.645,587,80,3764.098,1274.424,False,0.64982,09:04:00,
"[136.62569885354353, -34.504078399999976]",18.828,0.57,565,70,3495.293,1124.407,False,-1.11054,09:06:00,
"[136.62234672222212, -34.54326028205128]",22.493,0.294,422,46,2696.496,883.8,False,-4.88125,09:08:00,
"[136.6296883648392, -34.56702602457464]",23.158,0.314,473,56,2954.185,997.18,False,0.75008,09:10:00,
"[136.6609697541766, -34.654696152744634]",18.81,0.377,379,40,2228.251,587.507,False,-1.27514,09:12:00,
"[136.6909591214128, -34.65742975496684]",20.337,0.349,397,56,2344.44,917.752,False,0.36346,09:14:00,
"[136.67692149009898, -34.68573079702969]",22.404,0.256,344,60,1987.846,1071.733,False,-0.51134,09:16:00,
"[136.68792083333327, -34.69927071951222]",24.009,0.272,445,47,2461.59,703.111,False,0.92003,09:18:00,
"[136.72073383067726, -34.627015990039816]",26.694,0.224,424,78,2276.353,1152.985,False,0.1217,09:20:00,
"[136.7597539166666, -34.69188228385416]",25.992,0.181,349,35,1919.174,561.072,False,-1.54426,09:22:00,
"[136.80213716564427, -34.66376866257672]",22.244,0.21,281,45,1500.347,885.785,False,-0.73248,09:24:00,
"[136.8050388022814, -34.66063188973387]",20.929,0.191,218,45,1171.672,751.26,False,-0.80817,09:26:00,
"[136.81777454040412, -34.744579727272715]",22.835,0.121,179,19,827.809,375.051,False,-0.82015,09:28:00,
"[136.8555712849462, -34.71652218817202]",25.472,0.091,148,38,777.185,652.878,False,-0.26352,09:30:00,
"[136.91700018309854, -34.725791727699516]",31.323,0.069,172,41,894.757,732.885,False,0.7181,09:32:00,
"[136.67734938888898, -34.493262419191915]",43.486,0.033,143,55,763.259,1152.467,False,-0.36976,09:34:00,
"[136.99102041379317, -34.56720777586207]",7.896,0.296,37,21,355.256,512.142,False,-3.61021,09:36:00,
"[136.98389816666668, -34.55813463333333]",7.258,0.363,31,29,172.498,659.917,False,0.03112,09:38:00,
"[136.97887899999998, -34.603991354838705]",11.52,0.074,17,14,103.206,259.584,False,-0.44624,09:40:00,
"[136.91925509433966, -34.778453999999996]",23.093,0.032,43,10,271.62,155.689,False,0.34157,09:42:00,
"[136.74593820689662, -34.93812071264367]",15.932,0.109,72,15,517.018,252.041,False,0.53702,09:44:00,
"[136.7942033692308, -34.87655464615384]",5.491,0.686,57,8,394.494,124.599,False,-0.31412,09:46:00,
"[136.82408704347827, -34.881157]",4.811,0.633,41,5,288.242,57.09,False,-0.69855,09:48:00,
"[136.91119254347825, -34.79145347826086]",24.237,0.025,35,11,244.39,301.94,False,0.0,09:50:00,
"[136.98201715596335, -34.801539908256885]",20.532,0.082,74,35,396.203,492.213,Jump_6,2.5508,09:52:00,11
"[137.02635550980395, -34.72154881699347]",22.06,0.1,141,12,730.846,170.269,Jump_6,1.20392,09:54:00,Same_Jump
"[136.87666184615384, -34.90486813846153]",3.865,1.385,53,12,348.261,187.134,Jump_6,-2.29545,09:56:00,Same_Jump
"[136.99384879452057, -34.80413019178082]",19.535,0.061,62,11,333.867,140.586,Jump_6,0.13518,09:58:00,Same_Jump
"[136.8119986056338, -34.45082636619719]",36.169,0.052,161,52,838.745,852.652,Jump_7,2.40388,10:00:00,11
"[136.7345759821428, -34.2326872440476]",11.734,0.388,116,52,558.074,795.472,Jump_7,-0.54041,10:02:00,Same_Jump
"[136.74867856796106, -34.21992075728154]",11.56,0.491,131,75,646.454,1146.967,Jump_7,0.43395,10:04:00,Same_Jump
"[136.77083091505799, -34.234085154440166]",11.014,0.68,189,70,925.129,1205.185,Jump_7,0.6088,10:06:00,Same_Jump
"[136.792056800905, -34.2280105927602]",11.119,0.569,173,48,812.458,758.095,False,-0.56005,10:08:00,
"[136.82381211650483, -34.2393166893204]",14.559,0.155,71,32,331.313,494.972,False,-1.55813,10:10:00,
"[136.8184683490566, -34.21499453773585]",9.403,0.382,71,35,368.259,637.143,False,0.04327,10:12:00,
"[136.84876796249998, -34.184266193750005]",8.167,0.764,130,30,602.179,648.829,False,0.78639,10:14:00,
"[136.86541282608692, -34.24971875543477]",16.769,0.208,160,24,662.279,489.029,False,0.33379,10:16:00,
"[136.89922996178345, -34.190719910828044]",10.637,0.442,135,22,538.149,399.213,False,-0.40539,10:18:00,
"[136.9205180447761, -34.2274519154229]",16.266,0.242,162,39,676.378,599.313,False,0.66838,10:20:00,
"[136.93670991772157, -34.19726206962025]",11.092,0.409,138,20,643.906,349.328,False,-1.31993,10:22:00,
"[136.98626512903226, -34.21171872580644]",13.678,0.211,99,25,439.062,427.938,False,-0.78702,10:24:00,
"[136.94702491566267, -34.1548498313253]",5.758,0.797,70,13,232.928,248.89,False,-1.05978,10:26:00,
"[137.05135483505157, -34.2025633402062]",16.283,0.116,87,10,368.388,252.364,False,0.38422,10:28:00,
"[136.98858080769236, -34.14730348076924]",3.807,1.142,47,5,174.28,110.685,False,-1.15252,10:30:00,
"[137.11951684482756, -34.225866206896555]",17.152,0.063,56,2,221.917,29.118,False,0.24161,10:32:00,
"[137.1965214893617, -34.22181768085105]",18.268,0.045,47,0,195.26,0.0,False,-0.39551,10:34:00,
"[137.21524836585365, -34.24097763414635]",17.661,0.042,35,6,131.563,83.875,False,-0.22387,10:36:00,
"[137.38820011428572, -34.25534177142856]",11.514,0.084,34,1,124.021,28.663,False,-0.26431,10:38:00,
"[136.26561428877002, -34.81031665775402]",40.772,0.036,158,29,628.073,630.584,Jump_8,7.88826,10:40:00,No_Radar
"[136.18950955072464, -34.76405386956522]",38.864,0.029,126,12,542.029,266.713,Jump_8,-0.69843,10:42:00,No_Radar
"[136.29537471126756, -34.843511753521106]",42.963,0.024,120,22,615.322,608.632,Jump_8,0.0512,10:44:00,No_Radar
"[136.2244419022989, -34.73051046551724]",36.235,0.042,147,27,613.262,551.725,Jump_8,0.41496,10:46:00,No_Radar
"[136.22604001734106, -34.77607692485549]",36.08,0.042,146,27,647.127,547.232,False,-0.01318,10:48:00,
"[136.2725849361702, -34.8735586170213]",35.868,0.047,170,18,786.825,599.447,False,0.19895,10:50:00,
"[136.20848998666662, -34.614515133333335]",29.057,0.057,138,12,582.364,230.135,False,-1.25508,10:52:00,
"[136.37130554468078, -34.86663127659574]",40.579,0.045,211,24,958.108,535.691,Jump_9,3.2831,10:54:00,No_Radar
"[136.318595237569, -34.750217657458556]",37.295,0.041,159,22,714.739,456.504,Jump_9,-1.19345,10:56:00,No_Radar
"[136.398447624031, -34.76163393023257]",45.104,0.04,232,26,1034.976,516.741,Jump_9,1.41761,10:58:00,No_Radar
"[136.3431430915493, -34.45444491549299]",19.166,0.123,122,20,483.469,642.4,Jump_9,-1.8175,11:00:00,No_Radar
"[136.36474156129043, -34.49994587741935]",26.922,0.068,124,31,583.143,615.3,False,0.14876,11:02:00,
"[136.412217, -34.69449838842977]",42.737,0.042,227,15,1021.254,297.411,False,1.00982,11:04:00,
"[136.38057375000002, -34.440014808823534]",17.691,0.138,121,15,453.644,320.853,False,-1.22339,11:06:00,
"[136.41726542063483, -34.47924806349206]",18.259,0.12,113,13,453.133,232.124,False,-0.10266,11:08:00,
"[136.4443997142857, -34.39864189999999]",11.97,0.311,121,19,415.428,325.508,False,0.16429,11:10:00,
"[136.46690104166666, -34.40278192361112]",10.711,0.4,125,19,503.699,345.798,False,0.05763,11:12:00,
"[136.47551284180784, -34.370902491525435]",11.069,0.46,156,21,590.691,386.78,False,0.47765,11:14:00,
"[136.44909114507766, -34.47635049740933]",23.288,0.113,149,44,681.573,979.855,False,0.29468,11:16:00,
"[136.5229826638656, -34.364128697478996]",12.807,0.231,87,32,340.325,709.675,False,-4.66341,11:18:00,
"[136.53974775384606, -34.36603200512824]",11.525,0.467,153,42,569.673,969.665,False,1.81374,11:20:00,
"[136.57541176744184, -34.37949961240307]",10.274,0.778,214,44,849.672,972.246,False,1.14983,11:22:00,
"[136.59565133027525, -34.42433615596332]",12.995,0.205,84,25,437.695,578.024,False,-2.52155,11:24:00,
"[136.60788718965523, -34.41855743103447]",12.219,0.124,18,40,225.648,1049.108,False,-0.53205,11:26:00,
"[136.61200773076922, -34.36805855769232]",9.279,0.192,13,39,137.932,934.763,False,-0.06292,11:28:00,
"[136.63491967499996, -34.409707450000006]",8.957,0.159,7,33,53.868,796.658,False,-0.13077,11:30:00,
"[136.65703325, -34.39150591666666]",9.546,0.126,11,25,100.72,642.376,False,-0.05148,11:32:00,
"[136.6647387857143, -34.43824725]",13.131,0.052,3,25,41.772,664.172,False,-0.13003,11:34:00,
"[136.68797733333335, -34.38130247222223]",10.389,0.106,7,29,71.666,704.442,False,0.40656,11:36:00,
,0.0,0.0,0,0,0.0,0.0,,,11:38:00,
"[136.74574335714286, -34.42287321428571]",12.491,0.057,7,21,134.372,494.098,,,11:40:00,
"[136.71003611111112, -34.36953214814815]",9.44,0.096,7,20,175.97,494.422,False,-0.04269,11:42:00,
,0.0,0.0,0,0,0.0,0.0,,,11:44:00,
"[135.91125345454546, -34.44527422727273]",15.526,0.029,11,11,179.069,380.409,,,11:46:00,
,0.0,0.0,0,0,0.0,0.0,,,11:48:00,
"[136.774455625, -34.40107678125]",6.443,0.245,9,23,88.098,473.287,,,11:50:00,
"[136.75846428333335, -34.40822828333333]",6.957,0.395,21,39,192.458,710.436,False,1.07399,11:52:00,
"[136.80800431428574, -34.411730971428575]",5.878,0.322,10,25,85.989,499.57,False,-0.87208,11:54:00,
"[136.82362127272728, -34.4302769090909]",8.299,0.203,22,22,249.264,354.316,False,0.32041,11:56:00,
"[136.859985, -34.418317170731704]",8.216,0.193,13,28,122.723,597.907,False,-0.11139,11:58:00,
"[136.88009955555557, -34.4517208]",11.617,0.106,20,25,217.113,514.444,False,0.17107,12:00:00,
"[136.87609150000003, -34.389110093750006]",7.186,0.197,18,14,121.567,350.778,False,-0.67556,12:02:00,
"[136.90260369811318, -34.373003528301886]",6.183,0.441,40,13,173.42,206.099,False,1.54062,12:04:00,
"[136.9301568548387, -34.411269435483874]",9.409,0.223,49,13,296.08,300.742,False,0.70537,12:06:00,
"[136.91748525, -34.35438627083334]",6.143,0.405,31,17,166.864,401.917,False,-1.09724,12:08:00,
"[136.95343543750002, -34.37618114062499]",5.816,0.602,55,9,240.128,291.668,False,1.07072,12:10:00,
"[136.98248444444445, -34.41566138271605]",9.973,0.259,56,25,197.265,733.201,False,1.03902,12:12:00,
"[137.00061697916667, -34.40016112500001]",7.301,0.573,77,19,321.834,421.633,False,1.07225,12:14:00,
"[137.0007332571429, -34.39223300000001]",6.074,0.604,60,10,282.788,220.31,False,-1.99823,12:16:00,
"[137.04697182692306, -34.42334296153847]",6.378,0.407,34,18,134.644,458.168,False,-0.8919,12:18:00,
"[137.04542364705884, -34.41936549999999]",8.978,0.134,33,1,137.19,47.042,False,-0.85646,12:20:00,
"[137.07628701886793, -34.45886081132076]",9.133,0.202,46,7,177.044,170.965,False,0.93324,12:22:00,
"[137.10621492682927, -34.47723353658536]",6.705,0.29,35,6,163.614,118.14,False,-0.57319,12:24:00,
"[137.05152308163264, -34.53768769387755]",13.211,0.089,37,12,169.424,227.907,False,0.45733,12:26:00,
"[137.11999050000003, -34.527159149999996]",7.457,0.114,19,1,70.529,18.83,False,-1.72631,12:28:00,
"[137.08731248571428, -34.46554317142857]",10.828,0.095,35,0,133.296,0.0,False,0.76717,12:30:00,
"[137.03187585937505, -34.51977675000001]",17.541,0.066,51,13,283.742,244.357,False,1.43448,12:32:00,
"[137.09292946666667, -34.5402088]",18.155,0.072,53,22,264.86,566.725,False,0.48113,12:34:00,
"[137.09301333999997, -34.48023444]",12.71,0.099,48,2,204.247,32.155,False,-1.1591,12:36:00,
"[137.10669601428572, -34.55435524285715]",16.646,0.08,60,10,325.858,271.56,False,0.77662,12:38:00,
"[137.1672788870968, -34.57576993548387]",14.077,0.1,41,21,172.324,477.381,False,-0.38669,12:40:00,
"[137.14199831249996, -34.586579703125]",14.687,0.094,40,24,194.288,474.423,False,0.09164,12:42:00,
"[137.16505195999997, -34.572816499999995]",14.949,0.071,25,25,98.364,688.979,False,-0.80362,12:44:00,
"[137.17673173972605, -34.56461960273972]",15.758,0.094,56,17,313.131,373.455,False,1.34828,12:46:00,
"[137.17166412500004, -34.526978767857145]",14.319,0.087,53,3,230.368,69.696,False,-1.03116,12:48:00,
"[137.173099984375, -34.56368121875]",15.533,0.084,51,13,228.03,252.998,False,0.49547,12:50:00,
"[137.2257199807692, -34.5643768076923]",15.241,0.071,33,19,178.881,353.395,False,-0.72989,12:52:00,
"[137.19787767058816, -34.53805577647059]",14.78,0.124,66,19,277.027,370.918,False,1.91068,12:54:00,
"[137.20091454545457, -34.5287267121212]",14.415,0.101,36,30,170.359,729.483,False,-0.87874,12:56:00,
"[137.2336836530612, -34.57801130612245]",15.562,0.064,24,25,112.07,652.799,False,-0.77249,12:58:00,
"[137.30002937735847, -34.6851374528302]",14.967,0.075,39,14,116.612,361.867,False,0.18176,13:00:00,
"[137.34897956000003, -34.75239152]",8.226,0.118,22,3,87.353,35.105,False,-1.29333,13:02:00,
"[137.40178343999997, -34.7908276]",7.555,0.139,23,2,68.86,41.421,False,0.0,13:04:00,
"[138.6970100740741, -34.356707375661365]",23.942,0.105,174,15,630.212,121.743,Jump_10,12.13982,13:06:00,11
"[138.72618359111112, -34.323304724444455]",24.132,0.123,208,17,729.07,144.582,Jump_10,0.45574,13:08:00,Same_Jump
"[138.73805685520367, -34.349441769230786]",23.66,0.126,208,13,804.261,187.173,Jump_10,-0.05299,13:10:00,Same_Jump
"[138.7139052244094, -34.37734466929134]",23.338,0.148,238,16,939.443,98.953,Jump_10,0.43194,13:12:00,Same_Jump
"[138.73852882040813, -34.382909408163265]",24.08,0.134,231,14,879.319,148.153,False,-0.13125,13:14:00,
"[138.79977561016943, -34.370794301694914]",24.499,0.156,273,22,949.851,251.293,False,0.71251,13:16:00,
"[138.78264981496076, -34.39560650393701]",23.212,0.15,239,15,990.126,110.684,False,-1.56802,13:18:00,
"[138.80334097111918, -34.38523509747293]",22.49,0.174,247,30,907.203,293.467,False,0.63798,13:20:00,
"[138.79860928709678, -34.42162674516129]",23.042,0.186,282,28,1096.907,232.354,False,0.91064,13:22:00,
"[138.8343915225225, -34.397797288288295]",25.644,0.269,522,33,1678.229,332.456,Jump_11,6.76084,13:24:00,11
"[138.86590544227346, -34.3470028223801]",25.397,0.278,523,40,1916.968,379.867,Jump_11,0.07412,13:26:00,Same_Jump
"[138.89345490642182, -34.36490223853212]",27.605,0.228,501,44,1800.044,421.066,Jump_11,-0.16259,13:28:00,Same_Jump
"[138.91112021503133, -34.35599480167016]",26.736,0.213,432,47,1570.961,533.059,Jump_11,-0.6216,13:30:00,Same_Jump
"[138.92295460211253, -34.364516705985935]",26.741,0.253,533,35,1892.645,367.648,False,0.74104,13:32:00,
"[138.9251222384473, -34.40255007208866]",28.383,0.214,513,28,1843.924,406.659,False,-0.22161,13:34:00,
"[138.95379476629216, -34.47201308764045]",30.822,0.149,410,35,1370.982,356.563,False,-1.66143,13:36:00,
"[138.98615819616197, -34.495013415778246]",30.683,0.159,438,31,1409.827,391.996,False,0.34146,13:38:00,
"[138.98498999548522, -34.502148413092534]",30.787,0.149,423,20,1321.939,258.369,False,-0.35347,13:40:00,
"[138.92089190860213, -34.730966580645166]",22.954,0.112,174,12,689.543,227.808,False,-3.74288,13:42:00,
"[138.95512821965312, -34.71839055491329]",20.976,0.125,167,6,660.279,44.813,False,-0.1186,13:44:00,
"[138.9775781499999, -34.756411194444446]",22.27,0.116,166,14,588.262,285.403,False,0.06286,13:46:00,
"[138.9963044482759, -34.75979054482759]",22.703,0.09,131,14,531.977,223.843,False,-0.30271,13:48:00,
"[139.01949847107437, -34.78348766942147]",22.18,0.078,110,11,405.14,159.713,False,-0.221,13:50:00,
"[138.914263874074, -34.786630911111125]",24.472,0.072,111,24,459.063,403.588,False,0.1287,13:52:00,
"[138.95164005309732, -34.77556738938052]",22.944,0.068,106,7,391.489,148.335,False,-1.06879,13:54:00,
"[138.9593005304348, -34.80520491304349]",24.786,0.06,107,8,517.83,88.189,False,0.09402,13:56:00,
"[139.04925184259258, -34.80823161111112]",20.676,0.08,94,14,416.519,357.315,False,-0.34571,13:58:00,
"[139.09767567910447, -34.85104052985073]",18.72,0.122,128,6,435.603,122.833,False,1.61619,14:00:00,
"[139.02631346853144, -34.87855009090911]",22.599,0.089,135,8,524.708,84.577,False,0.48539,14:02:00,
"[139.12039681818186, -34.90958333766231]",16.198,0.187,146,8,553.087,122.481,False,0.61463,14:04:00,
"[139.2354482680412, -34.93706874226804]",6.852,0.658,91,6,323.274,79.97,False,-4.67433,14:06:00,
"[139.12555943703705, -34.943896800000005]",19.905,0.108,125,10,452.71,161.789,False,1.1853,14:08:00,
"[139.1495470416666, -34.935034388888894]",16.615,0.166,137,7,510.21,78.072,False,0.24438,14:10:00,
"[139.1476076985294, -34.9237189632353]",17.672,0.139,130,6,487.944,110.251,False,-0.22728,14:12:00,
"[139.18412580882364, -34.957849654411746]",15.287,0.185,127,9,437.712,117.558,False,0.0,14:14:00,
"[139.20296894495414, -34.965431311926594]",16.295,0.131,103,6,340.545,115.373,False,-0.78161,14:16:00,
"[139.1414002857143, -34.945498870129875]",16.503,0.09,74,3,264.329,58.376,False,-1.33764,14:18:00,
"[139.242508704918, -34.974818344262296]",10.807,0.166,57,4,186.32,55.764,False,-0.91421,14:20:00,
"[139.24869485333326, -34.985061133333346]",8.182,0.357,68,7,248.652,137.332,False,1.06195,14:22:00,
"[139.2521145454546, -35.001064555555544]",11.59,0.235,96,3,346.378,32.494,False,1.25587,14:24:00,
"[139.21507817777774, -35.020141400000014]",15.621,0.117,85,5,392.159,79.946,False,-0.35948,14:26:00,
"[139.25096420952386, -35.00953153333334]",13.811,0.175,94,11,396.573,188.153,False,0.66085,14:28:00,
"[139.13510904424777, -35.009811238938056]",19.853,0.091,99,14,396.311,196.971,False,0.46633,14:30:00,
"[139.14338131958758, -35.0180506701031]",21.809,0.065,91,6,301.332,91.162,False,-1.30509,14:32:00,
"[139.1717474197531, -35.0382824074074]",17.043,0.089,74,7,323.747,93.25,False,-0.96256,14:34:00,
"[139.22752809859156, -35.04960470422535]",15.032,0.1,66,5,434.928,115.706,False,-0.69963,14:36:00,
"[139.16771573626372, -35.05001031868132]",21.941,0.06,83,8,308.981,110.626,False,1.38943,14:38:00,
"[139.2210493302752, -35.067144761467894]",21.289,0.077,99,10,447.437,199.397,False,1.11803,14:40:00,
"[139.25463147191007, -35.0798455730337]",19.143,0.077,78,11,309.962,146.315,False,-1.09566,14:42:00,
"[139.30537846153845, -35.10401303846152]",17.078,0.085,61,17,307.666,400.82,False,-0.57435,14:44:00,
"[139.3188238918919, -35.09625754054053]",18.022,0.073,64,10,277.549,195.458,False,-0.21828,14:46:00,
"[139.2323915052632, -35.0944036]",21.229,0.067,76,19,318.82,429.087,False,1.18359,14:48:00,
"[139.3770907368421, -35.12927138596491]",14.787,0.083,49,8,209.594,86.089,False,-2.10883,14:50:00,
"[139.31981783544308, -35.14515844303798]",16.463,0.093,74,5,245.658,121.359,False,1.01446,14:52:00,
"[139.33081803076922, -35.164340969230764]",20.407,0.05,52,13,253.274,370.881,False,-0.56157,14:54:00,
"[139.39464149019614, -35.189102392156855]",19.008,0.09,88,14,316.733,297.042,False,1.46622,14:56:00,
"[139.50004694594597, -35.20877113513514]",15.817,0.047,32,5,118.244,102.568,False,-2.11523,14:58:00,
"[139.4509383265306, -35.187677183673465]",20.454,0.037,49,0,220.184,0.0,False,0.28593,15:00:00,
"[139.54236725806453, -35.233644999999996]",14.699,0.046,29,2,124.237,45.973,False,-0.44982,15:02:00,
"[139.6890858076923, -35.268815807692306]",2.474,1.352,16,10,77.21,234.304,False,-0.13134,15:04:00,
,0.0,0.0,0,0,0.0,0.0,,,15:06:00,
,0.0,0.0,0,0,0.0,0.0,,,15:08:00,
,0.0,0.0,0,0,0.0,0.0,,,15:10:00,
"[139.7790541904762, -35.301041]",5.752,0.202,18,3,99.269,74.426,,,15:12:00,
,0.0,0.0,0,0,0.0,0.0,,,15:14:00,
,0.0,0.0,0,0,0.0,0.0,,,15:16:00,
,0.0,0.0,0,0,0.0,0.0,,,15:18:00,
"[139.7582328888889, -35.22887874074075]",13.212,0.049,18,9,70.254,163.197,,,15:20:00,
"[139.66233446875003, -35.2430860625]",13.775,0.054,30,2,99.481,38.986,False,0.26125,15:22:00,
"[139.8277335, -35.237733192307694]",10.447,0.076,17,9,85.806,139.704,False,-0.3507,15:24:00,
"[139.79117037142856, -35.31295237142857]",8.753,0.145,32,3,211.891,39.251,False,0.70343,15:26:00,
,0.0,0.0,0,0,0.0,0.0,,,15:28:00,
,0.0,0.0,0,0,0.0,0.0,,,15:30:00,
"[139.81341254285712, -35.3164404857143]",17.803,0.035,28,7,128.322,205.166,,,15:32:00,
"[139.8625736190476, -35.3668967142857]",7.628,0.115,20,1,90.38,12.609,False,-0.55284,15:34:00,
,0.0,0.0,0,0,0.0,0.0,,,15:36:00,
"[140.34769204651164, -34.52517]",3.873,0.913,38,5,136.421,154.748,,,15:38:00,
"[140.33138397222223, -34.52797255555556]",2.083,2.641,31,5,116.47,98.002,False,-0.2422,15:40:00,
"[140.33845081355932, -34.53542762711865]",3.139,1.906,47,12,153.69,204.593,False,0.77745,15:42:00,
"[140.35470801111106, -34.54266328888889]",3.493,2.348,84,6,321.144,98.781,False,1.14174,15:44:00,
"[140.37257667123288, -34.55289721917809]",4.32,1.245,62,11,248.536,189.003,False,-0.6339,15:46:00,
"[140.36645130392156, -34.568111225490185]",3.802,2.247,90,12,341.788,253.567,False,1.13503,15:48:00,
"[140.38559926829268, -34.58316917073171]",3.42,1.116,32,9,132.953,190.284,False,-2.74674,15:50:00,
"[140.40662106329108, -34.59541601265824]",4.418,1.288,71,8,302.949,150.247,False,0.95479,15:52:00,
"[140.39845100000002, -34.609921714285726]",4.531,1.737,101,11,388.271,232.392,False,0.77912,15:54:00,
"[140.41560764000002, -34.61151197600002]",4.056,2.418,113,12,437.068,196.549,False,0.30457,15:56:00,
"[140.42171599019605, -34.620747264705884]",3.844,2.197,95,7,355.887,102.028,False,-0.56101,15:58:00,
"[140.42961287671235, -34.62963809589039]",4.638,1.08,63,10,214.314,238.076,False,-0.69562,16:00:00,
"[140.4575594230769, -34.62549913461539]",4.085,0.992,44,8,138.683,298.164,False,-0.67538,16:02:00,
"[140.45711718181818, -34.63133218181818]",5.311,0.621,47,8,181.926,172.483,False,0.11097,16:04:00,
"[140.46779361764706, -34.628579205882346]",3.903,0.71,33,1,130.425,22.683,False,-1.1477,16:06:00,
"[140.46032497142858, -34.657312342857146]",5.14,0.422,27,8,104.592,167.404,False,0.08133,16:08:00,
,0.0,0.0,0,0,0.0,0.0,,,16:10:00,
"[140.49425, -34.6756988490566]",5.223,0.618,43,10,152.175,233.404,,,16:12:00,
"[140.47165163999998, -34.67397848]",5.279,0.286,21,4,95.251,88.603,False,-0.83621,16:14:00,
"[140.49169457142855, -34.6862274489796]",4.98,0.629,44,5,191.296,105.344,False,0.67346,16:16:00,
"[140.55448667567563, -34.70730286486488]",7.101,0.234,32,5,135.265,73.019,False,-0.32812,16:18:00,
"[140.56723470588238, -34.709265029411775]",6.123,0.289,33,1,96.915,6.15,False,-0.08063,16:20:00,
,0.0,0.0,0,0,0.0,0.0,,,16:22:00,
,0.0,0.0,0,0,0.0,0.0,,,16:24:00,
,0.0,0.0,0,0,0.0,0.0,,,16:26:00,
,0.0,0.0,0,0,0.0,0.0,,,16:28:00,
,0.0,0.0,0,0,0.0,0.0,,,16:30:00,
,0.0,0.0,0,0,0.0,0.0,,,16:32:00,
,0.0,0.0,0,0,0.0,0.0,,,16:34:00,
,0.0,0.0,0,0,0.0,0.0,,,16:36:00,
,0.0,0.0,0,0,0.0,0.0,,,16:38:00,
,0.0,0.0,0,0,0.0,0.0,,,16:40:00,
,0.0,0.0,0,0,0.0,0.0,,,16:42:00,
,0.0,0.0,0,0,0.0,0.0,,,16:44:00,
,0.0,0.0,0,0,0.0,0.0,,,16:46:00,
,0.0,0.0,0,0,0.0,0.0,,,16:48:00,
,0.0,0.0,0,0,0.0,0.0,,,16:50:00,
,0.0,0.0,0,0,0.0,0.0,,,16:52:00,
,0.0,0.0,0,0,0.0,0.0,,,16:54:00,
"[140.91520963636364, -34.68873736363636]",5.099,0.269,14,8,54.395,156.012,,,16:56:00,
,0.0,0.0,0,0,0.0,0.0,,,16:58:00,
,0.0,0.0,0,0,0.0,0.0,,,17:00:00,
,0.0,0.0,0,0,0.0,0.0,,,17:02:00,
"[140.9473682692308, -34.74378892307693]",7.884,0.133,25,1,76.675,26.983,,,17:04:00,
,0.0,0.0,0,0,0.0,0.0,,,17:06:00,
,0.0,0.0,0,0,0.0,0.0,,,17:08:00,
,0.0,0.0,0,0,0.0,0.0,,,17:10:00,
,0.0,0.0,0,0,0.0,0.0,,,17:12:00,
,0.0,0.0,0,0,0.0,0.0,,,17:14:00,
"[140.9899637692308, -34.769077499999995]",3.759,0.586,26,0,91.622,0.0,,,17:16:00,
"[141.00185775000003, -34.786484200000004]",5.222,0.233,17,3,69.548,35.486,False,-0.51602,17:18:00,
,0.0,0.0,0,0,0.0,0.0,,,17:20:00,
,0.0,0.0,0,0,0.0,0.0,,,17:22:00,
,0.0,0.0,0,0,0.0,0.0,,,17:24:00,
,0.0,0.0,0,0,0.0,0.0,,,17:26:00,
,0.0,0.0,0,0,0.0,0.0,,,17:28:00,
,0.0,0.0,0,0,0.0,0.0,,,17:30:00,
,0.0,0.0,0,0,0.0,0.0,,,17:32:00,
,0.0,0.0,0,0,0.0,0.0,,,17:34:00,
,0.0,0.0,0,0,0.0,0.0,,,17:36:00,
,0.0,0.0,0,0,0.0,0.0,,,17:38:00,
,0.0,0.0,0,0,0.0,0.0,,,17:40:00,
,0.0,0.0,0,0,0.0,0.0,,,17:42:00,
,0.0,0.0,0,0,0.0,0.0,,,17:44:00,
,0.0,0.0,0,0,0.0,0.0,,,17:46:00,
,0.0,0.0,0,0,0.0,0.0,,,17:48:00,
,0.0,0.0,0,0,0.0,0.0,,,17:50:00,
,0.0,0.0,0,0,0.0,0.0,,,17:52:00,
,0.0,0.0,0,0,0.0,0.0,,,17:54:00,
,0.0,0.0,0,0,0.0,0.0,,,17:56:00,
,0.0,0.0,0,0,0.0,0.0,,,17:58:00,
,0.0,0.0,0,0,0.0,0.0,,,18:00:00,
,0.0,0.0,0,0,0.0,0.0,,,18:02:00,
,0.0,0.0,0,0,0.0,0.0,,,18:04:00,
,0.0,0.0,0,0,0.0,0.0,,,18:06:00,
,0.0,0.0,0,0,0.0,0.0,,,18:08:00,
,0.0,0.0,0,0,0.0,0.0,,,18:10:00,
,0.0,0.0,0,0,0.0,0.0,,,18:12:00,
,0.0,0.0,0,0,0.0,0.0,,,18:14:00,
,0.0,0.0,0,0,0.0,0.0,,,18:16:00,
,0.0,0.0,0,0,0.0,0.0,,,18:18:00,
,0.0,0.0,0,0,0.0,0.0,,,18:20:00,
,0.0,0.0,0,0,0.0,0.0,,,18:22:00,
,0.0,0.0,0,0,0.0,0.0,,,18:24:00,
,0.0,0.0,0,0,0.0,0.0,,,18:26:00,
,0.0,0.0,0,0,0.0,0.0,,,18:28:00,
,0.0,0.0,0,0,0.0,0.0,,,18:30:00,
,0.0,0.0,0,0,0.0,0.0,,,18:32:00,
,0.0,0.0,0,0,0.0,0.0,,,18:34:00,
,0.0,0.0,0,0,0.0,0.0,,,18:36:00,
,0.0,0.0,0,0,0.0,0.0,,,18:38:00,
,0.0,0.0,0,0,0.0,0.0,,,18:40:00,
,0.0,0.0,0,0,0.0,0.0,,,18:42:00,
,0.0,0.0,0,0,0.0,0.0,,,18:44:00,
,0.0,0.0,0,0,0.0,0.0,,,18:46:00,
,0.0,0.0,0,0,0.0,0.0,,,18:48:00,
,0.0,0.0,0,0,0.0,0.0,,,18:50:00,
,0.0,0.0,0,0,0.0,0.0,,,18:52:00,
,0.0,0.0,0,0,0.0,0.0,,,18:54:00,
,0.0,0.0,0,0,0.0,0.0,,,18:56:00,
,0.0,0.0,0,0,0.0,0.0,,,18:58:00,
,0.0,0.0,0,0,0.0,0.0,,,19:00:00,
,0.0,0.0,0,0,0.0,0.0,,,19:02:00,
,0.0,0.0,0,0,0.0,0.0,,,19:04:00,
,0.0,0.0,0,0,0.0,0.0,,,19:06:00,
,0.0,0.0,0,0,0.0,0.0,,,19:08:00,
,0.0,0.0,0,0,0.0,0.0,,,19:10:00,
,0.0,0.0,0,0,0.0,0.0,,,19:12:00,
,0.0,0.0,0,0,0.0,0.0,,,19:14:00,
,0.0,0.0,0,0,0.0,0.0,,,19:16:00,
,0.0,0.0,0,0,0.0,0.0,,,19:18:00,
,0.0,0.0,0,0,0.0,0.0,,,19:20:00,
,0.0,0.0,0,0,0.0,0.0,,,19:22:00,
,0.0,0.0,0,0,0.0,0.0,,,19:24:00,
,0.0,0.0,0,0,0.0,0.0,,,19:26:00,
,0.0,0.0,0,0,0.0,0.0,,,19:28:00,
,0.0,0.0,0,0,0.0,0.0,,,19:30:00,
,0.0,0.0,0,0,0.0,0.0,,,19:32:00,
,0.0,0.0,0,0,0.0,0.0,,,19:34:00,
,0.0,0.0,0,0,0.0,0.0,,,19:36:00,
,0.0,0.0,0,0,0.0,0.0,,,19:38:00,
,0.0,0.0,0,0,0.0,0.0,,,19:40:00,
,0.0,0.0,0,0,0.0,0.0,,,19:42:00,
,0.0,0.0,0,0,0.0,0.0,,,19:44:00,
,0.0,0.0,0,0,0.0,0.0,,,19:46:00,
,0.0,0.0,0,0,0.0,0.0,,,19:48:00,
,0.0,0.0,0,0,0.0,0.0,,,19:50:00,
,0.0,0.0,0,0,0.0,0.0,,,19:52:00,
,0.0,0.0,0,0,0.0,0.0,,,19:54:00,
,0.0,0.0,0,0,0.0,0.0,,,19:56:00,
,0.0,0.0,0,0,0.0,0.0,,,19:58:00,
,0.0,0.0,0,0,0.0,0.0,,,20:00:00,
,0.0,0.0,0,0,0.0,0.0,,,20:02:00,
,0.0,0.0,0,0,0.0,0.0,,,20:04:00,
,0.0,0.0,0,0,0.0,0.0,,,20:06:00,
,0.0,0.0,0,0,0.0,0.0,,,20:08:00,
,0.0,0.0,0,0,0.0,0.0,,,20:10:00,
,0.0,0.0,0,0,0.0,0.0,,,20:12:00,
,0.0,0.0,0,0,0.0,0.0,,,20:14:00,
,0.0,0.0,0,0,0.0,0.0,,,20:16:00,
,0.0,0.0,0,0,0.0,0.0,,,20:18:00,
,0.0,0.0,0,0,0.0,0.0,,,20:20:00,
,0.0,0.0,0,0,0.0,0.0,,,20:22:00,
,0.0,0.0,0,0,0.0,0.0,,,20:24:00,
,0.0,0.0,0,0,0.0,0.0,,,20:26:00,
,0.0,0.0,0,0,0.0,0.0,,,20:28:00,
,0.0,0.0,0,0,0.0,0.0,,,20:30:00,
,0.0,0.0,0,0,0.0,0.0,,,20:32:00,
,0.0,0.0,0,0,0.0,0.0,,,20:34:00,
,0.0,0.0,0,0,0.0,0.0,,,20:36:00,
,0.0,0.0,0,0,0.0,0.0,,,20:38:00,
,0.0,0.0,0,0,0.0,0.0,,,20:40:00,
,0.0,0.0,0,0,0.0,0.0,,,20:42:00,
,0.0,0.0,0,0,0.0,0.0,,,20:44:00,
,0.0,0.0,0,0,0.0,0.0,,,20:46:00,
,0.0,0.0,0,0,0.0,0.0,,,20:48:00,
,0.0,0.0,0,0,0.0,0.0,,,20:50:00,
,0.0,0.0,0,0,0.0,0.0,,,20:52:00,
,0.0,0.0,0,0,0.0,0.0,,,20:54:00,
,0.0,0.0,0,0,0.0,0.0,,,20:56:00,
,0.0,0.0,0,0,0.0,0.0,,,20:58:00,
,0.0,0.0,0,0,0.0,0.0,,,21:00:00,
,0.0,0.0,0,0,0.0,0.0,,,21:02:00,
,0.0,0.0,0,0,0.0,0.0,,,21:04:00,
,0.0,0.0,0,0,0.0,0.0,,,21:06:00,
,0.0,0.0,0,0,0.0,0.0,,,21:08:00,
,0.0,0.0,0,0,0.0,0.0,,,21:10:00,
,0.0,0.0,0,0,0.0,0.0,,,21:12:00,
,0.0,0.0,0,0,0.0,0.0,,,21:14:00,
,0.0,0.0,0,0,0.0,0.0,,,21:16:00,
,0.0,0.0,0,0,0.0,0.0,,,21:18:00,
,0.0,0.0,0,0,0.0,0.0,,,21:20:00,
,0.0,0.0,0,0,0.0,0.0,,,21:22:00,
,0.0,0.0,0,0,0.0,0.0,,,21:24:00,
,0.0,0.0,0,0,0.0,0.0,,,21:26:00,
,0.0,0.0,0,0,0.0,0.0,,,21:28:00,
,0.0,0.0,0,0,0.0,0.0,,,21:30:00,
,0.0,0.0,0,0,0.0,0.0,,,21:32:00,
,0.0,0.0,0,0,0.0,0.0,,,21:34:00,
,0.0,0.0,0,0,0.0,0.0,,,21:36:00,
,0.0,0.0,0,0,0.0,0.0,,,21:38:00,
,0.0,0.0,0,0,0.0,0.0,,,21:40:00,
,0.0,0.0,0,0,0.0,0.0,,,21:42:00,
,0.0,0.0,0,0,0.0,0.0,,,21:44:00,
,0.0,0.0,0,0,0.0,0.0,,,21:46:00,
,0.0,0.0,0,0,0.0,0.0,,,21:48:00,
,0.0,0.0,0,0,0.0,0.0,,,21:50:00,
,0.0,0.0,0,0,0.0,0.0,,,21:52:00,
,0.0,0.0,0,0,0.0,0.0,,,21:54:00,
,0.0,0.0,0,0,0.0,0.0,,,21:56:00,
,0.0,0.0,0,0,0.0,0.0,,,21:58:00,
,0.0,0.0,0,0,0.0,0.0,,,22:00:00,
,0.0,0.0,0,0,0.0,0.0,,,22:02:00,
,0.0,0.0,0,0,0.0,0.0,,,22:04:00,
,0.0,0.0,0,0,0.0,0.0,,,22:06:00,
,0.0,0.0,0,0,0.0,0.0,,,22:08:00,
,0.0,0.0,0,0,0.0,0.0,,,22:10:00,
,0.0,0.0,0,0,0.0,0.0,,,22:12:00,
,0.0,0.0,0,0,0.0,0.0,,,22:14:00,
,0.0,0.0,0,0,0.0,0.0,,,22:16:00,
,0.0,0.0,0,0,0.0,0.0,,,22:18:00,
,0.0,0.0,0,0,0.0,0.0,,,22:20:00,
,0.0,0.0,0,0,0.0,0.0,,,22:22:00,
,0.0,0.0,0,0,0.0,0.0,,,22:24:00,
,0.0,0.0,0,0,0.0,0.0,,,22:26:00,
,0.0,0.0,0,0,0.0,0.0,,,22:28:00,
,0.0,0.0,0,0,0.0,0.0,,,22:30:00,
,0.0,0.0,0,0,0.0,0.0,,,22:32:00,
,0.0,0.0,0,0,0.0,0.0,,,22:34:00,
,0.0,0.0,0,0,0.0,0.0,,,22:36:00,
,0.0,0.0,0,0,0.0,0.0,,,22:38:00,
,0.0,0.0,0,0,0.0,0.0,,,22:40:00,
,0.0,0.0,0,0,0.0,0.0,,,22:42:00,
,0.0,0.0,0,0,0.0,0.0,,,22:44:00,
,0.0,0.0,0,0,0.0,0.0,,,22:46:00,
,0.0,0.0,0,0,0.0,0.0,,,22:48:00,
,0.0,0.0,0,0,0.0,0.0,,,22:50:00,
,0.0,0.0,0,0,0.0,0.0,,,22:52:00,
,0.0,0.0,0,0,0.0,0.0,,,22:54:00,
,0.0,0.0,0,0,0.0,0.0,,,22:56:00,
,0.0,0.0,0,0,0.0,0.0,,,22:58:00,
,0.0,0.0,0,0,0.0,0.0,,,23:00:00,
,0.0,0.0,0,0,0.0,0.0,,,23:02:00,
,0.0,0.0,0,0,0.0,0.0,,,23:04:00,
,0.0,0.0,0,0,0.0,0.0,,,23:06:00,
,0.0,0.0,0,0,0.0,0.0,,,23:08:00,
,0.0,0.0,0,0,0.0,0.0,,,23:10:00,
,0.0,0.0,0,0,0.0,0.0,,,23:12:00,
,0.0,0.0,0,0,0.0,0.0,,,23:14:00,
,0.0,0.0,0,0,0.0,0.0,,,23:16:00,
,0.0,0.0,0,0,0.0,0.0,,,23:18:00,
,0.0,0.0,0,0,0.0,0.0,,,23:20:00,
,0.0,0.0,0,0,0.0,0.0,,,23:22:00,
,0.0,0.0,0,0,0.0,0.0,,,23:24:00,
,0.0,0.0,0,0,0.0,0.0,,,23:26:00,
,0.0,0.0,0,0,0.0,0.0,,,23:28:00,
,0.0,0.0,0,0,0.0,0.0,,,23:30:00,
,0.0,0.0,0,0,0.0,0.0,,,23:32:00,
,0.0,0.0,0,0,0.0,0.0,,,23:34:00,
,0.0,0.0,0,0,0.0,0.0,,,23:36:00,
,0.0,0.0,0,0,0.0,0.0,,,23:38:00,
,0.0,0.0,0,0,0.0,0.0,,,23:40:00,
,0.0,0.0,0,0,0.0,0.0,,,23:42:00,
,0.0,0.0,0,0,0.0,0.0,,,23:44:00,
,0.0,0.0,0,0,0.0,0.0,,,23:46:00,
,0.0,0.0,0,0,0.0,0.0,,,23:48:00,
,0.0,0.0,0,0,0.0,0.0,,,23:50:00,
,0.0,0.0,0,0,0.0,0.0,,,23:52:00,
,0.0,0.0,0,0,0.0,0.0,,,23:54:00,
,0.0,0.0,0,0,0.0,0.0,,,23:56:00,
,0.0,0.0,0,0,0.0,0.0,,,23:58:00,
