IC,CG,Total,IC_amp,CG_amp,Total_amp,IC_abs_amp,CG_abs_amp,Total_abs_amp
44.0,8.0,52.0,-15.966,-23.957,-39.923,268.978,135.751,404.729
49.0,7.0,56.0,94.224,-58.739,35.485,273.44,94.721,368.161
57.0,17.0,74.0,33.195,-252.055,-218.86,377.381,340.927,718.308
46.0,9.0,55.0,-87.014,-80.793,-167.807,309.862,116.309,426.171
34.0,12.0,46.0,-57.965,-128.654,-186.619,270.817,203.95,474.767
38.0,14.0,52.0,-12.245,-222.704,-234.949,252.113,298.0,550.113
39.0,5.0,44.0,38.8,13.011,51.811,274.464,102.199,376.663
42.0,4.0,46.0,1.27,15.023,16.293,248.404,58.449,306.853
50.0,7.0,57.0,98.17,-70.577,27.593,336.36,70.577,406.937
44.0,14.0,58.0,-9.811,-196.412,-206.223,310.167,345.318,655.485
53.0,9.0,62.0,-7.23,-231.871,-239.101,390.86,231.871,622.731
27.0,4.0,31.0,-60.303,-35.951,-96.254,189.005,35.951,224.956
34.0,10.0,44.0,85.975,-217.419,-131.444,203.367,217.419,420.786
48.0,22.0,70.0,-1.862,-385.855,-387.717,351.992,603.129,955.121
58.0,14.0,72.0,-106.041,-226.063,-332.104,374.447,333.395,707.842
49.0,5.0,54.0,67.326,-87.906,-20.58,276.454,120.282,396.736
63.0,14.0,77.0,68.592,-182.065,-113.473,368.47,304.307,672.777
74.0,10.0,84.0,150.515,-72.584,77.931,483.885,147.95,631.835
70.0,7.0,77.0,76.456,-118.513,-42.057,410.13,118.513,528.643
77.0,4.0,81.0,87.017,-62.919,24.098,397.781,62.919,460.7
59.0,8.0,67.0,5.791,-83.624,-77.833,312.253,238.248,550.501
47.0,7.0,54.0,81.095,-24.039,57.056,198.077,88.817,286.894
52.0,10.0,62.0,36.29,-161.315,-125.025,257.628,161.315,418.943
82.0,17.0,99.0,-19.608,-187.097,-206.705,444.364,187.097,631.461
38.0,4.0,42.0,-31.61,-67.497,-99.107,249.67,67.497,317.167
42.0,9.0,51.0,62.896,-166.969,-104.073,241.296,166.969,408.265
49.0,5.0,54.0,21.806,1.422,23.228,309.476,110.722,420.198
38.0,4.0,42.0,29.613,-25.17,4.443,229.227,25.17,254.397
44.0,8.0,52.0,84.07,-60.05,24.02,280.57,146.426,426.996
42.0,2.0,44.0,7.449,-66.2,-58.751,247.145,66.2,313.345
43.0,4.0,47.0,129.213,-83.775,45.438,226.625,83.775,310.4
56.0,7.0,63.0,59.827,104.137,163.964,289.011,151.231,440.242
44.0,3.0,47.0,114.428,-124.957,-10.529,250.478,124.957,375.435
37.0,11.0,48.0,16.105,-179.957,-163.852,167.569,212.103,379.672
52.0,8.0,60.0,120.938,-20.449,100.489,302.882,130.623,433.505
35.0,6.0,41.0,-34.459,-130.567,-165.026,208.677,166.513,375.19
37.0,10.0,47.0,-82.194,-66.994,-149.188,316.95,113.984,430.934
8.0,4.0,12.0,11.501,-85.039,-73.538,39.383,85.039,124.422
17.0,9.0,26.0,60.455,20.673,81.128,102.479,202.033,304.512
8.0,8.0,16.0,17.967,-134.192,-116.225,73.857,134.192,208.049
35.0,5.0,40.0,-7.524,-38.473,-45.997,157.576,71.237,228.813
23.0,4.0,27.0,-3.842,-65.228,-69.07,126.256,97.082,223.338
39.0,3.0,42.0,53.613,7.768,61.381,181.971,36.044,218.015
57.0,12.0,69.0,112.83,-195.271,-82.441,303.312,245.985,549.297
28.0,11.0,39.0,12.636,-49.411,-36.775,170.512,178.513,349.025
34.0,5.0,39.0,134.219,-66.05,68.169,192.201,66.05,258.251
29.0,3.0,32.0,45.715,29.631,75.346,160.851,54.277,215.128
36.0,6.0,42.0,2.087,-22.864,-20.777,199.705,66.166,265.871
29.0,8.0,37.0,12.216,-246.961,-234.745,157.786,308.001,465.787
43.0,3.0,46.0,81.97,8.821,90.791,248.244,54.161,302.405
29.0,3.0,32.0,50.795,-44.834,5.961,117.875,44.834,162.709
51.0,5.0,56.0,81.33,-64.662,16.668,257.574,64.662,322.236
45.0,7.0,52.0,67.287,-107.884,-40.597,206.489,107.884,314.373
43.0,0.0,43.0,60.789,0.0,60.789,186.473,0.0,186.473
35.0,7.0,42.0,65.388,-76.627,-11.239,167.378,76.627,244.005
60.0,5.0,65.0,120.359,-8.007,112.352,284.791,60.837,345.628
48.0,3.0,51.0,15.149,-110.786,-95.637,213.523,110.786,324.309
47.0,0.0,47.0,141.902,0.0,141.902,257.774,0.0,257.774
28.0,7.0,35.0,49.559,-67.583,-18.024,145.561,67.583,213.144
46.0,8.0,54.0,126.814,-50.781,76.033,222.556,80.821,303.377
40.0,1.0,41.0,-33.123,42.553,9.43,233.863,42.553,276.416
34.0,5.0,39.0,1.215,-89.786,-88.571,161.535,89.786,251.321
45.0,2.0,47.0,170.219,-14.317,155.902,231.563,14.317,245.88
33.0,6.0,39.0,86.193,13.254,99.447,182.807,106.3,289.107
52.0,8.0,60.0,16.835,-103.727,-86.892,232.265,103.727,335.992
27.0,7.0,34.0,-18.284,-103.16,-121.444,164.862,103.16,268.022
51.0,10.0,61.0,51.286,-58.255,-6.969,296.864,103.441,400.305
34.0,1.0,35.0,64.62,-4.817,59.803,199.12,4.817,203.937
35.0,8.0,43.0,69.878,-104.454,-34.576,247.824,165.82,413.644
52.0,4.0,56.0,76.182,-87.446,-11.264,310.576,87.446,398.022
42.0,8.0,50.0,83.47,-70.412,13.058,253.386,111.968,365.354
30.0,14.0,44.0,-6.642,-159.505,-166.147,122.214,244.731,366.945
48.0,11.0,59.0,49.854,-94.41,-44.556,213.814,127.542,341.356
37.0,11.0,48.0,26.275,-116.92,-90.645,172.231,159.386,331.617
35.0,12.0,47.0,89.819,-178.179,-88.36,190.111,178.179,368.29
32.0,17.0,49.0,33.545,-259.504,-225.959,151.369,307.074,458.443
44.0,15.0,59.0,67.013,-76.395,-9.382,222.885,209.157,432.042
47.0,13.0,60.0,-2.252,-201.358,-203.61,340.26,201.358,541.618
47.0,5.0,52.0,46.195,-23.963,22.232,247.603,155.531,403.134
44.0,13.0,57.0,25.943,-173.967,-148.024,313.467,208.787,522.254
31.0,23.0,54.0,-66.039,-348.06,-414.099,210.403,348.06,558.463
19.0,3.0,22.0,50.581,-133.573,-82.992,133.345,133.573,266.918
43.0,14.0,57.0,76.799,-164.96,-88.161,227.025,205.35,432.375
20.0,9.0,29.0,38.248,-198.916,-160.668,113.064,198.916,311.98
23.0,13.0,36.0,-48.232,-359.072,-407.304,178.59,359.072,537.662
22.0,5.0,27.0,128.518,-90.136,38.382,138.832,90.136,228.968
11.0,4.0,15.0,52.467,-73.235,-20.768,67.705,73.235,140.94
33.0,2.0,35.0,56.101,-26.047,30.054,190.607,26.047,216.654
31.0,9.0,40.0,24.638,-89.767,-65.129,197.108,227.915,425.023
37.0,11.0,48.0,-13.314,-147.795,-161.109,242.448,147.795,390.243
10.0,18.0,28.0,38.022,-252.854,-214.832,62.312,368.542,430.854
20.0,9.0,29.0,-30.935,-177.183,-208.118,122.855,177.183,300.038
20.0,3.0,23.0,21.293,83.967,105.26,106.863,132.069,238.932
13.0,8.0,21.0,-21.109,-103.773,-124.882,95.749,103.773,199.522
25.0,5.0,30.0,-32.238,8.333,-23.905,167.924,57.535,225.459
24.0,17.0,41.0,-43.315,-237.03,-280.345,132.903,237.03,369.933
33.0,6.0,39.0,-13.838,-39.421,-53.259,252.598,78.465,331.063
17.0,15.0,32.0,-14.824,-233.506,-248.33,130.79,233.506,364.296
26.0,5.0,31.0,65.186,-41.677,23.509,143.468,41.677,185.145
17.0,10.0,27.0,1.147,-162.028,-160.881,98.855,162.028,260.883
38.0,6.0,44.0,-18.889,-109.957,-128.846,257.139,109.957,367.096
18.0,11.0,29.0,28.129,-134.299,-106.17,123.453,168.199,291.652
35.0,13.0,48.0,-14.92,-151.074,-165.994,206.808,151.074,357.882
24.0,10.0,34.0,-45.655,-32.334,-77.989,164.553,152.536,317.089
37.0,13.0,50.0,-21.113,-215.96,-237.073,272.765,215.96,488.725
12.0,16.0,28.0,-82.447,-150.902,-233.349,104.959,189.96,294.919
34.0,13.0,47.0,-89.632,-191.99,-281.622,249.33,235.28,484.61
20.0,7.0,27.0,-25.891,-175.185,-201.076,105.963,175.185,281.148
29.0,11.0,40.0,-36.94,-89.453,-126.393,183.83,119.877,303.707
26.0,11.0,37.0,-43.918,-135.965,-179.883,197.586,135.965,333.551
20.0,7.0,27.0,-72.607,-118.478,-191.085,202.927,118.478,321.405
28.0,4.0,32.0,9.693,-52.678,-42.985,131.645,52.678,184.323
30.0,16.0,46.0,-43.054,-105.316,-148.37,197.362,199.36,396.722
32.0,8.0,40.0,-26.7,-52.544,-79.244,198.848,138.436,337.284
27.0,1.0,28.0,7.911,-4.626,3.285,162.265,4.626,166.891
25.0,1.0,26.0,33.127,-7.333,25.794,146.697,7.333,154.03
21.0,0.0,21.0,56.58,0.0,56.58,129.148,0.0,129.148
32.0,15.0,47.0,-49.458,-123.7,-173.158,275.556,314.8,590.356
19.0,9.0,28.0,-23.358,-181.657,-205.015,121.264,214.497,335.761
31.0,13.0,44.0,-89.749,-31.223,-120.972,210.687,192.545,403.232
29.0,6.0,35.0,56.242,-115.235,-58.993,161.176,173.619,334.795
14.0,7.0,21.0,-73.613,46.235,-27.378,152.899,221.347,374.246
24.0,14.0,38.0,-52.781,-255.601,-308.382,159.405,255.601,415.006
29.0,9.0,38.0,-6.976,45.294,38.318,210.258,297.338,507.596
15.0,3.0,18.0,-24.767,-45.016,-69.783,78.499,45.016,123.515
39.0,4.0,43.0,56.782,-38.846,17.936,203.234,38.846,242.08
27.0,1.0,28.0,22.857,-8.438,14.419,142.101,8.438,150.539
40.0,8.0,48.0,-101.95,-122.888,-224.838,242.684,122.888,365.572
14.0,2.0,16.0,10.94,-16.568,-5.628,91.794,16.568,108.362
37.0,5.0,42.0,-42.82,-5.727,-48.547,218.614,76.913,295.527
28.0,2.0,30.0,-9.664,-16.362,-26.026,161.7,16.362,178.062
33.0,2.0,35.0,58.562,-11.969,46.593,166.408,11.969,178.377
22.0,5.0,27.0,20.227,31.168,51.395,117.103,119.798,236.901
28.0,13.0,41.0,-9.297,-249.941,-259.238,155.805,339.977,495.782
29.0,9.0,38.0,-5.732,-204.04,-209.772,188.522,204.04,392.562
42.0,14.0,56.0,-8.494,-112.829,-121.323,296.622,405.393,702.015
32.0,8.0,40.0,-80.301,-69.053,-149.354,286.617,129.643,416.26
13.0,9.0,22.0,-7.559,-23.865,-31.424,111.301,208.471,319.772
30.0,10.0,40.0,9.624,-142.952,-133.328,165.758,142.952,308.71
33.0,6.0,39.0,-32.23,-94.367,-126.597,257.566,94.367,351.933
19.0,13.0,32.0,-3.336,-294.728,-298.064,139.49,294.728,434.218
23.0,3.0,26.0,30.368,-52.799,-22.431,96.938,52.799,149.737
37.0,3.0,40.0,-33.287,-25.021,-58.308,193.685,60.511,254.196
25.0,5.0,30.0,20.616,-34.249,-13.633,124.554,67.513,192.067
55.0,12.0,67.0,40.324,-124.933,-84.609,228.786,164.533,393.319
60.0,16.0,76.0,47.306,-113.967,-66.661,272.4,146.485,418.885
45.0,1.0,46.0,42.271,-5.411,36.86,240.363,5.411,245.774
41.0,4.0,45.0,100.048,-54.958,45.09,187.012,54.958,241.97
53.0,17.0,70.0,59.458,-162.896,-103.438,230.81,218.388,449.198
57.0,14.0,71.0,52.761,-122.197,-69.436,266.605,176.703,443.308
59.0,9.0,68.0,45.627,-114.838,-69.211,328.905,167.378,496.283
65.0,6.0,71.0,103.182,-135.289,-32.107,323.102,135.289,458.391
73.0,1.0,74.0,36.586,-4.651,31.935,354.966,4.651,359.617
55.0,7.0,62.0,41.044,-81.425,-40.381,274.728,143.319,418.047
61.0,24.0,85.0,12.445,-388.328,-375.883,270.661,428.99,699.651
67.0,12.0,79.0,73.502,-217.819,-144.317,298.766,217.819,516.585
80.0,17.0,97.0,50.16,-156.535,-106.375,394.988,193.363,588.351
59.0,13.0,72.0,62.773,-135.923,-73.15,277.691,206.937,484.628
40.0,6.0,46.0,-18.939,-4.549,-23.488,276.109,155.527,431.636
57.0,6.0,63.0,127.315,-21.355,105.96,278.103,57.947,336.05
43.0,5.0,48.0,54.986,-66.774,-11.788,217.526,66.774,284.3
31.0,6.0,37.0,29.345,3.858,33.203,212.001,118.762,330.763
21.0,2.0,23.0,-9.669,12.69,3.021,130.779,24.11,154.889
47.0,11.0,58.0,30.92,-189.785,-158.865,254.058,189.785,443.843
41.0,10.0,51.0,-52.492,-130.723,-183.215,223.428,199.497,422.925
34.0,6.0,40.0,-1.86,-2.084,-3.944,162.66,76.714,239.374
49.0,16.0,65.0,45.131,-272.13,-226.999,271.559,309.152,580.711
44.0,8.0,52.0,-14.061,-102.916,-116.977,236.091,102.916,339.007
47.0,8.0,55.0,112.185,-118.177,-5.992,340.487,149.529,490.016
57.0,14.0,71.0,95.225,-261.237,-166.012,226.051,261.237,487.288
63.0,15.0,78.0,94.081,-194.046,-99.965,282.427,194.046,476.473
48.0,18.0,66.0,-11.247,-218.832,-230.079,141.103,265.208,406.311
83.0,23.0,106.0,47.863,-289.39,-241.527,362.633,320.224,682.857
56.0,8.0,64.0,5.652,-92.228,-86.576,132.418,92.228,224.646
71.0,9.0,80.0,54.657,-98.825,-44.168,237.709,98.825,336.534
70.0,11.0,81.0,-12.39,-118.457,-130.847,227.562,118.457,346.019
48.0,12.0,60.0,-24.808,-131.866,-156.674,130.69,131.866,262.556
81.0,11.0,92.0,20.053,-94.39,-74.337,238.717,126.478,365.195
50.0,3.0,53.0,83.435,-21.658,61.777,187.175,21.658,208.833
81.0,11.0,92.0,156.2,-273.42,-117.22,345.474,338.906,684.38
52.0,7.0,59.0,-27.834,-79.867,-107.701,211.012,79.867,290.879
58.0,10.0,68.0,-56.142,-84.309,-140.451,262.804,224.577,487.381
37.0,4.0,41.0,57.476,-19.485,37.991,92.402,54.125,146.527
45.0,2.0,47.0,10.587,-46.268,-35.681,142.017,46.268,188.285
59.0,2.0,61.0,67.953,-47.173,20.78,206.071,47.173,253.244
42.0,3.0,45.0,-1.3,-52.033,-53.333,144.886,52.033,196.919
49.0,8.0,57.0,61.627,-108.421,-46.794,208.125,108.421,316.546
51.0,5.0,56.0,24.315,-105.089,-80.774,165.877,105.089,270.966
57.0,1.0,58.0,96.788,-24.099,72.689,234.44,24.099,258.539
51.0,7.0,58.0,94.373,-5.753,88.62,187.745,188.663,376.408
45.0,6.0,51.0,39.695,-54.827,-15.132,163.935,85.651,249.586
51.0,1.0,52.0,146.736,-13.933,132.803,161.278,13.933,175.211
67.0,9.0,76.0,15.908,-59.923,-44.015,253.702,105.143,358.845
83.0,3.0,86.0,40.865,-25.339,15.526,245.437,25.339,270.776
55.0,3.0,58.0,49.711,-23.323,26.388,202.827,23.323,226.15
41.0,2.0,43.0,52.264,-12.903,39.361,138.104,12.903,151.007
60.0,7.0,67.0,45.219,-54.799,-9.58,260.529,54.799,315.328
47.0,4.0,51.0,54.536,-33.578,20.958,144.46,33.578,178.038
62.0,7.0,69.0,70.513,-87.057,-16.544,277.249,87.057,364.306
42.0,5.0,47.0,84.286,-43.705,40.581,165.172,43.705,208.877
61.0,5.0,66.0,15.533,-45.742,-30.209,221.213,45.742,266.955
56.0,4.0,60.0,88.432,-25.229,63.203,175.63,25.229,200.859
55.0,6.0,61.0,-16.594,-15.012,-31.606,233.214,49.298,282.512
33.0,1.0,34.0,60.662,19.224,79.886,150.286,19.224,169.51
23.0,2.0,25.0,50.401,-42.575,7.826,89.727,42.575,132.302
16.0,1.0,17.0,-9.252,-6.321,-15.573,68.266,6.321,74.587
22.0,1.0,23.0,40.239,-10.4,29.839,84.149,10.4,94.549
44.0,4.0,48.0,-72.402,-43.364,-115.766,240.646,43.364,284.01
37.0,4.0,41.0,84.707,-37.241,47.466,135.427,37.241,172.668
26.0,2.0,28.0,45.199,-12.271,32.928,101.083,12.271,113.354
30.0,1.0,31.0,64.684,-6.857,57.827,105.55,6.857,112.407
23.0,0.0,23.0,9.387,0.0,9.387,64.227,0.0,64.227
20.0,1.0,21.0,21.527,-5.087,16.44,65.267,5.087,70.354
39.0,3.0,42.0,60.452,-15.007,45.445,114.788,15.007,129.795
41.0,6.0,47.0,29.94,-93.651,-63.711,160.048,152.177,312.225
45.0,4.0,49.0,32.177,-43.659,-11.482,141.441,43.659,185.1
49.0,4.0,53.0,80.244,-53.44,26.804,132.21,53.44,185.65
70.0,5.0,75.0,56.591,-4.836,51.755,232.499,59.194,291.693
85.0,2.0,87.0,14.35,-21.263,-6.913,250.614,21.263,271.877
82.0,4.0,86.0,83.987,-56.091,27.896,250.651,56.091,306.742
89.0,7.0,96.0,117.629,-101.289,16.34,316.601,101.289,417.89
113.0,13.0,126.0,147.316,-208.082,-60.766,370.41,208.082,578.492
107.0,8.0,115.0,130.676,-89.571,41.105,361.216,89.571,450.787
137.0,2.0,139.0,72.542,-42.354,30.188,484.594,42.354,526.948
148.0,8.0,156.0,127.544,-118.534,9.01,485.76,118.534,604.294
137.0,10.0,147.0,4.163,-112.336,-108.173,457.843,112.336,570.179
176.0,11.0,187.0,172.069,-108.34,63.729,485.923,108.34,594.263
142.0,12.0,154.0,84.59,-90.099,-5.509,484.218,90.099,574.317
183.0,4.0,187.0,191.255,-11.19,180.065,664.635,68.532,733.167
174.0,8.0,182.0,193.387,-136.18,57.207,530.241,136.18,666.421
180.0,7.0,187.0,191.186,-70.773,120.413,595.93,70.773,666.703
182.0,9.0,191.0,211.629,-107.015,104.614,622.923,107.015,729.938
167.0,4.0,171.0,214.101,-62.272,151.829,519.763,62.272,582.035
212.0,7.0,219.0,407.889,-88.172,319.717,726.533,88.172,814.705
209.0,3.0,212.0,333.558,-71.635,261.923,666.41,71.635,738.045
210.0,9.0,219.0,261.444,-129.086,132.358,703.56,129.086,832.646
225.0,0.0,225.0,340.135,0.0,340.135,676.233,0.0,676.233
263.0,8.0,271.0,477.723,-57.439,420.284,889.769,117.325,1007.094
210.0,3.0,213.0,257.435,-27.218,230.217,667.521,27.218,694.739
224.0,4.0,228.0,390.728,-64.289,326.439,651.806,64.289,716.095
275.0,17.0,292.0,352.552,-193.245,159.307,883.374,193.245,1076.619
238.0,5.0,243.0,421.981,-24.854,397.127,786.905,86.378,873.283
258.0,12.0,270.0,320.165,-196.813,123.352,780.777,196.813,977.59
242.0,10.0,252.0,431.183,-126.369,304.814,764.283,126.369,890.652
216.0,5.0,221.0,306.291,-34.701,271.59,607.353,34.701,642.054
270.0,13.0,283.0,338.57,-107.311,231.259,875.322,107.311,982.633
245.0,3.0,248.0,407.054,-34.581,372.473,789.052,34.581,823.633
201.0,4.0,205.0,356.302,-69.422,286.88,677.816,69.422,747.238
186.0,9.0,195.0,220.774,-116.503,104.271,620.966,116.503,737.469
218.0,2.0,220.0,343.611,-18.384,325.227,646.051,18.384,664.435
224.0,10.0,234.0,357.285,-91.687,265.598,694.161,91.687,785.848
217.0,17.0,234.0,210.936,-174.359,36.577,694.71,174.359,869.069
222.0,6.0,228.0,463.248,-26.858,436.39,672.442,66.382,738.824
248.0,4.0,252.0,412.815,-50.557,362.258,858.385,50.557,908.942
253.0,10.0,263.0,474.705,-165.183,309.522,869.833,165.183,1035.016
264.0,9.0,273.0,412.641,-95.167,317.474,891.605,95.167,986.772
251.0,15.0,266.0,326.844,-154.809,172.035,875.61,190.063,1065.673
268.0,6.0,274.0,415.994,-84.223,331.771,859.306,84.223,943.529
282.0,9.0,291.0,551.013,-105.227,445.786,970.377,105.227,1075.604
281.0,11.0,292.0,491.471,-151.264,340.207,934.735,151.264,1085.999
325.0,14.0,339.0,404.611,-152.967,251.644,1032.533,152.967,1185.5
293.0,15.0,308.0,524.888,-183.886,341.002,959.49,183.886,1143.376
265.0,6.0,271.0,323.384,-58.904,264.48,906.372,58.904,965.276
271.0,16.0,287.0,401.894,-243.706,158.188,939.04,243.706,1182.746
270.0,21.0,291.0,362.018,-350.79,11.228,864.074,350.79,1214.864
217.0,24.0,241.0,274.649,-302.047,-27.398,719.555,302.047,1021.602
226.0,21.0,247.0,262.546,-271.474,-8.928,816.38,271.474,1087.854
243.0,12.0,255.0,393.013,-103.021,289.992,803.821,103.021,906.842
217.0,9.0,226.0,356.018,-132.343,223.675,727.016,132.343,859.359
254.0,18.0,272.0,371.185,-233.363,137.822,940.451,233.363,1173.814
258.0,9.0,267.0,541.655,-98.68,442.975,889.547,98.68,988.227
252.0,9.0,261.0,426.095,-106.391,319.704,898.723,106.391,1005.114
231.0,22.0,253.0,294.16,-222.765,71.395,843.83,222.765,1066.595
232.0,10.0,242.0,420.335,-154.129,266.206,808.937,154.129,963.066
225.0,12.0,237.0,246.963,-147.451,99.512,814.841,147.451,962.292
235.0,25.0,260.0,347.948,-295.286,52.662,825.024,328.902,1153.926
239.0,17.0,256.0,403.868,-174.887,228.981,791.32,174.887,966.207
221.0,21.0,242.0,258.989,-255.407,3.582,816.973,255.407,1072.38
202.0,22.0,224.0,188.905,-221.686,-32.781,744.041,221.686,965.727
222.0,21.0,243.0,251.903,-239.71,12.193,808.427,239.71,1048.137
193.0,4.0,197.0,390.666,-35.18,355.486,618.556,35.18,653.736
222.0,24.0,246.0,293.17,-353.039,-59.869,784.776,353.039,1137.815
210.0,11.0,221.0,241.801,-23.391,218.41,788.447,180.741,969.188
221.0,10.0,231.0,386.462,-172.535,213.927,743.094,172.535,915.629
257.0,7.0,264.0,548.316,-93.768,454.548,899.418,93.768,993.186
232.0,14.0,246.0,489.823,-187.26,302.563,838.117,187.26,1025.377
277.0,15.0,292.0,474.081,-199.267,274.814,1017.589,199.267,1216.856
264.0,11.0,275.0,444.954,-121.174,323.78,1023.86,121.174,1145.034
244.0,9.0,253.0,525.078,-98.555,426.523,871.75,98.555,970.305
204.0,15.0,219.0,295.626,-229.222,66.404,764.778,229.222,994.0
217.0,16.0,233.0,423.658,-189.179,234.479,851.726,189.179,1040.905
201.0,15.0,216.0,361.465,-157.075,204.39,760.465,157.075,917.54
223.0,16.0,239.0,413.742,-251.365,162.377,860.152,251.365,1111.517
271.0,9.0,280.0,543.416,-112.078,431.338,982.464,112.078,1094.542
254.0,13.0,267.0,364.885,-160.641,204.244,1025.743,160.641,1186.384
232.0,7.0,239.0,413.207,-75.749,337.458,833.931,75.749,909.68
226.0,6.0,232.0,585.986,-79.629,506.357,948.384,79.629,1028.013
272.0,23.0,295.0,499.715,-274.527,225.188,1066.253,274.527,1340.78
226.0,17.0,243.0,312.193,-186.972,125.221,904.335,186.972,1091.307
237.0,13.0,250.0,621.864,-143.901,477.963,935.974,143.901,1079.875
244.0,25.0,269.0,491.485,-321.628,169.857,1016.057,321.628,1337.685
239.0,28.0,267.0,429.771,-315.249,114.522,955.867,315.249,1271.116
200.0,21.0,221.0,185.4,-305.111,-119.711,849.572,305.111,1154.683
244.0,14.0,258.0,496.281,-189.775,306.506,941.775,189.775,1131.55
259.0,20.0,279.0,365.752,-276.994,88.758,1049.228,276.994,1326.222
216.0,35.0,251.0,316.9,-475.659,-158.759,839.366,475.659,1315.025
242.0,31.0,273.0,343.38,-345.291,-1.911,873.87,379.153,1253.023
256.0,11.0,267.0,388.326,-112.737,275.589,957.002,112.737,1069.739
274.0,34.0,308.0,532.312,-464.265,68.047,1086.692,497.331,1584.023
252.0,11.0,263.0,320.089,-164.793,155.296,1111.195,164.793,1275.988
263.0,26.0,289.0,464.045,-335.215,128.83,1027.511,366.775,1394.286
233.0,28.0,261.0,459.218,-310.554,148.664,950.432,341.59,1292.022
213.0,15.0,228.0,397.34,-161.292,236.048,748.282,161.292,909.574
232.0,26.0,258.0,329.097,-291.584,37.513,863.859,291.584,1155.443
204.0,20.0,224.0,337.906,-242.564,95.342,881.594,242.564,1124.158
235.0,15.0,250.0,252.904,-203.9,49.004,927.778,203.9,1131.678
214.0,14.0,228.0,404.414,-152.517,251.897,863.134,186.987,1050.121
242.0,17.0,259.0,444.105,-219.076,225.029,979.193,219.076,1198.269
216.0,19.0,235.0,318.373,-197.136,121.237,832.671,234.118,1066.789
246.0,14.0,260.0,497.59,-180.835,316.755,1023.186,180.835,1204.021
249.0,11.0,260.0,533.028,-90.222,442.806,1055.416,121.176,1176.592
249.0,12.0,261.0,479.918,-178.022,301.896,1047.308,178.022,1225.33
297.0,19.0,316.0,763.291,-281.079,482.212,1270.067,281.079,1551.146
307.0,12.0,319.0,526.34,-174.886,351.454,1416.378,174.886,1591.264
273.0,12.0,285.0,581.564,-98.105,483.459,1257.34,136.245,1393.585
266.0,6.0,272.0,660.721,-72.028,588.693,1166.619,72.028,1238.647
318.0,21.0,339.0,616.636,-278.647,337.989,1468.38,278.647,1747.027
291.0,17.0,308.0,711.627,-138.795,572.832,1289.925,220.125,1510.05
283.0,22.0,305.0,535.787,-277.401,258.386,1134.823,277.401,1412.224
248.0,25.0,273.0,504.443,-357.004,147.439,1092.607,357.004,1449.611
307.0,27.0,334.0,444.74,-292.994,151.746,1270.574,292.994,1563.568
258.0,12.0,270.0,587.406,-139.663,447.743,1117.076,139.663,1256.739
268.0,21.0,289.0,643.271,-267.969,375.302,1135.461,300.051,1435.512
213.0,29.0,242.0,337.612,-404.041,-66.429,878.112,404.041,1282.153
211.0,24.0,235.0,434.296,-296.988,137.308,973.378,296.988,1270.366
248.0,22.0,270.0,447.563,-275.283,172.28,1058.497,275.283,1333.78
248.0,16.0,264.0,461.403,-170.856,290.547,1021.215,170.856,1192.071
264.0,10.0,274.0,684.321,-94.088,590.233,1176.707,94.088,1270.795
257.0,10.0,267.0,622.378,-131.656,490.722,1088.412,131.656,1220.068
257.0,13.0,270.0,502.161,-166.854,335.307,1083.851,166.854,1250.705
235.0,23.0,258.0,560.875,-327.822,233.053,1030.177,327.822,1357.999
226.0,27.0,253.0,375.933,-386.759,-10.826,958.047,386.759,1344.806
255.0,22.0,277.0,556.165,-225.992,330.173,1068.511,260.408,1328.919
225.0,33.0,258.0,435.302,-559.449,-124.147,866.732,559.449,1426.181
257.0,33.0,290.0,477.777,-467.888,9.889,1141.725,467.888,1609.613
259.0,24.0,283.0,477.957,-290.157,187.8,1155.077,320.281,1475.358
233.0,9.0,242.0,499.022,-127.084,371.938,965.214,127.084,1092.298
247.0,16.0,263.0,508.216,-199.569,308.647,1050.124,199.569,1249.693
229.0,13.0,242.0,459.71,-174.181,285.529,966.436,174.181,1140.617
280.0,22.0,302.0,551.77,-241.527,310.243,1085.996,272.135,1358.131
237.0,10.0,247.0,515.386,-125.22,390.166,1032.922,125.22,1158.142
240.0,7.0,247.0,575.558,-78.028,497.53,1020.898,78.028,1098.926
208.0,12.0,220.0,385.689,-110.786,274.903,880.185,218.788,1098.973
227.0,17.0,244.0,452.971,-168.356,284.615,1077.715,168.356,1246.071
223.0,10.0,233.0,502.591,-175.642,326.949,924.333,175.642,1099.975
196.0,17.0,213.0,566.81,-248.585,318.225,839.704,248.585,1088.289
207.0,14.0,221.0,477.379,-128.589,348.79,869.773,128.589,998.362
160.0,14.0,174.0,331.854,-201.298,130.556,616.314,201.298,817.612
207.0,18.0,225.0,310.535,-227.82,82.715,890.869,227.82,1118.689
213.0,14.0,227.0,393.467,-209.783,183.684,923.811,209.783,1133.594
230.0,16.0,246.0,482.329,-225.049,257.28,948.409,225.049,1173.458
210.0,19.0,229.0,414.819,-264.682,150.137,823.119,264.682,1087.801
165.0,17.0,182.0,316.507,-216.448,100.059,699.651,216.448,916.099
221.0,22.0,243.0,469.609,-332.939,136.67,945.721,332.939,1278.66
198.0,11.0,209.0,363.797,-128.103,235.694,810.091,128.103,938.194
196.0,15.0,211.0,344.5,-222.62,121.88,887.954,222.62,1110.574
212.0,10.0,222.0,389.909,-119.268,270.641,919.931,119.268,1039.199
205.0,24.0,229.0,316.421,-324.009,-7.588,892.765,324.009,1216.774
204.0,14.0,218.0,548.609,-217.311,331.298,882.853,217.311,1100.164
183.0,19.0,202.0,336.184,-270.171,66.013,716.124,270.171,986.295
175.0,8.0,183.0,374.76,-119.278,255.482,721.06,119.278,840.338
232.0,12.0,244.0,477.05,-176.082,300.968,943.634,176.082,1119.716
206.0,16.0,222.0,388.496,-326.159,62.337,923.906,326.159,1250.065
209.0,17.0,226.0,439.218,-213.357,225.861,882.754,213.357,1096.111
237.0,17.0,254.0,437.668,-239.441,198.227,1019.446,239.441,1258.887
280.0,18.0,298.0,531.983,-241.184,290.799,1220.409,241.184,1461.593
271.0,13.0,284.0,515.105,-191.895,323.21,1191.063,191.895,1382.958
309.0,15.0,324.0,753.538,-210.985,542.553,1330.95,247.197,1578.147
323.0,21.0,344.0,668.28,-172.492,495.788,1507.872,268.44,1776.312
347.0,31.0,378.0,796.887,-408.655,388.232,1613.735,408.655,2022.39
335.0,14.0,349.0,746.656,-142.555,604.101,1481.688,175.345,1657.033
353.0,26.0,379.0,802.638,-295.125,507.513,1700.758,334.125,2034.883
329.0,28.0,357.0,705.789,-413.743,292.046,1584.699,459.225,2043.924
353.0,31.0,384.0,595.498,-532.36,63.138,1745.27,532.36,2277.63
373.0,22.0,395.0,910.215,-339.649,570.566,1863.313,339.649,2202.962
337.0,18.0,355.0,676.55,-202.63,473.92,1622.588,202.63,1825.218
353.0,25.0,378.0,786.823,-300.501,486.322,1884.333,366.239,2250.572
348.0,42.0,390.0,461.992,-604.101,-142.109,1812.588,635.171,2447.759
401.0,42.0,443.0,953.232,-565.46,387.772,2004.134,565.46,2569.594
413.0,24.0,437.0,797.896,-300.375,497.521,2038.068,300.375,2338.443
426.0,34.0,460.0,954.369,-602.136,352.233,2189.805,602.136,2791.941
353.0,32.0,385.0,672.007,-289.79,382.217,1741.849,558.036,2299.885
353.0,31.0,384.0,687.779,-307.961,379.818,1728.635,506.967,2235.602
368.0,30.0,398.0,785.175,-488.94,296.235,1922.233,522.964,2445.197
248.0,31.0,279.0,707.547,-466.777,240.77,1268.683,498.331,1767.014
242.0,22.0,264.0,702.061,-245.97,456.091,1322.463,276.588,1599.051
228.0,22.0,250.0,383.123,-202.356,180.767,1208.939,324.424,1533.363
262.0,22.0,284.0,399.185,-282.849,116.336,1320.483,282.849,1603.332
238.0,24.0,262.0,395.639,-305.77,89.869,1108.201,305.77,1413.971
217.0,19.0,236.0,390.432,-170.042,220.39,955.128,252.904,1208.032
212.0,20.0,232.0,320.229,-239.669,80.56,925.119,239.669,1164.788
220.0,28.0,248.0,394.799,-477.445,-82.646,1121.579,477.445,1599.024
195.0,6.0,201.0,384.851,-51.273,333.578,948.889,51.273,1000.162
226.0,22.0,248.0,462.426,-297.241,165.185,1069.978,297.241,1367.219
230.0,24.0,254.0,394.701,-276.12,118.581,1048.549,308.758,1357.307
241.0,17.0,258.0,478.931,-215.645,263.286,1104.437,261.483,1365.92
191.0,23.0,214.0,311.941,-385.083,-73.142,857.901,385.083,1242.984
194.0,23.0,217.0,303.357,-267.572,35.785,892.895,267.572,1160.467
218.0,10.0,228.0,380.649,-238.733,141.916,1074.457,238.733,1313.19
175.0,9.0,184.0,324.497,-79.026,245.471,773.211,79.026,852.237
155.0,12.0,167.0,254.434,-150.466,103.968,723.52,150.466,873.986
187.0,15.0,202.0,382.705,-221.891,160.814,879.303,253.743,1133.046
161.0,8.0,169.0,355.83,-87.971,267.859,783.93,123.633,907.563
182.0,18.0,200.0,229.845,-215.738,14.107,820.633,215.738,1036.371
166.0,11.0,177.0,289.475,-210.926,78.549,834.903,210.926,1045.829
138.0,33.0,171.0,84.922,-501.661,-416.739,633.95,501.661,1135.611
162.0,24.0,186.0,257.8,-288.167,-30.367,802.726,288.167,1090.893
135.0,14.0,149.0,263.468,-167.513,95.955,629.518,167.513,797.031
149.0,21.0,170.0,177.907,-311.463,-133.556,690.575,311.463,1002.038
135.0,12.0,147.0,255.804,-222.26,33.544,628.704,222.26,850.964
130.0,21.0,151.0,147.678,-293.762,-146.084,610.032,334.644,944.676
140.0,11.0,151.0,309.168,-147.57,161.598,649.646,147.57,797.216
115.0,10.0,125.0,172.967,-155.208,17.759,500.753,155.208,655.961
137.0,19.0,156.0,300.278,-153.193,147.085,643.74,241.793,885.533
148.0,9.0,157.0,284.805,-96.208,188.597,722.861,96.208,819.069
147.0,15.0,162.0,270.845,-178.755,92.09,719.295,178.755,898.05
138.0,18.0,156.0,261.616,-243.092,18.524,632.946,243.092,876.038
152.0,18.0,170.0,317.498,-209.952,107.546,745.758,262.054,1007.812
166.0,20.0,186.0,319.016,-235.187,83.829,818.954,235.187,1054.141
182.0,19.0,201.0,199.835,-220.252,-20.417,893.139,220.252,1113.391
197.0,27.0,224.0,169.105,-309.607,-140.502,942.131,309.607,1251.738
173.0,14.0,187.0,292.036,-186.259,105.777,762.818,186.259,949.077
187.0,13.0,200.0,278.347,-139.655,138.692,877.401,198.443,1075.844
178.0,19.0,197.0,269.89,-267.23,2.66,812.452,267.23,1079.682
250.0,14.0,264.0,562.625,-165.016,397.609,1123.415,165.016,1288.431
212.0,20.0,232.0,404.265,-242.286,161.979,940.509,273.916,1214.425
224.0,20.0,244.0,544.367,-306.95,237.417,1064.035,306.95,1370.985
211.0,15.0,226.0,527.717,-119.692,408.025,946.655,209.106,1155.761
183.0,21.0,204.0,360.54,-254.13,106.41,871.952,254.13,1126.082
186.0,14.0,200.0,246.583,-184.203,62.38,841.777,214.461,1056.238
189.0,25.0,214.0,357.753,-418.165,-60.412,879.977,418.165,1298.142
120.0,24.0,144.0,106.511,-305.215,-198.704,566.815,305.215,872.03
121.0,20.0,141.0,167.736,-302.592,-134.856,544.7,302.592,847.292
127.0,25.0,152.0,100.388,-301.105,-200.717,524.688,301.105,825.793
109.0,24.0,133.0,220.459,-363.325,-142.866,501.271,363.325,864.596
142.0,15.0,157.0,302.197,-160.413,141.784,619.431,193.399,812.83
168.0,21.0,189.0,405.021,-260.51,144.511,772.495,260.51,1033.005
139.0,32.0,171.0,189.07,-366.582,-177.512,676.776,404.524,1081.3
120.0,14.0,134.0,117.771,-158.03,-40.259,499.023,195.876,694.899
98.0,17.0,115.0,48.188,-170.431,-122.243,436.446,170.431,606.877
67.0,19.0,86.0,33.341,-153.456,-120.115,234.213,186.196,420.409
43.0,12.0,55.0,18.833,-94.201,-75.368,129.343,94.201,223.544
64.0,7.0,71.0,36.026,-64.523,-28.497,208.692,64.523,273.215
68.0,16.0,84.0,35.219,-125.215,-89.996,261.269,125.215,386.484
44.0,9.0,53.0,-13.039,-95.024,-108.063,172.873,95.024,267.897
53.0,14.0,67.0,45.974,-112.1,-66.126,173.242,112.1,285.342
57.0,7.0,64.0,35.042,-56.635,-21.593,228.862,56.635,285.497
44.0,11.0,55.0,42.208,-108.637,-66.429,146.678,108.637,255.315
50.0,3.0,53.0,30.126,-32.801,-2.675,164.57,32.801,197.371
52.0,5.0,57.0,43.947,-39.647,4.3,172.791,39.647,212.438
57.0,7.0,64.0,42.031,-59.905,-17.874,205.505,59.905,265.41
53.0,14.0,67.0,-10.921,-143.831,-154.752,199.729,143.831,343.56
56.0,11.0,67.0,68.431,-116.172,-47.741,186.959,116.172,303.131
70.0,4.0,74.0,142.9,-31.06,111.84,274.668,31.06,305.728
49.0,11.0,60.0,45.305,-100.611,-55.306,213.005,100.611,313.616
43.0,7.0,50.0,15.351,-64.928,-49.577,169.063,64.928,233.991
56.0,9.0,65.0,32.964,-65.205,-32.241,217.732,65.205,282.937
46.0,15.0,61.0,-12.739,-185.603,-198.342,203.117,185.603,388.72
56.0,5.0,61.0,1.372,-54.863,-53.491,223.34,54.863,278.203
56.0,11.0,67.0,12.692,-115.217,-102.525,218.752,115.217,333.969
48.0,7.0,55.0,79.954,-87.135,-7.181,193.724,87.135,280.859
47.0,17.0,64.0,49.072,-173.981,-124.909,206.416,173.981,380.397
59.0,14.0,73.0,53.524,-160.153,-106.629,225.278,160.153,385.431
43.0,4.0,47.0,17.139,-49.42,-32.281,167.909,49.42,217.329
44.0,2.0,46.0,108.091,-9.847,98.244,210.797,9.847,220.644
34.0,5.0,39.0,34.476,-41.233,-6.757,122.822,41.233,164.055
28.0,3.0,31.0,16.584,-24.541,-7.957,110.758,24.541,135.299
48.0,5.0,53.0,102.019,-57.952,44.067,195.731,57.952,253.683
30.0,5.0,35.0,50.67,-45.771,4.899,112.066,45.771,157.837
26.0,5.0,31.0,18.597,-42.157,-23.56,132.213,42.157,174.37
24.0,7.0,31.0,15.282,-70.78,-55.498,81.876,70.78,152.656
34.0,12.0,46.0,60.561,-129.011,-68.45,114.651,129.011,243.662
28.0,9.0,37.0,39.389,-46.265,-6.876,119.259,95.035,214.294
42.0,6.0,48.0,67.204,-43.544,23.66,163.414,43.544,206.958
45.0,11.0,56.0,61.53,-95.443,-33.913,166.17,95.443,261.613
42.0,8.0,50.0,29.243,-86.731,-57.488,150.617,86.731,237.348
42.0,10.0,52.0,37.894,-90.09,-52.196,133.846,90.09,223.936
32.0,7.0,39.0,24.23,-71.269,-47.039,133.044,71.269,204.313
24.0,7.0,31.0,49.029,-82.512,-33.483,108.789,82.512,191.301
62.0,6.0,68.0,143.809,-32.723,111.086,262.439,68.167,330.606
39.0,13.0,52.0,-34.711,-188.703,-223.414,182.357,188.703,371.06
53.0,19.0,72.0,29.12,-235.762,-206.642,239.042,235.762,474.804
47.0,15.0,62.0,18.957,-231.024,-212.067,207.245,231.024,438.269
70.0,17.0,87.0,5.686,-184.231,-178.545,284.236,184.231,468.467
42.0,7.0,49.0,32.107,-68.924,-36.817,154.387,68.924,223.311
53.0,7.0,60.0,5.02,-47.216,-42.196,211.764,86.772,298.536
46.0,15.0,61.0,97.181,-173.449,-76.268,188.849,173.449,362.298
64.0,14.0,78.0,126.662,-107.488,19.174,247.226,138.264,385.49
59.0,11.0,70.0,146.682,-32.525,114.157,259.134,162.227,421.361
69.0,14.0,83.0,172.072,-151.695,20.377,282.718,151.695,434.413
72.0,6.0,78.0,109.504,-78.205,31.299,241.332,78.205,319.537
72.0,11.0,83.0,63.349,-172.316,-108.967,300.005,172.316,472.321
86.0,7.0,93.0,184.936,-82.396,102.54,305.572,82.396,387.968
131.0,14.0,145.0,246.867,-213.65,33.217,476.367,213.65,690.017
108.0,6.0,114.0,147.688,-58.778,88.91,398.544,58.778,457.322
118.0,9.0,127.0,172.461,-88.297,84.164,419.859,88.297,508.156
126.0,18.0,144.0,143.153,-231.722,-88.569,488.235,231.722,719.957
106.0,6.0,112.0,159.792,-70.591,89.201,402.458,70.591,473.049
117.0,8.0,125.0,160.435,-84.634,75.801,419.175,84.634,503.809
119.0,19.0,138.0,261.912,-202.22,59.692,419.422,202.22,621.642
124.0,9.0,133.0,101.565,-115.544,-13.979,433.491,115.544,549.035
126.0,11.0,137.0,223.045,-108.177,114.868,558.083,140.725,698.808
173.0,23.0,196.0,296.953,-308.774,-11.821,761.753,308.774,1070.527
138.0,8.0,146.0,139.293,-107.767,31.526,580.163,107.767,687.93
196.0,10.0,206.0,208.385,-89.293,119.092,937.223,160.829,1098.052
187.0,11.0,198.0,391.512,-154.51,237.002,849.492,154.51,1004.002
191.0,9.0,200.0,340.198,-59.359,280.839,809.544,128.965,938.509
189.0,18.0,207.0,272.966,-215.193,57.773,885.74,215.193,1100.933
159.0,19.0,178.0,258.775,-247.88,10.895,708.103,247.88,955.983
155.0,15.0,170.0,286.688,-151.498,135.19,680.804,182.968,863.772
139.0,4.0,143.0,305.704,-48.71,256.994,552.288,48.71,600.998
155.0,3.0,158.0,357.519,-34.424,323.095,616.645,34.424,651.069
163.0,4.0,167.0,450.571,-31.641,418.93,629.547,31.641,661.188
163.0,8.0,171.0,392.895,-116.338,276.557,636.955,116.338,753.293
148.0,11.0,159.0,266.587,-143.014,123.573,608.357,143.014,751.371
164.0,3.0,167.0,339.706,22.361,362.067,626.942,41.559,668.501
127.0,8.0,135.0,135.604,-103.333,32.271,594.58,103.333,697.913
107.0,6.0,113.0,167.903,-54.175,113.728,408.941,54.175,463.116
115.0,12.0,127.0,178.559,-160.542,18.017,537.985,160.542,698.527
136.0,5.0,141.0,315.466,-57.457,258.009,590.584,57.457,648.041
124.0,7.0,131.0,335.474,-36.326,299.148,536.902,105.326,642.228
123.0,1.0,124.0,367.839,-9.169,358.67,492.039,9.169,501.208
122.0,5.0,127.0,166.874,-59.475,107.399,520.112,59.475,579.587
133.0,8.0,141.0,375.887,-52.165,323.722,579.595,128.453,708.048
134.0,6.0,140.0,213.663,-52.385,161.278,471.637,52.385,524.022
119.0,10.0,129.0,236.898,-170.197,66.701,448.298,170.197,618.495
152.0,14.0,166.0,300.419,-178.915,121.504,649.403,178.915,828.318
152.0,13.0,165.0,368.609,-208.135,160.474,649.015,208.135,857.15
140.0,6.0,146.0,267.258,-77.128,190.13,591.256,77.128,668.384
178.0,9.0,187.0,438.359,-100.663,337.696,731.567,100.663,832.23
189.0,4.0,193.0,453.674,-56.66,397.014,887.332,56.66,943.992
183.0,3.0,186.0,509.788,-49.47,460.318,773.462,49.47,822.932
169.0,5.0,174.0,353.392,7.341,360.733,791.176,70.027,861.203
176.0,10.0,186.0,411.527,-172.93,238.597,773.571,172.93,946.501
168.0,6.0,174.0,486.677,-112.861,373.816,722.665,112.861,835.526
178.0,15.0,193.0,386.453,-233.531,152.922,829.065,233.531,1062.596
199.0,14.0,213.0,499.765,-139.233,360.532,867.809,195.983,1063.792
222.0,8.0,230.0,537.296,-75.396,461.9,978.262,106.066,1084.328
167.0,10.0,177.0,405.67,-94.222,311.448,711.992,136.306,848.298
160.0,11.0,171.0,453.549,-170.732,282.817,755.011,170.732,925.743
105.0,6.0,111.0,196.766,-64.538,132.228,468.728,64.538,533.266
129.0,22.0,151.0,149.233,-309.626,-160.393,564.185,309.626,873.811
113.0,7.0,120.0,324.409,-99.045,225.364,519.613,99.045,618.658
112.0,6.0,118.0,290.928,-8.155,282.773,526.314,79.659,605.973
125.0,12.0,137.0,252.395,-172.296,80.099,573.857,172.296,746.153
117.0,6.0,123.0,265.919,-94.954,170.965,501.969,94.954,596.923
122.0,11.0,133.0,289.14,-154.693,134.447,546.752,154.693,701.445
111.0,6.0,117.0,417.683,-79.167,338.516,533.155,79.167,612.322
135.0,21.0,156.0,249.405,-258.792,-9.387,593.495,258.792,852.287
102.0,12.0,114.0,205.284,-66.872,138.412,443.018,169.336,612.354
132.0,8.0,140.0,251.569,-82.559,169.01,510.921,82.559,593.48
118.0,10.0,128.0,315.366,-159.231,156.135,602.252,159.231,761.483
95.0,9.0,104.0,243.468,-61.318,182.15,433.918,91.708,525.626
95.0,16.0,111.0,215.815,-204.479,11.336,437.465,250.191,687.656
90.0,11.0,101.0,218.309,-170.665,47.644,389.687,170.665,560.352
82.0,9.0,91.0,192.75,-174.839,17.911,326.466,174.839,501.305
66.0,2.0,68.0,220.213,-33.092,187.121,290.803,33.092,323.895
105.0,16.0,121.0,132.896,-217.156,-84.26,441.424,217.156,658.58
72.0,4.0,76.0,100.48,-37.019,63.461,348.49,37.019,385.509
82.0,8.0,90.0,111.033,-151.052,-40.019,372.137,151.052,523.189
63.0,4.0,67.0,139.108,-68.438,70.67,258.376,68.438,326.814
71.0,11.0,82.0,140.358,-123.886,16.472,295.022,123.886,418.908
69.0,2.0,71.0,117.925,-30.26,87.665,276.429,30.26,306.689
86.0,6.0,92.0,205.683,-64.545,141.138,362.915,64.545,427.46
73.0,8.0,81.0,189.339,-101.144,88.195,311.179,101.144,412.323
97.0,2.0,99.0,265.886,12.23,278.116,389.206,22.432,411.638
77.0,1.0,78.0,208.968,-8.511,200.457,283.188,8.511,291.699
98.0,16.0,114.0,243.155,-213.089,30.066,393.583,213.089,606.672
77.0,3.0,80.0,138.958,-41.886,97.072,333.444,41.886,375.33
58.0,0.0,58.0,167.179,0.0,167.179,226.933,0.0,226.933
65.0,4.0,69.0,109.457,-1.786,107.671,309.187,77.844,387.031
68.0,2.0,70.0,150.598,-28.596,122.002,297.698,28.596,326.294
57.0,3.0,60.0,163.621,6.231,169.852,239.885,46.467,286.352
58.0,3.0,61.0,170.307,-73.238,97.069,242.321,73.238,315.559
43.0,3.0,46.0,33.561,-32.416,1.145,188.485,32.416,220.901
44.0,0.0,44.0,113.666,0.0,113.666,201.518,0.0,201.518
54.0,6.0,60.0,129.219,-41.815,87.404,234.759,80.057,314.816
43.0,0.0,43.0,39.121,0.0,39.121,171.495,0.0,171.495
44.0,4.0,48.0,85.563,-69.097,16.466,177.587,69.097,246.684
32.0,2.0,34.0,74.483,-50.15,24.333,152.183,50.15,202.333
45.0,2.0,47.0,192.328,-33.23,159.098,269.884,33.23,303.114
33.0,12.0,45.0,102.384,-151.853,-49.469,149.382,151.853,301.235
25.0,2.0,27.0,103.462,-21.265,82.197,161.622,21.265,182.887
44.0,10.0,54.0,91.191,-141.856,-50.665,249.891,141.856,391.747
42.0,2.0,44.0,101.537,-14.674,86.863,169.903,14.674,184.577
28.0,0.0,28.0,78.587,0.0,78.587,129.285,0.0,129.285
45.0,3.0,48.0,64.223,-6.511,57.712,233.151,54.561,287.712
22.0,0.0,22.0,69.796,0.0,69.796,82.906,0.0,82.906
42.0,14.0,56.0,51.358,-195.193,-143.835,187.848,195.193,383.041
30.0,1.0,31.0,101.079,-18.046,83.033,127.871,18.046,145.917
28.0,2.0,30.0,51.134,25.647,76.781,132.846,44.587,177.433
26.0,2.0,28.0,99.483,-15.77,83.713,133.685,15.77,149.455
49.0,8.0,57.0,134.637,-88.587,46.05,242.533,88.587,331.12
30.0,3.0,33.0,49.95,-31.999,17.951,144.58,31.999,176.579
18.0,3.0,21.0,37.409,-45.597,-8.188,75.599,45.597,121.196
29.0,2.0,31.0,44.503,-11.901,32.602,113.339,11.901,125.24
23.0,2.0,25.0,89.785,-18.959,70.826,106.049,18.959,125.008
10.0,0.0,10.0,41.344,0.0,41.344,44.334,0.0,44.334
24.0,1.0,25.0,71.346,-7.899,63.447,100.474,7.899,108.373
31.0,3.0,34.0,67.246,-39.212,28.034,162.066,39.212,201.278
13.0,2.0,15.0,14.276,-28.302,-14.026,44.254,28.302,72.556
23.0,1.0,24.0,54.509,-12.328,42.181,103.083,12.328,115.411
8.0,3.0,11.0,4.019,-24.214,-20.195,34.819,24.214,59.033
26.0,0.0,26.0,37.765,0.0,37.765,120.061,0.0,120.061
18.0,1.0,19.0,34.456,-6.245,28.211,91.808,6.245,98.053
21.0,2.0,23.0,53.706,-28.224,25.482,106.558,28.224,134.782
19.0,0.0,19.0,29.815,0.0,29.815,95.071,0.0,95.071
43.0,2.0,45.0,-42.408,-17.349,-59.757,233.776,17.349,251.125
18.0,1.0,19.0,21.291,17.045,38.336,73.457,17.045,90.502
38.0,2.0,40.0,66.921,-11.915,55.006,166.821,11.915,178.736
43.0,0.0,43.0,34.862,0.0,34.862,195.418,0.0,195.418
23.0,0.0,23.0,58.961,0.0,58.961,107.969,0.0,107.969
40.0,7.0,47.0,86.809,-59.496,27.313,214.007,92.564,306.571
20.0,3.0,23.0,43.635,-71.413,-27.778,83.163,71.413,154.576
30.0,0.0,30.0,77.42,0.0,77.42,138.944,0.0,138.944
23.0,0.0,23.0,67.275,0.0,67.275,120.391,0.0,120.391
22.0,9.0,31.0,43.715,-97.903,-54.188,131.667,97.903,229.57
19.0,3.0,22.0,63.142,-41.0,22.142,106.896,41.0,147.896
41.0,2.0,43.0,70.879,-28.109,42.77,181.595,28.109,209.704
26.0,0.0,26.0,70.169,0.0,70.169,115.159,0.0,115.159
24.0,6.0,30.0,57.387,-59.422,-2.035,94.615,59.422,154.037
26.0,4.0,30.0,49.625,-132.36,-82.735,134.807,132.36,267.167
13.0,3.0,16.0,29.416,-44.347,-14.931,55.162,44.347,99.509
20.0,2.0,22.0,43.515,-18.778,24.737,76.185,18.778,94.963
22.0,0.0,22.0,33.424,0.0,33.424,122.96,0.0,122.96
24.0,0.0,24.0,54.287,0.0,54.287,80.911,0.0,80.911
13.0,0.0,13.0,40.614,0.0,40.614,54.154,0.0,54.154
16.0,3.0,19.0,25.887,-32.95,-7.063,65.899,32.95,98.849
18.0,1.0,19.0,1.152,-18.846,-17.694,66.34,18.846,85.186
18.0,1.0,19.0,46.402,-10.519,35.883,96.872,10.519,107.391
13.0,2.0,15.0,42.266,-28.313,13.953,74.936,28.313,103.249
22.0,2.0,24.0,51.908,-22.435,29.473,92.606,22.435,115.041
19.0,4.0,23.0,52.482,-53.994,-1.512,92.534,53.994,146.528
18.0,3.0,21.0,46.572,-44.045,2.527,73.692,44.045,117.737
15.0,3.0,18.0,-41.738,60.972,19.234,104.542,118.12,222.662
32.0,4.0,36.0,41.732,-42.429,-0.697,129.402,42.429,171.831
19.0,4.0,23.0,51.844,-100.105,-48.261,94.502,100.105,194.607
11.0,1.0,12.0,5.432,-11.968,-6.536,42.512,11.968,54.48
21.0,3.0,24.0,50.581,-31.357,19.224,88.113,31.357,119.47
22.0,3.0,25.0,21.332,-50.441,-29.109,97.72,50.441,148.161
23.0,3.0,26.0,30.225,-38.931,-8.706,76.929,38.931,115.86
16.0,2.0,18.0,34.439,-36.745,-2.306,59.667,36.745,96.412
19.0,0.0,19.0,6.939,0.0,6.939,76.197,0.0,76.197
44.0,1.0,45.0,16.334,-13.735,2.599,174.736,13.735,188.471
29.0,0.0,29.0,16.447,0.0,16.447,111.161,0.0,111.161
18.0,0.0,18.0,38.964,0.0,38.964,63.464,0.0,63.464
26.0,2.0,28.0,64.489,-17.443,47.046,94.777,17.443,112.22
32.0,0.0,32.0,52.349,0.0,52.349,136.581,0.0,136.581
34.0,1.0,35.0,25.126,-5.774,19.352,156.268,5.774,162.042
37.0,10.0,47.0,89.977,-116.284,-26.307,167.557,116.284,283.841
42.0,1.0,43.0,74.889,-8.301,66.588,160.743,8.301,169.044
36.0,2.0,38.0,70.144,-34.534,35.61,136.132,34.534,170.666
34.0,4.0,38.0,92.358,6.638,98.996,130.262,64.458,194.72
27.0,1.0,28.0,41.987,-11.307,30.68,98.303,11.307,109.61
35.0,0.0,35.0,69.843,0.0,69.843,133.423,0.0,133.423
31.0,1.0,32.0,78.34,-8.319,70.021,145.972,8.319,154.291
29.0,2.0,31.0,35.811,-36.97,-1.159,96.447,36.97,133.417
15.0,3.0,18.0,39.614,-51.085,-11.471,77.632,51.085,128.717
32.0,3.0,35.0,62.831,-17.708,45.123,103.079,50.576,153.655
24.0,0.0,24.0,36.702,0.0,36.702,104.018,0.0,104.018
36.0,3.0,39.0,60.393,-50.73,9.663,149.491,50.73,200.221
28.0,6.0,34.0,60.707,-88.789,-28.082,90.173,88.789,178.962
33.0,2.0,35.0,58.188,-51.366,6.822,162.094,51.366,213.46
27.0,1.0,28.0,52.857,-10.064,42.793,87.383,10.064,97.447
33.0,2.0,35.0,48.356,-90.981,-42.625,115.492,90.981,206.473
24.0,0.0,24.0,71.424,0.0,71.424,98.37,0.0,98.37
26.0,1.0,27.0,87.415,-13.074,74.341,124.961,13.074,138.035
23.0,0.0,23.0,79.725,0.0,79.725,128.415,0.0,128.415
6.0,0.0,6.0,37.534,0.0,37.534,43.654,0.0,43.654
30.0,2.0,32.0,72.332,-30.302,42.03,168.002,30.302,198.304
13.0,6.0,19.0,48.369,-31.864,16.505,57.623,71.28,128.903
21.0,0.0,21.0,82.537,0.0,82.537,88.003,0.0,88.003
20.0,0.0,20.0,49.921,0.0,49.921,105.395,0.0,105.395
27.0,8.0,35.0,52.668,-179.145,-126.477,114.0,179.145,293.145
12.0,3.0,15.0,34.329,-29.529,4.8,48.237,29.529,77.766
15.0,1.0,16.0,58.112,-4.934,53.178,69.576,4.934,74.51
20.0,1.0,21.0,51.639,-29.538,22.101,99.679,29.538,129.217
12.0,0.0,12.0,38.532,0.0,38.532,59.54,0.0,59.54
13.0,1.0,14.0,43.317,-17.686,25.631,48.713,17.686,66.399
16.0,0.0,16.0,64.423,0.0,64.423,68.267,0.0,68.267
22.0,1.0,23.0,2.709,-9.361,-6.652,86.413,9.361,95.774
23.0,0.0,23.0,66.544,0.0,66.544,105.06,0.0,105.06
19.0,0.0,19.0,31.74,0.0,31.74,73.26,0.0,73.26
34.0,0.0,34.0,45.889,0.0,45.889,122.061,0.0,122.061
18.0,3.0,21.0,39.59,-32.013,7.577,132.062,32.013,164.075
24.0,2.0,26.0,104.389,-16.327,88.062,144.619,16.327,160.946
12.0,3.0,15.0,51.02,-40.037,10.983,51.02,40.037,91.057
9.0,2.0,11.0,35.243,-22.787,12.456,46.137,22.787,68.924
19.0,0.0,19.0,63.469,0.0,63.469,86.945,0.0,86.945
15.0,3.0,18.0,51.901,-77.432,-25.531,55.617,77.432,133.049
18.0,4.0,22.0,30.555,-34.83,-4.275,75.111,34.83,109.941
16.0,1.0,17.0,11.143,-9.388,1.755,63.579,9.388,72.967
10.0,0.0,10.0,17.137,0.0,17.137,26.337,0.0,26.337
14.0,2.0,16.0,8.152,-32.517,-24.365,46.698,32.517,79.215
12.0,2.0,14.0,-12.646,-37.055,-49.701,76.924,37.055,113.979
10.0,1.0,11.0,62.664,-18.758,43.906,62.664,18.758,81.422
9.0,1.0,10.0,41.59,-13.797,27.793,53.23,13.797,67.027
11.0,1.0,12.0,6.78,-8.695,-1.915,39.634,8.695,48.329
2.0,0.0,2.0,4.145,0.0,4.145,4.145,0.0,4.145
9.0,1.0,10.0,27.921,-67.528,-39.607,36.481,67.528,104.009
6.0,0.0,6.0,-10.955,0.0,-10.955,28.093,0.0,28.093
9.0,3.0,12.0,2.173,-38.754,-36.581,52.475,38.754,91.229
6.0,0.0,6.0,35.092,0.0,35.092,45.758,0.0,45.758
1.0,0.0,1.0,5.185,0.0,5.185,5.185,0.0,5.185
4.0,0.0,4.0,12.392,0.0,12.392,27.552,0.0,27.552
3.0,0.0,3.0,12.224,0.0,12.224,21.668,0.0,21.668
6.0,1.0,7.0,1.274,-15.439,-14.165,17.212,15.439,32.651
1.0,0.0,1.0,10.891,0.0,10.891,10.891,0.0,10.891
4.0,0.0,4.0,19.146,0.0,19.146,19.146,0.0,19.146
6.0,0.0,6.0,10.264,0.0,10.264,23.748,0.0,23.748
3.0,0.0,3.0,23.998,0.0,23.998,33.402,0.0,33.402
3.0,1.0,4.0,8.151,-10.163,-2.012,17.103,10.163,27.266
10.0,3.0,13.0,8.916,-72.945,-64.029,39.066,72.945,112.011
0.0,0.0,0.0,0.0,0.0,0.0,0.0,0.0,0.0
6.0,0.0,6.0,21.462,0.0,21.462,21.462,0.0,21.462
8.0,0.0,8.0,4.945,0.0,4.945,35.409,0.0,35.409
1.0,1.0,2.0,8.264,-11.062,-2.798,8.264,11.062,19.326
8.0,0.0,8.0,39.693,0.0,39.693,44.437,0.0,44.437
10.0,0.0,10.0,-9.228,0.0,-9.228,49.232,0.0,49.232
6.0,1.0,7.0,22.805,-9.819,12.986,22.805,9.819,32.624
10.0,1.0,11.0,22.688,-10.054,12.634,36.284,10.054,46.338
9.0,1.0,10.0,52.075,32.599,84.674,61.919,32.599,94.518
10.0,0.0,10.0,-11.808,0.0,-11.808,43.716,0.0,43.716
12.0,0.0,12.0,20.583,0.0,20.583,61.137,0.0,61.137
4.0,0.0,4.0,2.686,0.0,2.686,15.288,0.0,15.288
14.0,0.0,14.0,-6.796,0.0,-6.796,61.024,0.0,61.024
15.0,1.0,16.0,47.366,-8.347,39.019,64.64,8.347,72.987
4.0,0.0,4.0,20.156,0.0,20.156,20.156,0.0,20.156
3.0,1.0,4.0,6.116,17.586,23.702,6.116,17.586,23.702
3.0,0.0,3.0,11.515,0.0,11.515,16.537,0.0,16.537
11.0,0.0,11.0,21.179,0.0,21.179,43.993,0.0,43.993
8.0,0.0,8.0,27.058,0.0,27.058,48.27,0.0,48.27
4.0,0.0,4.0,15.382,0.0,15.382,15.382,0.0,15.382
20.0,0.0,20.0,77.905,0.0,77.905,92.467,0.0,92.467
10.0,0.0,10.0,21.201,0.0,21.201,31.869,0.0,31.869
6.0,0.0,6.0,42.38,0.0,42.38,42.38,0.0,42.38
5.0,0.0,5.0,16.309,0.0,16.309,23.347,0.0,23.347
3.0,0.0,3.0,5.306,0.0,5.306,15.438,0.0,15.438
9.0,0.0,9.0,15.171,0.0,15.171,33.053,0.0,33.053
2.0,0.0,2.0,-1.055,0.0,-1.055,4.871,0.0,4.871
5.0,0.0,5.0,20.09,0.0,20.09,26.184,0.0,26.184
4.0,0.0,4.0,0.274,0.0,0.274,12.318,0.0,12.318
1.0,0.0,1.0,4.171,0.0,4.171,4.171,0.0,4.171
3.0,0.0,3.0,10.399,0.0,10.399,10.399,0.0,10.399
1.0,0.0,1.0,2.26,0.0,2.26,2.26,0.0,2.26
7.0,0.0,7.0,31.663,0.0,31.663,31.663,0.0,31.663
8.0,0.0,8.0,38.786,0.0,38.786,38.786,0.0,38.786
1.0,0.0,1.0,2.107,0.0,2.107,2.107,0.0,2.107
2.0,0.0,2.0,18.604,0.0,18.604,18.604,0.0,18.604
6.0,1.0,7.0,15.974,33.158,49.132,29.69,33.158,62.848
9.0,0.0,9.0,22.62,0.0,22.62,22.62,0.0,22.62
2.0,0.0,2.0,6.449,0.0,6.449,6.449,0.0,6.449
1.0,0.0,1.0,4.046,0.0,4.046,4.046,0.0,4.046
4.0,0.0,4.0,8.511,0.0,8.511,13.129,0.0,13.129
2.0,1.0,3.0,7.488,-17.389,-9.901,7.488,17.389,24.877
0.0,0.0,0.0,0.0,0.0,0.0,0.0,0.0,0.0
0.0,0.0,0.0,0.0,0.0,0.0,0.0,0.0,0.0
0.0,0.0,0.0,0.0,0.0,0.0,0.0,0.0,0.0
0.0,0.0,0.0,0.0,0.0,0.0,0.0,0.0,0.0
2.0,0.0,2.0,3.926,0.0,3.926,6.956,0.0,6.956
0.0,0.0,0.0,0.0,0.0,0.0,0.0,0.0,0.0
0.0,0.0,0.0,0.0,0.0,0.0,0.0,0.0,0.0
0.0,0.0,0.0,0.0,0.0,0.0,0.0,0.0,0.0
0.0,0.0,0.0,0.0,0.0,0.0,0.0,0.0,0.0
0.0,0.0,0.0,0.0,0.0,0.0,0.0,0.0,0.0
0.0,0.0,0.0,0.0,0.0,0.0,0.0,0.0,0.0
2.0,0.0,2.0,3.427,0.0,3.427,3.427,0.0,3.427
0.0,0.0,0.0,0.0,0.0,0.0,0.0,0.0,0.0
0.0,0.0,0.0,0.0,0.0,0.0,0.0,0.0,0.0
3.0,1.0,4.0,6.834,23.102,29.936,12.044,23.102,35.146
0.0,0.0,0.0,0.0,0.0,0.0,0.0,0.0,0.0
0.0,0.0,0.0,0.0,0.0,0.0,0.0,0.0,0.0
0.0,0.0,0.0,0.0,0.0,0.0,0.0,0.0,0.0
3.0,0.0,3.0,17.051,0.0,17.051,17.051,0.0,17.051
0.0,0.0,0.0,0.0,0.0,0.0,0.0,0.0,0.0
0.0,0.0,0.0,0.0,0.0,0.0,0.0,0.0,0.0
0.0,0.0,0.0,0.0,0.0,0.0,0.0,0.0,0.0
2.0,3.0,5.0,-9.96,-94.95,-104.91,9.96,94.95,104.91
3.0,0.0,3.0,6.035,0.0,6.035,11.215,0.0,11.215
0.0,0.0,0.0,0.0,0.0,0.0,0.0,0.0,0.0
0.0,0.0,0.0,0.0,0.0,0.0,0.0,0.0,0.0
2.0,0.0,2.0,14.677,0.0,14.677,14.677,0.0,14.677
0.0,0.0,0.0,0.0,0.0,0.0,0.0,0.0,0.0
2.0,0.0,2.0,12.822,0.0,12.822,12.822,0.0,12.822
0.0,0.0,0.0,0.0,0.0,0.0,0.0,0.0,0.0
1.0,0.0,1.0,4.06,0.0,4.06,4.06,0.0,4.06
2.0,0.0,2.0,9.661,0.0,9.661,9.661,0.0,9.661
1.0,0.0,1.0,5.883,0.0,5.883,5.883,0.0,5.883
0.0,0.0,0.0,0.0,0.0,0.0,0.0,0.0,0.0
0.0,0.0,0.0,0.0,0.0,0.0,0.0,0.0,0.0
1.0,0.0,1.0,3.094,0.0,3.094,3.094,0.0,3.094
2.0,0.0,2.0,0.159,0.0,0.159,8.629,0.0,8.629
2.0,1.0,3.0,8.365,-8.914,-0.549,8.365,8.914,17.279
3.0,0.0,3.0,5.831,0.0,5.831,10.561,0.0,10.561
0.0,0.0,0.0,0.0,0.0,0.0,0.0,0.0,0.0
4.0,0.0,4.0,15.465,0.0,15.465,15.465,0.0,15.465
2.0,0.0,2.0,-1.995,0.0,-1.995,6.495,0.0,6.495
5.0,2.0,7.0,36.952,-22.284,14.668,36.952,22.284,59.236
3.0,0.0,3.0,-2.505,0.0,-2.505,14.157,0.0,14.157
5.0,0.0,5.0,25.644,0.0,25.644,25.644,0.0,25.644
5.0,1.0,6.0,-26.732,-11.761,-38.493,33.666,11.761,45.427
3.0,0.0,3.0,7.581,0.0,7.581,7.581,0.0,7.581
3.0,0.0,3.0,22.13,0.0,22.13,26.9,0.0,26.9
3.0,0.0,3.0,26.074,0.0,26.074,26.074,0.0,26.074
1.0,0.0,1.0,3.4,0.0,3.4,3.4,0.0,3.4
5.0,0.0,5.0,16.608,0.0,16.608,16.608,0.0,16.608
2.0,0.0,2.0,4.526,0.0,4.526,8.554,0.0,8.554
4.0,0.0,4.0,4.983,0.0,4.983,14.889,0.0,14.889
12.0,3.0,15.0,22.102,-40.852,-18.75,80.108,40.852,120.96
5.0,0.0,5.0,27.241,0.0,27.241,27.241,0.0,27.241
2.0,0.0,2.0,0.202,0.0,0.202,5.842,0.0,5.842
3.0,0.0,3.0,9.706,0.0,9.706,9.706,0.0,9.706
4.0,0.0,4.0,21.936,0.0,21.936,21.936,0.0,21.936
2.0,0.0,2.0,13.741,0.0,13.741,13.741,0.0,13.741
1.0,0.0,1.0,-3.059,0.0,-3.059,3.059,0.0,3.059
6.0,0.0,6.0,11.938,0.0,11.938,27.55,0.0,27.55
2.0,0.0,2.0,7.146,0.0,7.146,7.146,0.0,7.146
4.0,0.0,4.0,10.625,0.0,10.625,24.455,0.0,24.455
8.0,1.0,9.0,-26.7,-4.859,-31.559,53.476,4.859,58.335
4.0,4.0,8.0,1.395,-60.965,-59.57,16.153,60.965,77.118
3.0,0.0,3.0,1.586,0.0,1.586,19.622,0.0,19.622
5.0,0.0,5.0,31.926,0.0,31.926,31.926,0.0,31.926
2.0,0.0,2.0,7.914,0.0,7.914,7.914,0.0,7.914
8.0,0.0,8.0,21.933,0.0,21.933,41.329,0.0,41.329
6.0,0.0,6.0,15.412,0.0,15.412,45.292,0.0,45.292
1.0,0.0,1.0,4.682,0.0,4.682,4.682,0.0,4.682
1.0,0.0,1.0,4.682,0.0,4.682,4.682,0.0,4.682
1.0,0.0,1.0,8.348,0.0,8.348,8.348,0.0,8.348
2.0,0.0,2.0,20.209,0.0,20.209,20.209,0.0,20.209
0.0,0.0,0.0,0.0,0.0,0.0,0.0,0.0,0.0
0.0,0.0,0.0,0.0,0.0,0.0,0.0,0.0,0.0
3.0,0.0,3.0,-21.34,0.0,-21.34,30.302,0.0,30.302
0.0,0.0,0.0,0.0,0.0,0.0,0.0,0.0,0.0
2.0,0.0,2.0,22.837,0.0,22.837,22.837,0.0,22.837
0.0,0.0,0.0,0.0,0.0,0.0,0.0,0.0,0.0
3.0,0.0,3.0,13.241,0.0,13.241,13.241,0.0,13.241
0.0,0.0,0.0,0.0,0.0,0.0,0.0,0.0,0.0
0.0,0.0,0.0,0.0,0.0,0.0,0.0,0.0,0.0
0.0,0.0,0.0,0.0,0.0,0.0,0.0,0.0,0.0
0.0,0.0,0.0,0.0,0.0,0.0,0.0,0.0,0.0
0.0,0.0,0.0,0.0,0.0,0.0,0.0,0.0,0.0
5.0,2.0,7.0,-6.521,-75.356,-81.877,40.067,75.356,115.423
0.0,0.0,0.0,0.0,0.0,0.0,0.0,0.0,0.0
3.0,0.0,3.0,2.206,0.0,2.206,9.012,0.0,9.012
6.0,2.0,8.0,0.896,-10.71,-9.814,28.524,10.71,39.234
1.0,1.0,2.0,3.218,-6.726,-3.508,3.218,6.726,9.944
0.0,0.0,0.0,0.0,0.0,0.0,0.0,0.0,0.0
4.0,1.0,5.0,24.707,-4.571,20.136,29.775,4.571,34.346
1.0,0.0,1.0,3.26,0.0,3.26,3.26,0.0,3.26
3.0,0.0,3.0,9.079,0.0,9.079,9.079,0.0,9.079
1.0,0.0,1.0,8.198,0.0,8.198,8.198,0.0,8.198
2.0,0.0,2.0,-5.832,0.0,-5.832,5.832,0.0,5.832
3.0,0.0,3.0,-3.508,0.0,-3.508,23.314,0.0,23.314
0.0,0.0,0.0,0.0,0.0,0.0,0.0,0.0,0.0
2.0,0.0,2.0,4.686,0.0,4.686,10.634,0.0,10.634
0.0,0.0,0.0,0.0,0.0,0.0,0.0,0.0,0.0
4.0,2.0,6.0,-5.344,-18.481,-23.825,24.714,18.481,43.195
1.0,0.0,1.0,-2.209,0.0,-2.209,2.209,0.0,2.209
1.0,0.0,1.0,5.845,0.0,5.845,5.845,0.0,5.845
7.0,3.0,10.0,29.125,-26.37,2.755,35.039,26.37,61.409
4.0,0.0,4.0,7.946,0.0,7.946,31.264,0.0,31.264
2.0,0.0,2.0,-0.039,0.0,-0.039,5.897,0.0,5.897
10.0,0.0,10.0,-3.898,0.0,-3.898,38.716,0.0,38.716
2.0,0.0,2.0,8.08,0.0,8.08,8.08,0.0,8.08
4.0,0.0,4.0,15.065,0.0,15.065,24.837,0.0,24.837
3.0,2.0,5.0,-12.551,-14.597,-27.148,18.855,14.597,33.452
2.0,0.0,2.0,3.233,0.0,3.233,6.969,0.0,6.969
1.0,1.0,2.0,1.818,-11.741,-9.923,1.818,11.741,13.559
2.0,3.0,5.0,-11.757,-77.719,-89.476,11.757,77.719,89.476
5.0,3.0,8.0,19.094,-60.511,-41.417,26.2,60.511,86.711
8.0,0.0,8.0,14.365,0.0,14.365,40.345,0.0,40.345
5.0,1.0,6.0,9.053,-13.362,-4.309,22.145,13.362,35.507
2.0,0.0,2.0,2.268,0.0,2.268,7.622,0.0,7.622
7.0,2.0,9.0,30.127,-14.326,15.801,30.127,14.326,44.453
6.0,0.0,6.0,23.752,0.0,23.752,29.928,0.0,29.928
1.0,0.0,1.0,4.992,0.0,4.992,4.992,0.0,4.992
2.0,0.0,2.0,10.863,0.0,10.863,15.801,0.0,15.801
2.0,3.0,5.0,-10.396,-45.0,-55.396,19.93,45.0,64.93
5.0,0.0,5.0,18.173,0.0,18.173,25.149,0.0,25.149
0.0,0.0,0.0,0.0,0.0,0.0,0.0,0.0,0.0
7.0,0.0,7.0,1.642,0.0,1.642,36.554,0.0,36.554
1.0,1.0,2.0,-3.576,16.283,12.707,3.576,16.283,19.859
0.0,0.0,0.0,0.0,0.0,0.0,0.0,0.0,0.0
0.0,0.0,0.0,0.0,0.0,0.0,0.0,0.0,0.0
1.0,0.0,1.0,-5.249,0.0,-5.249,5.249,0.0,5.249
0.0,0.0,0.0,0.0,0.0,0.0,0.0,0.0,0.0
2.0,0.0,2.0,7.253,0.0,7.253,7.253,0.0,7.253
0.0,0.0,0.0,0.0,0.0,0.0,0.0,0.0,0.0
0.0,0.0,0.0,0.0,0.0,0.0,0.0,0.0,0.0
0.0,0.0,0.0,0.0,0.0,0.0,0.0,0.0,0.0
0.0,0.0,0.0,0.0,0.0,0.0,0.0,0.0,0.0
2.0,0.0,2.0,-5.447,0.0,-5.447,13.283,0.0,13.283
0.0,0.0,0.0,0.0,0.0,0.0,0.0,0.0,0.0
1.0,0.0,1.0,10.219,0.0,10.219,10.219,0.0,10.219
1.0,0.0,1.0,3.194,0.0,3.194,3.194,0.0,3.194
0.0,0.0,0.0,0.0,0.0,0.0,0.0,0.0,0.0
0.0,0.0,0.0,0.0,0.0,0.0,0.0,0.0,0.0
2.0,0.0,2.0,7.621,0.0,7.621,7.621,0.0,7.621
3.0,1.0,4.0,-10.065,21.052,10.987,10.065,21.052,31.117
0.0,0.0,0.0,0.0,0.0,0.0,0.0,0.0,0.0
0.0,0.0,0.0,0.0,0.0,0.0,0.0,0.0,0.0
0.0,0.0,0.0,0.0,0.0,0.0,0.0,0.0,0.0
1.0,1.0,2.0,4.356,-10.186,-5.83,4.356,10.186,14.542
0.0,0.0,0.0,0.0,0.0,0.0,0.0,0.0,0.0
0.0,0.0,0.0,0.0,0.0,0.0,0.0,0.0,0.0
0.0,0.0,0.0,0.0,0.0,0.0,0.0,0.0,0.0
4.0,1.0,5.0,21.281,-13.415,7.866,21.281,13.415,34.696
1.0,0.0,1.0,4.927,0.0,4.927,4.927,0.0,4.927
7.0,0.0,7.0,24.903,0.0,24.903,49.797,0.0,49.797
1.0,0.0,1.0,5.181,0.0,5.181,5.181,0.0,5.181
1.0,0.0,1.0,12.046,0.0,12.046,12.046,0.0,12.046
0.0,0.0,0.0,0.0,0.0,0.0,0.0,0.0,0.0
1.0,0.0,1.0,3.405,0.0,3.405,3.405,0.0,3.405
0.0,0.0,0.0,0.0,0.0,0.0,0.0,0.0,0.0
0.0,0.0,0.0,0.0,0.0,0.0,0.0,0.0,0.0
0.0,0.0,0.0,0.0,0.0,0.0,0.0,0.0,0.0
0.0,0.0,0.0,0.0,0.0,0.0,0.0,0.0,0.0
0.0,0.0,0.0,0.0,0.0,0.0,0.0,0.0,0.0
1.0,0.0,1.0,-5.81,0.0,-5.81,5.81,0.0,5.81
0.0,0.0,0.0,0.0,0.0,0.0,0.0,0.0,0.0
0.0,0.0,0.0,0.0,0.0,0.0,0.0,0.0,0.0
3.0,0.0,3.0,8.02,0.0,8.02,13.592,0.0,13.592
0.0,0.0,0.0,0.0,0.0,0.0,0.0,0.0,0.0
0.0,0.0,0.0,0.0,0.0,0.0,0.0,0.0,0.0
0.0,0.0,0.0,0.0,0.0,0.0,0.0,0.0,0.0
3.0,0.0,3.0,-0.097,0.0,-0.097,14.323,0.0,14.323
0.0,0.0,0.0,0.0,0.0,0.0,0.0,0.0,0.0
0.0,0.0,0.0,0.0,0.0,0.0,0.0,0.0,0.0
2.0,0.0,2.0,1.344,0.0,1.344,7.062,0.0,7.062
2.0,0.0,2.0,9.703,0.0,9.703,9.703,0.0,9.703
2.0,0.0,2.0,13.578,0.0,13.578,13.578,0.0,13.578
7.0,2.0,9.0,3.908,-19.059,-15.151,27.64,19.059,46.699
2.0,0.0,2.0,14.26,0.0,14.26,14.26,0.0,14.26
2.0,0.0,2.0,33.189,0.0,33.189,33.189,0.0,33.189
4.0,0.0,4.0,10.127,0.0,10.127,25.661,0.0,25.661
3.0,0.0,3.0,-7.531,0.0,-7.531,13.253,0.0,13.253
5.0,0.0,5.0,45.885,0.0,45.885,45.885,0.0,45.885
0.0,0.0,0.0,0.0,0.0,0.0,0.0,0.0,0.0
2.0,0.0,2.0,8.204,0.0,8.204,8.204,0.0,8.204
1.0,0.0,1.0,3.126,0.0,3.126,3.126,0.0,3.126
6.0,1.0,7.0,14.761,-34.922,-20.161,22.761,34.922,57.683
3.0,2.0,5.0,7.194,-33.359,-26.165,12.278,33.359,45.637
2.0,0.0,2.0,7.798,0.0,7.798,7.798,0.0,7.798
1.0,0.0,1.0,7.362,0.0,7.362,7.362,0.0,7.362
2.0,3.0,5.0,0.706,-54.908,-54.202,4.602,54.908,59.51
0.0,0.0,0.0,0.0,0.0,0.0,0.0,0.0,0.0
0.0,0.0,0.0,0.0,0.0,0.0,0.0,0.0,0.0
1.0,0.0,1.0,8.037,0.0,8.037,8.037,0.0,8.037
2.0,0.0,2.0,-1.383,0.0,-1.383,9.649,0.0,9.649
1.0,0.0,1.0,-7.646,0.0,-7.646,7.646,0.0,7.646
0.0,0.0,0.0,0.0,0.0,0.0,0.0,0.0,0.0
5.0,0.0,5.0,27.738,0.0,27.738,48.512,0.0,48.512
1.0,0.0,1.0,8.317,0.0,8.317,8.317,0.0,8.317
4.0,0.0,4.0,-21.199,0.0,-21.199,33.227,0.0,33.227
0.0,0.0,0.0,0.0,0.0,0.0,0.0,0.0,0.0
4.0,0.0,4.0,40.896,0.0,40.896,40.896,0.0,40.896
2.0,0.0,2.0,-2.646,0.0,-2.646,9.62,0.0,9.62
2.0,0.0,2.0,24.026,0.0,24.026,24.026,0.0,24.026
1.0,0.0,1.0,20.841,0.0,20.841,20.841,0.0,20.841
3.0,0.0,3.0,22.561,0.0,22.561,33.039,0.0,33.039
0.0,0.0,0.0,0.0,0.0,0.0,0.0,0.0,0.0
2.0,0.0,2.0,7.98,0.0,7.98,7.98,0.0,7.98
0.0,0.0,0.0,0.0,0.0,0.0,0.0,0.0,0.0
0.0,0.0,0.0,0.0,0.0,0.0,0.0,0.0,0.0
2.0,0.0,2.0,9.548,0.0,9.548,9.548,0.0,9.548
0.0,0.0,0.0,0.0,0.0,0.0,0.0,0.0,0.0
0.0,0.0,0.0,0.0,0.0,0.0,0.0,0.0,0.0
0.0,0.0,0.0,0.0,0.0,0.0,0.0,0.0,0.0
0.0,0.0,0.0,0.0,0.0,0.0,0.0,0.0,0.0
0.0,0.0,0.0,0.0,0.0,0.0,0.0,0.0,0.0
1.0,1.0,2.0,-16.916,-24.528,-41.444,16.916,24.528,41.444
0.0,0.0,0.0,0.0,0.0,0.0,0.0,0.0,0.0
0.0,0.0,0.0,0.0,0.0,0.0,0.0,0.0,0.0
0.0,0.0,0.0,0.0,0.0,0.0,0.0,0.0,0.0
0.0,0.0,0.0,0.0,0.0,0.0,0.0,0.0,0.0
0.0,0.0,0.0,0.0,0.0,0.0,0.0,0.0,0.0
0.0,0.0,0.0,0.0,0.0,0.0,0.0,0.0,0.0
0.0,0.0,0.0,0.0,0.0,0.0,0.0,0.0,0.0
0.0,0.0,0.0,0.0,0.0,0.0,0.0,0.0,0.0
0.0,0.0,0.0,0.0,0.0,0.0,0.0,0.0,0.0
0.0,0.0,0.0,0.0,0.0,0.0,0.0,0.0,0.0
0.0,0.0,0.0,0.0,0.0,0.0,0.0,0.0,0.0
0.0,0.0,0.0,0.0,0.0,0.0,0.0,0.0,0.0
0.0,0.0,0.0,0.0,0.0,0.0,0.0,0.0,0.0
0.0,0.0,0.0,0.0,0.0,0.0,0.0,0.0,0.0
0.0,0.0,0.0,0.0,0.0,0.0,0.0,0.0,0.0
0.0,0.0,0.0,0.0,0.0,0.0,0.0,0.0,0.0
0.0,0.0,0.0,0.0,0.0,0.0,0.0,0.0,0.0
0.0,0.0,0.0,0.0,0.0,0.0,0.0,0.0,0.0
0.0,0.0,0.0,0.0,0.0,0.0,0.0,0.0,0.0
2.0,0.0,2.0,14.867,0.0,14.867,14.867,0.0,14.867
2.0,0.0,2.0,10.132,0.0,10.132,10.132,0.0,10.132
0.0,0.0,0.0,0.0,0.0,0.0,0.0,0.0,0.0
0.0,0.0,0.0,0.0,0.0,0.0,0.0,0.0,0.0
0.0,0.0,0.0,0.0,0.0,0.0,0.0,0.0,0.0
0.0,0.0,0.0,0.0,0.0,0.0,0.0,0.0,0.0
0.0,0.0,0.0,0.0,0.0,0.0,0.0,0.0,0.0
0.0,0.0,0.0,0.0,0.0,0.0,0.0,0.0,0.0
0.0,0.0,0.0,0.0,0.0,0.0,0.0,0.0,0.0
0.0,0.0,0.0,0.0,0.0,0.0,0.0,0.0,0.0
0.0,0.0,0.0,0.0,0.0,0.0,0.0,0.0,0.0
0.0,0.0,0.0,0.0,0.0,0.0,0.0,0.0,0.0
0.0,0.0,0.0,0.0,0.0,0.0,0.0,0.0,0.0
0.0,0.0,0.0,0.0,0.0,0.0,0.0,0.0,0.0
0.0,0.0,0.0,0.0,0.0,0.0,0.0,0.0,0.0
0.0,0.0,0.0,0.0,0.0,0.0,0.0,0.0,0.0
0.0,0.0,0.0,0.0,0.0,0.0,0.0,0.0,0.0
0.0,0.0,0.0,0.0,0.0,0.0,0.0,0.0,0.0
0.0,0.0,0.0,0.0,0.0,0.0,0.0,0.0,0.0
0.0,0.0,0.0,0.0,0.0,0.0,0.0,0.0,0.0
0.0,0.0,0.0,0.0,0.0,0.0,0.0,0.0,0.0
0.0,0.0,0.0,0.0,0.0,0.0,0.0,0.0,0.0
0.0,0.0,0.0,0.0,0.0,0.0,0.0,0.0,0.0
0.0,0.0,0.0,0.0,0.0,0.0,0.0,0.0,0.0
0.0,0.0,0.0,0.0,0.0,0.0,0.0,0.0,0.0
0.0,0.0,0.0,0.0,0.0,0.0,0.0,0.0,0.0
0.0,0.0,0.0,0.0,0.0,0.0,0.0,0.0,0.0
0.0,0.0,0.0,0.0,0.0,0.0,0.0,0.0,0.0
0.0,0.0,0.0,0.0,0.0,0.0,0.0,0.0,0.0
0.0,0.0,0.0,0.0,0.0,0.0,0.0,0.0,0.0
0.0,0.0,0.0,0.0,0.0,0.0,0.0,0.0,0.0
0.0,0.0,0.0,0.0,0.0,0.0,0.0,0.0,0.0
0.0,0.0,0.0,0.0,0.0,0.0,0.0,0.0,0.0
0.0,0.0,0.0,0.0,0.0,0.0,0.0,0.0,0.0
0.0,0.0,0.0,0.0,0.0,0.0,0.0,0.0,0.0
0.0,0.0,0.0,0.0,0.0,0.0,0.0,0.0,0.0
0.0,0.0,0.0,0.0,0.0,0.0,0.0,0.0,0.0
0.0,0.0,0.0,0.0,0.0,0.0,0.0,0.0,0.0
0.0,0.0,0.0,0.0,0.0,0.0,0.0,0.0,0.0
0.0,0.0,0.0,0.0,0.0,0.0,0.0,0.0,0.0
0.0,0.0,0.0,0.0,0.0,0.0,0.0,0.0,0.0
0.0,0.0,0.0,0.0,0.0,0.0,0.0,0.0,0.0
0.0,0.0,0.0,0.0,0.0,0.0,0.0,0.0,0.0
0.0,0.0,0.0,0.0,0.0,0.0,0.0,0.0,0.0
0.0,0.0,0.0,0.0,0.0,0.0,0.0,0.0,0.0
0.0,0.0,0.0,0.0,0.0,0.0,0.0,0.0,0.0
0.0,0.0,0.0,0.0,0.0,0.0,0.0,0.0,0.0
0.0,0.0,0.0,0.0,0.0,0.0,0.0,0.0,0.0
0.0,0.0,0.0,0.0,0.0,0.0,0.0,0.0,0.0
0.0,0.0,0.0,0.0,0.0,0.0,0.0,0.0,0.0
0.0,0.0,0.0,0.0,0.0,0.0,0.0,0.0,0.0
0.0,0.0,0.0,0.0,0.0,0.0,0.0,0.0,0.0
0.0,0.0,0.0,0.0,0.0,0.0,0.0,0.0,0.0
0.0,0.0,0.0,0.0,0.0,0.0,0.0,0.0,0.0
0.0,0.0,0.0,0.0,0.0,0.0,0.0,0.0,0.0
0.0,0.0,0.0,0.0,0.0,0.0,0.0,0.0,0.0
0.0,0.0,0.0,0.0,0.0,0.0,0.0,0.0,0.0
0.0,0.0,0.0,0.0,0.0,0.0,0.0,0.0,0.0
0.0,0.0,0.0,0.0,0.0,0.0,0.0,0.0,0.0
0.0,0.0,0.0,0.0,0.0,0.0,0.0,0.0,0.0
0.0,0.0,0.0,0.0,0.0,0.0,0.0,0.0,0.0
0.0,0.0,0.0,0.0,0.0,0.0,0.0,0.0,0.0
0.0,0.0,0.0,0.0,0.0,0.0,0.0,0.0,0.0
0.0,0.0,0.0,0.0,0.0,0.0,0.0,0.0,0.0
0.0,0.0,0.0,0.0,0.0,0.0,0.0,0.0,0.0
0.0,0.0,0.0,0.0,0.0,0.0,0.0,0.0,0.0
0.0,0.0,0.0,0.0,0.0,0.0,0.0,0.0,0.0
0.0,0.0,0.0,0.0,0.0,0.0,0.0,0.0,0.0
0.0,0.0,0.0,0.0,0.0,0.0,0.0,0.0,0.0
0.0,0.0,0.0,0.0,0.0,0.0,0.0,0.0,0.0
0.0,0.0,0.0,0.0,0.0,0.0,0.0,0.0,0.0
0.0,0.0,0.0,0.0,0.0,0.0,0.0,0.0,0.0
0.0,0.0,0.0,0.0,0.0,0.0,0.0,0.0,0.0
0.0,0.0,0.0,0.0,0.0,0.0,0.0,0.0,0.0
0.0,0.0,0.0,0.0,0.0,0.0,0.0,0.0,0.0
0.0,0.0,0.0,0.0,0.0,0.0,0.0,0.0,0.0
0.0,0.0,0.0,0.0,0.0,0.0,0.0,0.0,0.0
0.0,0.0,0.0,0.0,0.0,0.0,0.0,0.0,0.0
0.0,0.0,0.0,0.0,0.0,0.0,0.0,0.0,0.0
0.0,0.0,0.0,0.0,0.0,0.0,0.0,0.0,0.0
0.0,0.0,0.0,0.0,0.0,0.0,0.0,0.0,0.0
0.0,0.0,0.0,0.0,0.0,0.0,0.0,0.0,0.0
0.0,0.0,0.0,0.0,0.0,0.0,0.0,0.0,0.0
0.0,0.0,0.0,0.0,0.0,0.0,0.0,0.0,0.0
0.0,0.0,0.0,0.0,0.0,0.0,0.0,0.0,0.0
0.0,0.0,0.0,0.0,0.0,0.0,0.0,0.0,0.0
0.0,0.0,0.0,0.0,0.0,0.0,0.0,0.0,0.0
0.0,0.0,0.0,0.0,0.0,0.0,0.0,0.0,0.0
0.0,0.0,0.0,0.0,0.0,0.0,0.0,0.0,0.0
2.0,0.0,2.0,6.972,0.0,6.972,6.972,0.0,6.972
0.0,0.0,0.0,0.0,0.0,0.0,0.0,0.0,0.0
0.0,0.0,0.0,0.0,0.0,0.0,0.0,0.0,0.0
0.0,0.0,0.0,0.0,0.0,0.0,0.0,0.0,0.0
1.0,0.0,1.0,2.917,0.0,2.917,2.917,0.0,2.917
0.0,0.0,0.0,0.0,0.0,0.0,0.0,0.0,0.0
0.0,0.0,0.0,0.0,0.0,0.0,0.0,0.0,0.0
0.0,0.0,0.0,0.0,0.0,0.0,0.0,0.0,0.0
1.0,0.0,1.0,10.557,0.0,10.557,10.557,0.0,10.557
0.0,0.0,0.0,0.0,0.0,0.0,0.0,0.0,0.0
0.0,0.0,0.0,0.0,0.0,0.0,0.0,0.0,0.0
1.0,0.0,1.0,7.638,0.0,7.638,7.638,0.0,7.638
1.0,0.0,1.0,7.638,0.0,7.638,7.638,0.0,7.638
1.0,0.0,1.0,3.673,0.0,3.673,3.673,0.0,3.673
0.0,0.0,0.0,0.0,0.0,0.0,0.0,0.0,0.0
0.0,0.0,0.0,0.0,0.0,0.0,0.0,0.0,0.0
0.0,0.0,0.0,0.0,0.0,0.0,0.0,0.0,0.0
0.0,0.0,0.0,0.0,0.0,0.0,0.0,0.0,0.0
0.0,0.0,0.0,0.0,0.0,0.0,0.0,0.0,0.0
0.0,0.0,0.0,0.0,0.0,0.0,0.0,0.0,0.0
0.0,0.0,0.0,0.0,0.0,0.0,0.0,0.0,0.0
0.0,0.0,0.0,0.0,0.0,0.0,0.0,0.0,0.0
0.0,0.0,0.0,0.0,0.0,0.0,0.0,0.0,0.0
0.0,0.0,0.0,0.0,0.0,0.0,0.0,0.0,0.0
0.0,0.0,0.0,0.0,0.0,0.0,0.0,0.0,0.0
0.0,0.0,0.0,0.0,0.0,0.0,0.0,0.0,0.0
0.0,0.0,0.0,0.0,0.0,0.0,0.0,0.0,0.0
0.0,0.0,0.0,0.0,0.0,0.0,0.0,0.0,0.0
0.0,0.0,0.0,0.0,0.0,0.0,0.0,0.0,0.0
0.0,0.0,0.0,0.0,0.0,0.0,0.0,0.0,0.0
0.0,0.0,0.0,0.0,0.0,0.0,0.0,0.0,0.0
0.0,0.0,0.0,0.0,0.0,0.0,0.0,0.0,0.0
0.0,0.0,0.0,0.0,0.0,0.0,0.0,0.0,0.0
0.0,0.0,0.0,0.0,0.0,0.0,0.0,0.0,0.0
0.0,0.0,0.0,0.0,0.0,0.0,0.0,0.0,0.0
0.0,0.0,0.0,0.0,0.0,0.0,0.0,0.0,0.0
0.0,0.0,0.0,0.0,0.0,0.0,0.0,0.0,0.0
0.0,0.0,0.0,0.0,0.0,0.0,0.0,0.0,0.0
0.0,0.0,0.0,0.0,0.0,0.0,0.0,0.0,0.0
0.0,0.0,0.0,0.0,0.0,0.0,0.0,0.0,0.0
0.0,0.0,0.0,0.0,0.0,0.0,0.0,0.0,0.0
0.0,0.0,0.0,0.0,0.0,0.0,0.0,0.0,0.0
0.0,0.0,0.0,0.0,0.0,0.0,0.0,0.0,0.0
0.0,0.0,0.0,0.0,0.0,0.0,0.0,0.0,0.0
0.0,0.0,0.0,0.0,0.0,0.0,0.0,0.0,0.0
0.0,0.0,0.0,0.0,0.0,0.0,0.0,0.0,0.0
0.0,0.0,0.0,0.0,0.0,0.0,0.0,0.0,0.0
0.0,0.0,0.0,0.0,0.0,0.0,0.0,0.0,0.0
0.0,0.0,0.0,0.0,0.0,0.0,0.0,0.0,0.0
0.0,0.0,0.0,0.0,0.0,0.0,0.0,0.0,0.0
0.0,0.0,0.0,0.0,0.0,0.0,0.0,0.0,0.0
0.0,0.0,0.0,0.0,0.0,0.0,0.0,0.0,0.0
0.0,0.0,0.0,0.0,0.0,0.0,0.0,0.0,0.0
0.0,0.0,0.0,0.0,0.0,0.0,0.0,0.0,0.0
0.0,0.0,0.0,0.0,0.0,0.0,0.0,0.0,0.0
0.0,0.0,0.0,0.0,0.0,0.0,0.0,0.0,0.0
0.0,0.0,0.0,0.0,0.0,0.0,0.0,0.0,0.0
0.0,0.0,0.0,0.0,0.0,0.0,0.0,0.0,0.0
0.0,0.0,0.0,0.0,0.0,0.0,0.0,0.0,0.0
0.0,0.0,0.0,0.0,0.0,0.0,0.0,0.0,0.0
0.0,0.0,0.0,0.0,0.0,0.0,0.0,0.0,0.0
0.0,0.0,0.0,0.0,0.0,0.0,0.0,0.0,0.0
0.0,0.0,0.0,0.0,0.0,0.0,0.0,0.0,0.0
0.0,0.0,0.0,0.0,0.0,0.0,0.0,0.0,0.0
0.0,0.0,0.0,0.0,0.0,0.0,0.0,0.0,0.0
0.0,0.0,0.0,0.0,0.0,0.0,0.0,0.0,0.0
0.0,0.0,0.0,0.0,0.0,0.0,0.0,0.0,0.0
0.0,0.0,0.0,0.0,0.0,0.0,0.0,0.0,0.0
0.0,0.0,0.0,0.0,0.0,0.0,0.0,0.0,0.0
0.0,0.0,0.0,0.0,0.0,0.0,0.0,0.0,0.0
0.0,0.0,0.0,0.0,0.0,0.0,0.0,0.0,0.0
0.0,0.0,0.0,0.0,0.0,0.0,0.0,0.0,0.0
0.0,0.0,0.0,0.0,0.0,0.0,0.0,0.0,0.0
0.0,0.0,0.0,0.0,0.0,0.0,0.0,0.0,0.0
0.0,0.0,0.0,0.0,0.0,0.0,0.0,0.0,0.0
0.0,0.0,0.0,0.0,0.0,0.0,0.0,0.0,0.0
0.0,0.0,0.0,0.0,0.0,0.0,0.0,0.0,0.0
0.0,0.0,0.0,0.0,0.0,0.0,0.0,0.0,0.0
0.0,0.0,0.0,0.0,0.0,0.0,0.0,0.0,0.0
0.0,0.0,0.0,0.0,0.0,0.0,0.0,0.0,0.0
0.0,0.0,0.0,0.0,0.0,0.0,0.0,0.0,0.0
0.0,0.0,0.0,0.0,0.0,0.0,0.0,0.0,0.0
0.0,0.0,0.0,0.0,0.0,0.0,0.0,0.0,0.0
0.0,0.0,0.0,0.0,0.0,0.0,0.0,0.0,0.0
0.0,0.0,0.0,0.0,0.0,0.0,0.0,0.0,0.0
0.0,0.0,0.0,0.0,0.0,0.0,0.0,0.0,0.0
0.0,0.0,0.0,0.0,0.0,0.0,0.0,0.0,0.0
0.0,0.0,0.0,0.0,0.0,0.0,0.0,0.0,0.0
0.0,0.0,0.0,0.0,0.0,0.0,0.0,0.0,0.0
0.0,0.0,0.0,0.0,0.0,0.0,0.0,0.0,0.0
0.0,0.0,0.0,0.0,0.0,0.0,0.0,0.0,0.0
0.0,0.0,0.0,0.0,0.0,0.0,0.0,0.0,0.0
0.0,0.0,0.0,0.0,0.0,0.0,0.0,0.0,0.0
0.0,0.0,0.0,0.0,0.0,0.0,0.0,0.0,0.0
0.0,0.0,0.0,0.0,0.0,0.0,0.0,0.0,0.0
0.0,0.0,0.0,0.0,0.0,0.0,0.0,0.0,0.0
0.0,0.0,0.0,0.0,0.0,0.0,0.0,0.0,0.0
0.0,0.0,0.0,0.0,0.0,0.0,0.0,0.0,0.0
0.0,0.0,0.0,0.0,0.0,0.0,0.0,0.0,0.0
0.0,0.0,0.0,0.0,0.0,0.0,0.0,0.0,0.0
0.0,0.0,0.0,0.0,0.0,0.0,0.0,0.0,0.0
0.0,0.0,0.0,0.0,0.0,0.0,0.0,0.0,0.0
0.0,0.0,0.0,0.0,0.0,0.0,0.0,0.0,0.0
0.0,0.0,0.0,0.0,0.0,0.0,0.0,0.0,0.0
0.0,0.0,0.0,0.0,0.0,0.0,0.0,0.0,0.0
0.0,0.0,0.0,0.0,0.0,0.0,0.0,0.0,0.0
0.0,0.0,0.0,0.0,0.0,0.0,0.0,0.0,0.0
0.0,0.0,0.0,0.0,0.0,0.0,0.0,0.0,0.0
0.0,0.0,0.0,0.0,0.0,0.0,0.0,0.0,0.0
0.0,0.0,0.0,0.0,0.0,0.0,0.0,0.0,0.0
0.0,0.0,0.0,0.0,0.0,0.0,0.0,0.0,0.0
0.0,0.0,0.0,0.0,0.0,0.0,0.0,0.0,0.0
0.0,0.0,0.0,0.0,0.0,0.0,0.0,0.0,0.0
0.0,0.0,0.0,0.0,0.0,0.0,0.0,0.0,0.0
0.0,0.0,0.0,0.0,0.0,0.0,0.0,0.0,0.0
0.0,0.0,0.0,0.0,0.0,0.0,0.0,0.0,0.0
0.0,0.0,0.0,0.0,0.0,0.0,0.0,0.0,0.0
0.0,0.0,0.0,0.0,0.0,0.0,0.0,0.0,0.0
0.0,0.0,0.0,0.0,0.0,0.0,0.0,0.0,0.0
0.0,0.0,0.0,0.0,0.0,0.0,0.0,0.0,0.0
0.0,0.0,0.0,0.0,0.0,0.0,0.0,0.0,0.0
0.0,0.0,0.0,0.0,0.0,0.0,0.0,0.0,0.0
0.0,0.0,0.0,0.0,0.0,0.0,0.0,0.0,0.0
0.0,0.0,0.0,0.0,0.0,0.0,0.0,0.0,0.0
0.0,0.0,0.0,0.0,0.0,0.0,0.0,0.0,0.0
0.0,0.0,0.0,0.0,0.0,0.0,0.0,0.0,0.0
0.0,0.0,0.0,0.0,0.0,0.0,0.0,0.0,0.0
0.0,0.0,0.0,0.0,0.0,0.0,0.0,0.0,0.0
0.0,0.0,0.0,0.0,0.0,0.0,0.0,0.0,0.0
0.0,0.0,0.0,0.0,0.0,0.0,0.0,0.0,0.0
0.0,0.0,0.0,0.0,0.0,0.0,0.0,0.0,0.0
0.0,0.0,0.0,0.0,0.0,0.0,0.0,0.0,0.0
0.0,0.0,0.0,0.0,0.0,0.0,0.0,0.0,0.0
0.0,0.0,0.0,0.0,0.0,0.0,0.0,0.0,0.0
0.0,0.0,0.0,0.0,0.0,0.0,0.0,0.0,0.0
0.0,0.0,0.0,0.0,0.0,0.0,0.0,0.0,0.0
0.0,0.0,0.0,0.0,0.0,0.0,0.0,0.0,0.0
0.0,0.0,0.0,0.0,0.0,0.0,0.0,0.0,0.0
0.0,0.0,0.0,0.0,0.0,0.0,0.0,0.0,0.0
0.0,0.0,0.0,0.0,0.0,0.0,0.0,0.0,0.0
0.0,0.0,0.0,0.0,0.0,0.0,0.0,0.0,0.0
0.0,0.0,0.0,0.0,0.0,0.0,0.0,0.0,0.0
0.0,0.0,0.0,0.0,0.0,0.0,0.0,0.0,0.0
0.0,0.0,0.0,0.0,0.0,0.0,0.0,0.0,0.0
0.0,0.0,0.0,0.0,0.0,0.0,0.0,0.0,0.0
0.0,0.0,0.0,0.0,0.0,0.0,0.0,0.0,0.0
0.0,0.0,0.0,0.0,0.0,0.0,0.0,0.0,0.0
0.0,0.0,0.0,0.0,0.0,0.0,0.0,0.0,0.0
0.0,0.0,0.0,0.0,0.0,0.0,0.0,0.0,0.0
0.0,0.0,0.0,0.0,0.0,0.0,0.0,0.0,0.0
0.0,0.0,0.0,0.0,0.0,0.0,0.0,0.0,0.0
0.0,0.0,0.0,0.0,0.0,0.0,0.0,0.0,0.0
0.0,0.0,0.0,0.0,0.0,0.0,0.0,0.0,0.0
0.0,0.0,0.0,0.0,0.0,0.0,0.0,0.0,0.0
0.0,0.0,0.0,0.0,0.0,0.0,0.0,0.0,0.0
0.0,0.0,0.0,0.0,0.0,0.0,0.0,0.0,0.0
0.0,0.0,0.0,0.0,0.0,0.0,0.0,0.0,0.0
0.0,0.0,0.0,0.0,0.0,0.0,0.0,0.0,0.0
0.0,0.0,0.0,0.0,0.0,0.0,0.0,0.0,0.0
0.0,0.0,0.0,0.0,0.0,0.0,0.0,0.0,0.0
0.0,0.0,0.0,0.0,0.0,0.0,0.0,0.0,0.0
0.0,0.0,0.0,0.0,0.0,0.0,0.0,0.0,0.0
0.0,0.0,0.0,0.0,0.0,0.0,0.0,0.0,0.0
0.0,0.0,0.0,0.0,0.0,0.0,0.0,0.0,0.0
0.0,0.0,0.0,0.0,0.0,0.0,0.0,0.0,0.0
0.0,0.0,0.0,0.0,0.0,0.0,0.0,0.0,0.0
0.0,0.0,0.0,0.0,0.0,0.0,0.0,0.0,0.0
0.0,0.0,0.0,0.0,0.0,0.0,0.0,0.0,0.0
0.0,0.0,0.0,0.0,0.0,0.0,0.0,0.0,0.0
0.0,0.0,0.0,0.0,0.0,0.0,0.0,0.0,0.0
0.0,0.0,0.0,0.0,0.0,0.0,0.0,0.0,0.0
0.0,0.0,0.0,0.0,0.0,0.0,0.0,0.0,0.0
0.0,0.0,0.0,0.0,0.0,0.0,0.0,0.0,0.0
0.0,0.0,0.0,0.0,0.0,0.0,0.0,0.0,0.0
3.0,0.0,3.0,26.017,0.0,26.017,26.017,0.0,26.017
0.0,0.0,0.0,0.0,0.0,0.0,0.0,0.0,0.0
0.0,0.0,0.0,0.0,0.0,0.0,0.0,0.0,0.0
0.0,0.0,0.0,0.0,0.0,0.0,0.0,0.0,0.0
0.0,0.0,0.0,0.0,0.0,0.0,0.0,0.0,0.0
0.0,0.0,0.0,0.0,0.0,0.0,0.0,0.0,0.0
0.0,0.0,0.0,0.0,0.0,0.0,0.0,0.0,0.0
0.0,0.0,0.0,0.0,0.0,0.0,0.0,0.0,0.0
1.0,0.0,1.0,10.189,0.0,10.189,10.189,0.0,10.189
0.0,0.0,0.0,0.0,0.0,0.0,0.0,0.0,0.0
0.0,0.0,0.0,0.0,0.0,0.0,0.0,0.0,0.0
0.0,0.0,0.0,0.0,0.0,0.0,0.0,0.0,0.0
0.0,0.0,0.0,0.0,0.0,0.0,0.0,0.0,0.0
0.0,0.0,0.0,0.0,0.0,0.0,0.0,0.0,0.0
0.0,0.0,0.0,0.0,0.0,0.0,0.0,0.0,0.0
0.0,0.0,0.0,0.0,0.0,0.0,0.0,0.0,0.0
0.0,0.0,0.0,0.0,0.0,0.0,0.0,0.0,0.0
0.0,0.0,0.0,0.0,0.0,0.0,0.0,0.0,0.0
0.0,0.0,0.0,0.0,0.0,0.0,0.0,0.0,0.0
0.0,0.0,0.0,0.0,0.0,0.0,0.0,0.0,0.0
0.0,0.0,0.0,0.0,0.0,0.0,0.0,0.0,0.0
0.0,0.0,0.0,0.0,0.0,0.0,0.0,0.0,0.0
0.0,0.0,0.0,0.0,0.0,0.0,0.0,0.0,0.0
0.0,0.0,0.0,0.0,0.0,0.0,0.0,0.0,0.0
0.0,0.0,0.0,0.0,0.0,0.0,0.0,0.0,0.0
0.0,0.0,0.0,0.0,0.0,0.0,0.0,0.0,0.0
0.0,0.0,0.0,0.0,0.0,0.0,0.0,0.0,0.0
0.0,0.0,0.0,0.0,0.0,0.0,0.0,0.0,0.0
0.0,0.0,0.0,0.0,0.0,0.0,0.0,0.0,0.0
0.0,0.0,0.0,0.0,0.0,0.0,0.0,0.0,0.0
0.0,0.0,0.0,0.0,0.0,0.0,0.0,0.0,0.0
0.0,0.0,0.0,0.0,0.0,0.0,0.0,0.0,0.0
0.0,0.0,0.0,0.0,0.0,0.0,0.0,0.0,0.0
1.0,1.0,2.0,-7.108,15.048,7.94,7.108,15.048,22.156
0.0,0.0,0.0,0.0,0.0,0.0,0.0,0.0,0.0
0.0,0.0,0.0,0.0,0.0,0.0,0.0,0.0,0.0
0.0,0.0,0.0,0.0,0.0,0.0,0.0,0.0,0.0
0.0,0.0,0.0,0.0,0.0,0.0,0.0,0.0,0.0
0.0,0.0,0.0,0.0,0.0,0.0,0.0,0.0,0.0
0.0,0.0,0.0,0.0,0.0,0.0,0.0,0.0,0.0
0.0,0.0,0.0,0.0,0.0,0.0,0.0,0.0,0.0
0.0,0.0,0.0,0.0,0.0,0.0,0.0,0.0,0.0
0.0,0.0,0.0,0.0,0.0,0.0,0.0,0.0,0.0
0.0,0.0,0.0,0.0,0.0,0.0,0.0,0.0,0.0
0.0,0.0,0.0,0.0,0.0,0.0,0.0,0.0,0.0
0.0,0.0,0.0,0.0,0.0,0.0,0.0,0.0,0.0
0.0,0.0,0.0,0.0,0.0,0.0,0.0,0.0,0.0
0.0,0.0,0.0,0.0,0.0,0.0,0.0,0.0,0.0
0.0,0.0,0.0,0.0,0.0,0.0,0.0,0.0,0.0
0.0,0.0,0.0,0.0,0.0,0.0,0.0,0.0,0.0
0.0,0.0,0.0,0.0,0.0,0.0,0.0,0.0,0.0
0.0,0.0,0.0,0.0,0.0,0.0,0.0,0.0,0.0
0.0,0.0,0.0,0.0,0.0,0.0,0.0,0.0,0.0
0.0,0.0,0.0,0.0,0.0,0.0,0.0,0.0,0.0
0.0,0.0,0.0,0.0,0.0,0.0,0.0,0.0,0.0
0.0,0.0,0.0,0.0,0.0,0.0,0.0,0.0,0.0
0.0,0.0,0.0,0.0,0.0,0.0,0.0,0.0,0.0
0.0,0.0,0.0,0.0,0.0,0.0,0.0,0.0,0.0
0.0,0.0,0.0,0.0,0.0,0.0,0.0,0.0,0.0
0.0,0.0,0.0,0.0,0.0,0.0,0.0,0.0,0.0
0.0,0.0,0.0,0.0,0.0,0.0,0.0,0.0,0.0
0.0,0.0,0.0,0.0,0.0,0.0,0.0,0.0,0.0
0.0,0.0,0.0,0.0,0.0,0.0,0.0,0.0,0.0
0.0,0.0,0.0,0.0,0.0,0.0,0.0,0.0,0.0
0.0,0.0,0.0,0.0,0.0,0.0,0.0,0.0,0.0
0.0,0.0,0.0,0.0,0.0,0.0,0.0,0.0,0.0
0.0,0.0,0.0,0.0,0.0,0.0,0.0,0.0,0.0
0.0,0.0,0.0,0.0,0.0,0.0,0.0,0.0,0.0
0.0,0.0,0.0,0.0,0.0,0.0,0.0,0.0,0.0
0.0,0.0,0.0,0.0,0.0,0.0,0.0,0.0,0.0
0.0,0.0,0.0,0.0,0.0,0.0,0.0,0.0,0.0
0.0,0.0,0.0,0.0,0.0,0.0,0.0,0.0,0.0
0.0,0.0,0.0,0.0,0.0,0.0,0.0,0.0,0.0
0.0,0.0,0.0,0.0,0.0,0.0,0.0,0.0,0.0
0.0,0.0,0.0,0.0,0.0,0.0,0.0,0.0,0.0
0.0,0.0,0.0,0.0,0.0,0.0,0.0,0.0,0.0
0.0,0.0,0.0,0.0,0.0,0.0,0.0,0.0,0.0
0.0,0.0,0.0,0.0,0.0,0.0,0.0,0.0,0.0
0.0,0.0,0.0,0.0,0.0,0.0,0.0,0.0,0.0
0.0,0.0,0.0,0.0,0.0,0.0,0.0,0.0,0.0
0.0,0.0,0.0,0.0,0.0,0.0,0.0,0.0,0.0
0.0,0.0,0.0,0.0,0.0,0.0,0.0,0.0,0.0
0.0,0.0,0.0,0.0,0.0,0.0,0.0,0.0,0.0
0.0,0.0,0.0,0.0,0.0,0.0,0.0,0.0,0.0
0.0,0.0,0.0,0.0,0.0,0.0,0.0,0.0,0.0
0.0,0.0,0.0,0.0,0.0,0.0,0.0,0.0,0.0
0.0,0.0,0.0,0.0,0.0,0.0,0.0,0.0,0.0
0.0,0.0,0.0,0.0,0.0,0.0,0.0,0.0,0.0
0.0,0.0,0.0,0.0,0.0,0.0,0.0,0.0,0.0
3.0,0.0,3.0,-27.004,0.0,-27.004,27.004,0.0,27.004
0.0,0.0,0.0,0.0,0.0,0.0,0.0,0.0,0.0
0.0,0.0,0.0,0.0,0.0,0.0,0.0,0.0,0.0
0.0,0.0,0.0,0.0,0.0,0.0,0.0,0.0,0.0
0.0,0.0,0.0,0.0,0.0,0.0,0.0,0.0,0.0
0.0,0.0,0.0,0.0,0.0,0.0,0.0,0.0,0.0
0.0,0.0,0.0,0.0,0.0,0.0,0.0,0.0,0.0
0.0,0.0,0.0,0.0,0.0,0.0,0.0,0.0,0.0
0.0,0.0,0.0,0.0,0.0,0.0,0.0,0.0,0.0
0.0,0.0,0.0,0.0,0.0,0.0,0.0,0.0,0.0
0.0,0.0,0.0,0.0,0.0,0.0,0.0,0.0,0.0
0.0,0.0,0.0,0.0,0.0,0.0,0.0,0.0,0.0
0.0,0.0,0.0,0.0,0.0,0.0,0.0,0.0,0.0
0.0,0.0,0.0,0.0,0.0,0.0,0.0,0.0,0.0
0.0,0.0,0.0,0.0,0.0,0.0,0.0,0.0,0.0
0.0,0.0,0.0,0.0,0.0,0.0,0.0,0.0,0.0
0.0,0.0,0.0,0.0,0.0,0.0,0.0,0.0,0.0
0.0,0.0,0.0,0.0,0.0,0.0,0.0,0.0,0.0
0.0,0.0,0.0,0.0,0.0,0.0,0.0,0.0,0.0
0.0,0.0,0.0,0.0,0.0,0.0,0.0,0.0,0.0
0.0,0.0,0.0,0.0,0.0,0.0,0.0,0.0,0.0
0.0,0.0,0.0,0.0,0.0,0.0,0.0,0.0,0.0
0.0,0.0,0.0,0.0,0.0,0.0,0.0,0.0,0.0
0.0,0.0,0.0,0.0,0.0,0.0,0.0,0.0,0.0
0.0,0.0,0.0,0.0,0.0,0.0,0.0,0.0,0.0
0.0,0.0,0.0,0.0,0.0,0.0,0.0,0.0,0.0
0.0,0.0,0.0,0.0,0.0,0.0,0.0,0.0,0.0
0.0,0.0,0.0,0.0,0.0,0.0,0.0,0.0,0.0
0.0,0.0,0.0,0.0,0.0,0.0,0.0,0.0,0.0
0.0,0.0,0.0,0.0,0.0,0.0,0.0,0.0,0.0
0.0,0.0,0.0,0.0,0.0,0.0,0.0,0.0,0.0
0.0,0.0,0.0,0.0,0.0,0.0,0.0,0.0,0.0
0.0,0.0,0.0,0.0,0.0,0.0,0.0,0.0,0.0
0.0,0.0,0.0,0.0,0.0,0.0,0.0,0.0,0.0
0.0,0.0,0.0,0.0,0.0,0.0,0.0,0.0,0.0
0.0,0.0,0.0,0.0,0.0,0.0,0.0,0.0,0.0
0.0,0.0,0.0,0.0,0.0,0.0,0.0,0.0,0.0
0.0,0.0,0.0,0.0,0.0,0.0,0.0,0.0,0.0
0.0,0.0,0.0,0.0,0.0,0.0,0.0,0.0,0.0
0.0,0.0,0.0,0.0,0.0,0.0,0.0,0.0,0.0
0.0,0.0,0.0,0.0,0.0,0.0,0.0,0.0,0.0
0.0,0.0,0.0,0.0,0.0,0.0,0.0,0.0,0.0
0.0,0.0,0.0,0.0,0.0,0.0,0.0,0.0,0.0
0.0,0.0,0.0,0.0,0.0,0.0,0.0,0.0,0.0
0.0,0.0,0.0,0.0,0.0,0.0,0.0,0.0,0.0
0.0,0.0,0.0,0.0,0.0,0.0,0.0,0.0,0.0
0.0,0.0,0.0,0.0,0.0,0.0,0.0,0.0,0.0
0.0,0.0,0.0,0.0,0.0,0.0,0.0,0.0,0.0
0.0,0.0,0.0,0.0,0.0,0.0,0.0,0.0,0.0
0.0,0.0,0.0,0.0,0.0,0.0,0.0,0.0,0.0
0.0,0.0,0.0,0.0,0.0,0.0,0.0,0.0,0.0
0.0,0.0,0.0,0.0,0.0,0.0,0.0,0.0,0.0
0.0,0.0,0.0,0.0,0.0,0.0,0.0,0.0,0.0
0.0,0.0,0.0,0.0,0.0,0.0,0.0,0.0,0.0
0.0,0.0,0.0,0.0,0.0,0.0,0.0,0.0,0.0
0.0,0.0,0.0,0.0,0.0,0.0,0.0,0.0,0.0
0.0,0.0,0.0,0.0,0.0,0.0,0.0,0.0,0.0
0.0,0.0,0.0,0.0,0.0,0.0,0.0,0.0,0.0
0.0,0.0,0.0,0.0,0.0,0.0,0.0,0.0,0.0
0.0,0.0,0.0,0.0,0.0,0.0,0.0,0.0,0.0
0.0,0.0,0.0,0.0,0.0,0.0,0.0,0.0,0.0
0.0,0.0,0.0,0.0,0.0,0.0,0.0,0.0,0.0
0.0,0.0,0.0,0.0,0.0,0.0,0.0,0.0,0.0
0.0,0.0,0.0,0.0,0.0,0.0,0.0,0.0,0.0
0.0,0.0,0.0,0.0,0.0,0.0,0.0,0.0,0.0
0.0,0.0,0.0,0.0,0.0,0.0,0.0,0.0,0.0
0.0,0.0,0.0,0.0,0.0,0.0,0.0,0.0,0.0
0.0,0.0,0.0,0.0,0.0,0.0,0.0,0.0,0.0
0.0,0.0,0.0,0.0,0.0,0.0,0.0,0.0,0.0
0.0,0.0,0.0,0.0,0.0,0.0,0.0,0.0,0.0
0.0,0.0,0.0,0.0,0.0,0.0,0.0,0.0,0.0
0.0,0.0,0.0,0.0,0.0,0.0,0.0,0.0,0.0
0.0,0.0,0.0,0.0,0.0,0.0,0.0,0.0,0.0
0.0,0.0,0.0,0.0,0.0,0.0,0.0,0.0,0.0
0.0,0.0,0.0,0.0,0.0,0.0,0.0,0.0,0.0
0.0,0.0,0.0,0.0,0.0,0.0,0.0,0.0,0.0
0.0,0.0,0.0,0.0,0.0,0.0,0.0,0.0,0.0
0.0,0.0,0.0,0.0,0.0,0.0,0.0,0.0,0.0
0.0,0.0,0.0,0.0,0.0,0.0,0.0,0.0,0.0
0.0,0.0,0.0,0.0,0.0,0.0,0.0,0.0,0.0
0.0,0.0,0.0,0.0,0.0,0.0,0.0,0.0,0.0
0.0,0.0,0.0,0.0,0.0,0.0,0.0,0.0,0.0
0.0,0.0,0.0,0.0,0.0,0.0,0.0,0.0,0.0
0.0,0.0,0.0,0.0,0.0,0.0,0.0,0.0,0.0
0.0,0.0,0.0,0.0,0.0,0.0,0.0,0.0,0.0
0.0,0.0,0.0,0.0,0.0,0.0,0.0,0.0,0.0
0.0,0.0,0.0,0.0,0.0,0.0,0.0,0.0,0.0
0.0,0.0,0.0,0.0,0.0,0.0,0.0,0.0,0.0
